INCIDENT_ID,SUBSCRIPTION_ID,WORKFLOW_NAME,ERROR_CODE,ERROR_MESSAGE,ERROR_CATEGORY,STATUS,RCA_ROOT_CAUSE,FIX_STRATEGY,CREATED_AT,UPDATED_AT,AUTO_FIX_ATTEMPTED,AUTO_FIX_SUCCESS,RETRY_COUNT,RUN_ID,RESOURCE_ID,EVENT_TIME,INGESTED_AT,ERROR_TYPE,AI_DIAGNOSIS,AI_PROPOSED_FIX,AI_CONFIDENCE,AI_FIX_PATCH,FIELD_CHANGES,HISTORY_ENTRIES,PROPERTIES_JSON,ARTIFACT_JSON,ERROR_DETAILS_JSON,MESSAGE_GUID,IFLOW_ID,SENDER,RECEIVER,ROOT_CAUSE,PROPOSED_FIX,RCA_CONFIDENCE,AFFECTED_COMPONENT,FIX_SUMMARY,COMMENT,CORRELATION_ID,LOG_START,LOG_END,RESOLVED_AT,TAGS,INCIDENT_GROUP_KEY,OCCURRENCE_COUNT,LAST_SEEN,VERIFICATION_STATUS,SOURCE_TYPE,FIX_STEPS,FIX_PLAN_GENERATED_AT,LAST_FAILED_STAGE,IFLOW_SNAPSHOT_BEFORE,PENDING_SINCE,TICKET_ID,CONSECUTIVE_FAILURES,AUTO_ESCALATED,INTEGRATION_FLOW_NAME,ARTIFACT_ID,designtime_artifact_id,property_to_change,current_value,correct_value,rca_fixes_json,DESIGNTIME_ARTIFACT_ID,PROPERTY_TO_CHANGE,CURRENT_VALUE,CORRECT_VALUE,RCA_FIXES_JSON,RESOURCE_GROUP,ITSM_TICKET_ID,ITSM_TICKET_NUMBER,ITSM_TICKET_STATE,ITSM_TICKET_URL
ORBLOGICAPPS-20260609-000008,f97c1b32-c56e-4616-bd76-0e1073a2c8c7,runtime-flow,InvalidTemplate,Unable to process template language expressions in action 'Parse_JSON' inputs at line '0' and column '0': 'Required property 'content' expects a value but got null. Path ''.'.,NULL_REFERENCE_ERROR,DETECTED,,,2026-06-09 16:51:06.564237,2026-06-09 16:59:35.884162,False,False,0,08584206029974285075353848342CU08,/subscriptions/f97c1b32-c56e-4616-bd76-0e1073a2c8c7/resourcegroups/logic_app_auto-rg/providers/microsoft.logic/workflows/runtime-flow/runs/08584206029974285075353848342cu08/actions/parse_json,2026-06-09 11:18:08.351427,2026-06-09 11:21:01.302792,null_reference_error,,,,,,"[{""step"": ""Detected"", ""description"": ""CPI error detected and incident created."", ""status"": ""completed"", ""timestamp"": ""2026-06-09T11:29:31.416312+00:00""}]",,"{""name"": ""runtime-flow"", ""artifact_id"": ""/subscriptions/f97c1b32-c56e-4616-bd76-0e1073a2c8c7/resourceGroups/Logic_app_auto-rg/providers/Microsoft.Logic/workflows/runtime-flow"", ""version"": ""08584206252871915869"", ""package"": ""default"", ""deployed_on"": ""2026-06-05T09:58:57.4183701Z"", ""deployed_by"": ""unknown"", ""runtime_node"": ""southindia"", ""status"": ""Succeeded""}",,,,,,,,,,,,,,,,,,1,,,,,,,,,,0,0,,,,,,,,,,,,,logic_app_auto-rg,,,,
ORBLOGICAPPS-20260609-000006,f97c1b32-c56e-4616-bd76-0e1073a2c8c7,gdrive-logic-app,unknown,,UNKNOWN_ERROR,AUTO_FIXED,Run-after dependencies not met,,2026-06-09 15:31:44.393569,2026-06-09 15:50:03.574227,True,True,0,08584206077222586782119020377CU04,/subscriptions/f97c1b32-c56e-4616-bd76-0e1073a2c8c7/resourcegroups/logic_app_auto-rg/providers/microsoft.logic/workflows/gdrive-logic-app/runs/08584206077222586782119020377cu04/actions/condition,2026-06-09 09:59:24.254211,2026-06-09 10:01:40.264823,unknown_error,"The ""unknown"" run failure is likely occurring before a connector surfaces a structured error. Two common root causes apply here: (1) the Google Drive OAuth connection is expired/unauthorized or throttled, and/or (2) the Logic App’s managed identity is misconfigured in the deployment template, causing the runtime or connections to fail early without a clear error. If your ARM/Bicep sets an identity block incorrectly (for example, type is set to SystemAssigned/UserAssigned without proper configuration, or a user-assigned identity is referenced without the required userAssignedIdentities map), the host, storage access, Key Vault lookups, or connections may fail and only show ""unknown"". The relevant guidance is to explicitly set the identity object's type to ""None"" when you don't need a managed identity, or correctly declare and reference a user-assigned identity’s resource ID via a variable when you do. Misalignment between the Logic App’s identity and the connection authentication (e.g., attempting MI for a non-Azure connector like Google Drive) can also trigger opaque failures.","- Identify the failing step:
  1) Azure Portal > Logic Apps > gdrive-logic-app > Runs history. Open the latest failed run and expand the first red action to check Inputs/Outputs for hidden error text; copy clientRequestId/trackingId.
- Fix identity configuration in your template/portal:
  2) If you do NOT use Managed Identity: set the resource's identity to None and redeploy.
     • ARM snippet example: ""identity"": { ""type"": ""None"" }
  3) If you DO use a User-Assigned Identity (UAI):
     • Define a variable that references the UAI resource ID in your template’s variables section (e.g., varUserAssignedIdentityId = ""/subscriptions/.../resourceGroups/.../providers/Microsoft.ManagedIdentity/userAssignedIdentities/<name>"").
     • Set: ""identity"": { ""type"": ""UserAssigned"", ""userAssignedIdentities"": { ""[variables('varUserAssignedIdentityId')]"": {} } }
     • Ensure the UAI has required RBAC (e.g., Storage Blob Data Contributor on the workflow storage for Standard, and Key Vault Secrets User/Reader if secrets are pulled from Key Vault).
     • For Logic Apps Standard, if using MI for storage, configure app settings accordingly (e.g., AzureWebJobsStorage via managed identity) and verify the identity can access the storage account.
  4) Ensure connections for non-Azure services (Google Drive) are NOT set to use Managed Identity. They must use OAuth. If any connection or parameterization attempts MI for Google, switch to OAuth.
- Reauthorize or recreate the Google Drive connection:
  5) Portal > (Consumption) API connections or (Standard) Connections > Google Drive connection. If status shows Needs attention/Unauthorized, Edit/Reauthorize and sign in; Save. If healthy but failures persist, create a new Google Drive connection and update actions to use it.
- Enable diagnostics to capture the true error:
  6) Logic App > Diagnostic settings: send logs to Log Analytics/App Insights; set Workflow runtime tracing to Information/Verbose; rerun. For Standard, also check App Service Log Stream/Kudu.
- Harden against transient/throttling issues:
  7) On Google Drive actions, set Retry policy to Exponential (e.g., up to 4 retries, min interval ~5s). Limit concurrency (1–2) and add small delays when processing many files to avoid Google rate limits. Increase action timeouts for large files if needed.
- Network and environment checks:
  8) If the Logic App is in a VNET or behind firewalls, allow outbound access to Azure managed connector endpoints and Google APIs (e.g., www.googleapis.com). Check Azure Service Health for incidents.
- Validate:
  9) Redeploy with corrected identity (None or properly configured UAI), reauthorize the Google Drive connection, then manually rerun the workflow. Confirm a specific error code/message appears or that the run succeeds. Retain the new connection and retry settings if resolved; otherwise share the failing action's Inputs/Outputs and trackingId for deeper analysis.",0.34,"{""summary"": ""Fix for UNKNOWN_ERROR"", ""steps"": [{""step_number"": 1, ""title"": ""Review and adjust"", ""description"": ""Manual review required because automated fix generation failed."", ""sub_steps"": [""Inspect action inputs"", ""Validate payload"", ""Check API contract""], ""note"": ""No automated patch generated""}]}",,"[{""step"": ""Detected"", ""description"": ""CPI error detected and incident created."", ""status"": ""completed"", ""timestamp"": ""2026-06-09T10:18:15.667594+00:00""}]",,"{""name"": ""gdrive-logic-app"", ""artifact_id"": ""/subscriptions/f97c1b32-c56e-4616-bd76-0e1073a2c8c7/resourceGroups/Logic_app_auto-rg/providers/Microsoft.Logic/workflows/gdrive-logic-app"", ""version"": ""08584206077542706910"", ""package"": ""default"", ""deployed_on"": ""2026-06-04T09:21:51.1737617Z"", ""deployed_by"": ""unknown"", ""runtime_node"": ""southindia"", ""status"": ""Succeeded""}",,,,,,,,,,,,,,,,,,1,,,,,,,,,,0,0,,,,,,,,,,,,,logic_app_auto-rg,,,,
ORBLOGICAPPS-20260609-000005,f97c1b32-c56e-4616-bd76-0e1073a2c8c7,gdrive-logic-app,InvalidTemplate,Unable to process template language expressions for action 'Condition' at line '0' and column '0': 'The template language function 'endsWith' expects its first parameter to be of type string. The provided value is of type 'Null'. Please see https://aka.ms/logicexpressions#endswith for usage details.'.,NULL_REFERENCE_ERROR,DETECTED,,,2026-06-09 15:31:29.366472,2026-06-09 15:49:31.321607,False,False,0,08584206077481155741103806224CU17,/subscriptions/f97c1b32-c56e-4616-bd76-0e1073a2c8c7/resourcegroups/logic_app_auto-rg/providers/microsoft.logic/workflows/gdrive-logic-app/runs/08584206077481155741103806224cu17/actions/condition,2026-06-09 09:58:58.306477,2026-06-09 10:01:25.433605,null_reference_error,,,,,,"[{""step"": ""Detected"", ""description"": ""CPI error detected and incident created."", ""status"": ""completed"", ""timestamp"": ""2026-06-09T10:19:28.093930+00:00""}]",,"{""name"": ""gdrive-logic-app"", ""artifact_id"": ""/subscriptions/f97c1b32-c56e-4616-bd76-0e1073a2c8c7/resourceGroups/Logic_app_auto-rg/providers/Microsoft.Logic/workflows/gdrive-logic-app"", ""version"": ""08584206077542706910"", ""package"": ""default"", ""deployed_on"": ""2026-06-04T09:21:51.1737617Z"", ""deployed_by"": ""unknown"", ""runtime_node"": ""southindia"", ""status"": ""Succeeded""}",,,,,,,,,,,,,,,,,,1,,,,,,,,,,0,0,,,,,,,,,,,,,logic_app_auto-rg,,,,
ORBLOGICAPPS-20260609-000004,f97c1b32-c56e-4616-bd76-0e1073a2c8c7,gdrive-logic-app,unknown,,UNKNOWN_ERROR,AUTO_FIXED,No successful predecessor actions,,2026-06-09 15:13:02.674815,2026-06-09 15:28:58.464461,True,True,0,08584206093198157075649490832CU29,/subscriptions/f97c1b32-c56e-4616-bd76-0e1073a2c8c7/resourcegroups/logic_app_auto-rg/providers/microsoft.logic/workflows/gdrive-logic-app/runs/08584206093198157075649490832cu29/actions/condition,2026-06-09 09:32:47.074458,2026-06-09 09:42:57.839047,unknown_error,"The failure is surfacing as Unknown because the workflow or its connection cannot acquire credentials, and the runtime is swallowing the upstream error. In addition to common Google Drive causes (expired OAuth token, missing Drive permissions, disabled API/quotas, transient outage), the deployment shows a misconfigured managed identity: the Logic App/app resource has identity.type set to ""None"" in the template, or a user-assigned identity (UAI) was intended but the template omitted the userAssignedIdentities mapping or referenced a bad resourceId variable. If your Google Drive connection, Key Vault references (for client secrets), storage/state, or network access depend on a managed identity, setting identity.type to ""None"" or misreferencing the UAI causes token acquisition to fail, leading the connector/runtime to return a generic Unknown error. Clues include: Raw Outputs show empty/non-JSON body with 401/403; App Service/Workflow logs show ""ManagedIdentityCredential authentication unavailable"" or no managed identity endpoint; the portal shows no identity on the app.","1) Correct the managed identity configuration in your deployment:
- If you need a managed identity, do NOT set identity.type to ""None"". Use either:
  - System-assigned MI: ""identity"": { ""type"": ""SystemAssigned"" }
  - User-assigned MI: ""identity"": { ""type"": ""UserAssigned"", ""userAssignedIdentities"": { ""[variables('uaiResourceId')]"": {} } }
- Ensure variables define the UAI resource ID, for example: variables.uaiResourceId = ""[resourceId('Microsoft.ManagedIdentity/userAssignedIdentities','<your-uai-name>')]"".
- Apply the identity block on the correct resource type:
  - Logic App Consumption: Microsoft.Logic/workflows.
  - Logic App Standard: the underlying Microsoft.Web/sites (Function App) hosting the workflow.
- Redeploy and confirm in the portal that the identity (system or user-assigned) is present and marked On.

2) Grant the identity required permissions:
- If Key Vault references are used for secrets (e.g., Google client secret), assign the MI access:
  - RBAC vaults: role ""Key Vault Secrets User"" (or appropriate) on the vault scope.
  - Access policy vaults: enable Get and List for secrets.
- Assign any other required roles (e.g., Storage Blob Data Contributor if storage/state is MI-protected).

3) Repair connection and secret resolution:
- Open the Google Drive API connection resource in the portal, select Edit, and re-save/reauthorize so it can resolve secrets successfully.
- If the connection relies on Key Vault references, verify the secret URIs resolve (no yellow warning on Application settings/Connection parameters) and that the MI principal ID matches what has access.

4) Validate Google Drive specifics:
- Ensure the connection status is Connected; if using user credentials, re-sign in; if using a service account, rotate/update keys as needed.
- Confirm the account has access to the target file/folder/Shared Drive and enable ""Include items from all drives""/shared drive options in actions where applicable.
- Verify the Google Drive API is enabled in the GCP project and quotas aren’t exceeded.

5) Diagnose and add resiliency:
- Runs history -> failed run -> expand first failed action -> Raw outputs. Capture statusCode/headers and x-ms-client-request-id. Look for 401/403/404/429.
- Check App Service/Workflow logs for managed identity errors (e.g., ""ManagedIdentityCredential authentication unavailable"").
- Add retry policies to Google Drive actions and wrap in a Scope with a failure path that logs error content to Log Analytics/App Insights.

6) Refresh and retest:
- Edit and re-save the workflow to refresh metadata; if the trigger fails, delete/re-add it.
- Resubmit a failed run to confirm the fix.
- If errors remain opaque, temporarily replace the connector call with an HTTP action to Google Drive REST to surface detailed error bodies.

Note: Only set identity.type to ""None"" if you intentionally want no managed identity. Otherwise, ensure UserAssigned/SystemAssigned is configured correctly and the UAI resourceId variable in the template points to the actual identity.",0.38,"{""summary"": ""Fix for UNKNOWN_ERROR"", ""steps"": [{""step_number"": 1, ""title"": ""Review and adjust"", ""description"": ""Manual review required because automated fix generation failed."", ""sub_steps"": [""Inspect action inputs"", ""Validate payload"", ""Check API contract""], ""note"": ""No automated patch generated""}]}",,"[{""step"": ""Detected"", ""description"": ""CPI error detected and incident created."", ""status"": ""completed"", ""timestamp"": ""2026-06-09T09:52:59.814484+00:00""}]",,"{""name"": ""gdrive-logic-app"", ""artifact_id"": ""/subscriptions/f97c1b32-c56e-4616-bd76-0e1073a2c8c7/resourceGroups/Logic_app_auto-rg/providers/Microsoft.Logic/workflows/gdrive-logic-app"", ""version"": ""08584206865571273545"", ""package"": ""default"", ""deployed_on"": ""2026-06-04T09:21:51.1737617Z"", ""deployed_by"": ""unknown"", ""runtime_node"": ""southindia"", ""status"": ""Succeeded""}",,,,,,,,,,,,,,,,,,1,,,,,,,,,,0,0,,,,,,,,,,,,,logic_app_auto-rg,,,,
ORBLOGICAPPS-20260609-000003,f97c1b32-c56e-4616-bd76-0e1073a2c8c7,runtime-flow,ActionFailed,An action failed. No dependent actions succeeded.,ACTION_FAILED,DETECTED,,,2026-06-09 15:12:46.903995,2026-06-09 15:22:48.406291,False,False,0,08584206093291078042610443763CU04,/subscriptions/f97c1b32-c56e-4616-bd76-0e1073a2c8c7/resourcegroups/logic_app_auto-rg/providers/microsoft.logic/workflows/runtime-flow/runs/08584206093291078042610443763cu04,2026-06-09 09:32:36.974215,2026-06-09 09:42:42.129801,action_failed,,,,,,"[{""step"": ""Detected"", ""description"": ""CPI error detected and incident created."", ""status"": ""completed"", ""timestamp"": ""2026-06-09T09:52:44.914492+00:00""}]",,"{""name"": ""runtime-flow"", ""artifact_id"": ""/subscriptions/f97c1b32-c56e-4616-bd76-0e1073a2c8c7/resourceGroups/Logic_app_auto-rg/providers/Microsoft.Logic/workflows/runtime-flow"", ""version"": ""08584206252871915869"", ""package"": ""default"", ""deployed_on"": ""2026-06-05T09:58:57.4183701Z"", ""deployed_by"": ""unknown"", ""runtime_node"": ""southindia"", ""status"": ""Succeeded""}",,,,,,,,,,,,,,,,,,1,,,,,,,,,,0,0,,,,,,,,,,,,,logic_app_auto-rg,,,,
ORBLOGICAPPS-20260609-000002,f97c1b32-c56e-4616-bd76-0e1073a2c8c7,runtime-flow,InvalidTemplate,Unable to process template language expressions in action 'Parse_JSON' inputs at line '0' and column '0': 'Required property 'content' expects a value but got null. Path ''.'.,NULL_REFERENCE_ERROR,DETECTED,,,2026-06-09 15:12:31.240292,2026-06-09 15:22:33.390227,False,False,0,08584206093341539887843202829CU01,/subscriptions/f97c1b32-c56e-4616-bd76-0e1073a2c8c7/resourcegroups/logic_app_auto-rg/providers/microsoft.logic/workflows/runtime-flow/runs/08584206093341539887843202829cu01/actions/parse_json,2026-06-09 09:32:32.650305,2026-06-09 09:42:25.973524,null_reference_error,,,,,,"[{""step"": ""Detected"", ""description"": ""CPI error detected and incident created."", ""status"": ""completed"", ""timestamp"": ""2026-06-09T09:52:29.894057+00:00""}]",,"{""name"": ""runtime-flow"", ""artifact_id"": ""/subscriptions/f97c1b32-c56e-4616-bd76-0e1073a2c8c7/resourceGroups/Logic_app_auto-rg/providers/Microsoft.Logic/workflows/runtime-flow"", ""version"": ""08584206252871915869"", ""package"": ""default"", ""deployed_on"": ""2026-06-05T09:58:57.4183701Z"", ""deployed_by"": ""unknown"", ""runtime_node"": ""southindia"", ""status"": ""Succeeded""}",,,,,,,,,,,,,,,,,,1,,,,,,,,,,0,0,,,,,,,,,,,,,logic_app_auto-rg,,,,
ORBLOGICAPPS-20260609-000010,f97c1b32-c56e-4616-bd76-0e1073a2c8c7,runtime-flow,InvalidTemplate,Unable to process template language expressions in action 'Parse_JSON' inputs at line '0' and column '0': 'Required property 'content' expects a value but got null. Path ''.'.,NULL_REFERENCE_ERROR,DETECTED,,,2026-06-09 11:22:40.834996,2026-06-09 16:59:52.963745,False,False,0,08584206028558305311879699910CU04,/subscriptions/f97c1b32-c56e-4616-bd76-0e1073a2c8c7/resourcegroups/logic_app_auto-rg/providers/microsoft.logic/workflows/runtime-flow/runs/08584206028558305311879699910cu04/actions/parse_json,2026-06-09 11:20:30.668436,2026-06-09 11:22:39.907617,null_reference_error,,,,,,"[{""step"": ""Detected"", ""description"": ""CPI error detected and incident created."", ""status"": ""completed"", ""timestamp"": ""2026-06-09T11:29:47.737056+00:00""}]",,"{""name"": ""runtime-flow"", ""artifact_id"": ""/subscriptions/f97c1b32-c56e-4616-bd76-0e1073a2c8c7/resourceGroups/Logic_app_auto-rg/providers/Microsoft.Logic/workflows/runtime-flow"", ""version"": ""08584206252871915869"", ""package"": ""default"", ""deployed_on"": ""2026-06-05T09:58:57.4183701Z"", ""deployed_by"": ""unknown"", ""runtime_node"": ""southindia"", ""status"": ""Succeeded""}",,,,,,,,,,,,,,,,,,1,,,,,,,,,,0,0,,,,,,,,,,,,,logic_app_auto-rg,,,,
ORBLOGICAPPS-20260609-000009,f97c1b32-c56e-4616-bd76-0e1073a2c8c7,gdrive-logic-app,unknown,,UNKNOWN_ERROR,DETECTED,,,2026-06-09 11:22:29.899237,2026-06-09 16:59:19.436285,False,False,0,08584206029060454416552148499CU02,/subscriptions/f97c1b32-c56e-4616-bd76-0e1073a2c8c7/resourcegroups/logic_app_auto-rg/providers/microsoft.logic/workflows/gdrive-logic-app/runs/08584206029060454416552148499cu02/actions/condition,2026-06-09 11:19:40.457382,2026-06-09 11:22:29.041736,unknown_error,,,,,,"[{""step"": ""Detected"", ""description"": ""CPI error detected and incident created."", ""status"": ""completed"", ""timestamp"": ""2026-06-09T11:29:13.371013+00:00""}]",,"{""name"": ""gdrive-logic-app"", ""artifact_id"": ""/subscriptions/f97c1b32-c56e-4616-bd76-0e1073a2c8c7/resourceGroups/Logic_app_auto-rg/providers/Microsoft.Logic/workflows/gdrive-logic-app"", ""version"": ""08584206064881685247"", ""package"": ""default"", ""deployed_on"": ""2026-06-04T09:21:51.1737617Z"", ""deployed_by"": ""unknown"", ""runtime_node"": ""southindia"", ""status"": ""Succeeded""}",,,,,,,,,,,,,,,,,,1,,,,,,,,,,0,0,,,,,,,,,,,,,logic_app_auto-rg,,,,
ORBLOGICAPPS-20260609-000001,f97c1b32-c56e-4616-bd76-0e1073a2c8c7,runtime-flow,unknown,,UNKNOWN_ERROR,FIX_FAILED,,,2026-06-09 11:08:12.694415,2026-06-09 06:14:31.063246,True,False,0,08584206235660081159409176887CU01,/subscriptions/f97c1b32-c56e-4616-bd76-0e1073a2c8c7/resourcegroups/logic_app_auto-rg/providers/microsoft.logic/workflows/runtime-flow/runs/08584206235660081159409176887cu01/actions/parse_json,2026-06-09 05:35:20.269082,2026-06-09 05:38:08.024281,null_reference_error,"Parse JSON is failing because its content input is either null or not a usable JSON payload due to content handling rules in Logic Apps. If the upstream HTTP payload has Content-Type text/plain, Logic Apps stores it as a raw string and does not expose JSON tokens, so Parse JSON receives a string (or null if you referenced a non-existent body token). If you reference body('formdataAction') in a request where the content type is application/json, the runtime treats that body as encoded and throws a runtime error. In short: a mismatch between Content-Type and payload format, or an encoded body from form-data, leaves Parse JSON with a null/string/encoded input rather than a proper JSON object/string.","[""Inspect the run history of the source step referenced by Parse JSON. Verify both Body and Headers. Confirm the actual Content-Type and whether the payload is JSON, text, or base64-encoded."", ""If the payload is JSON, ensure the sender sets Content-Type: application/json. In Parse JSON, set Content to the JSON body directly, for example: @triggerBody() or @outputs('HTTP')?['body']."", ""If the payload arrives as text/plain but contains JSON text, cast it before parsing: set Content to @json(triggerBody()) or @json(outputs('HTTP')?['body'])."", ""If you are using form-data or the body is encoded (you see $content or base64), decode then cast: set Content to @json(base64ToString(body('formdataAction'))) or @json(base64ToString(outputs('YourStep')?['body']?['$content'])). Do not pass the encoded body directly to Parse JSON."", ""If only a single parameter exists in the inputs/body object, reference that property explicitly instead of the whole body when appropriate, e.g., outputs('YourStep')?['body']?['yourParam']."", ""Update the Parse JSON schema to match the actual structure you will parse (including optional properties if the payload can vary)."", ""Guard execution so Parse JSON only runs when content exists: set Run After to Succeeded of the source step and add a condition like if empty(outputs('YourStep')?['body']) is false."", ""Handle upstream 204/202 or no-payload responses by branching and skipping Parse JSON in those paths."", ""When sending content onward, set the appropriate Content-Type header. If you propagate text/plain without conversion, downstream actions will also treat it as text/plain; send an object body or cast to JSON and set Content-Type: application/json.""]",0.78,"{""summary"": ""Unknown error with an empty workflow definition snippet suggests missing or invalid Logic Apps configuration. This plan guides you to quickly triage, restore a valid workflow definition, validate connections and runtime, and safely resume operations."", ""steps"": [{""step_number"": 1, ""title"": ""Stabilize and scope the incident"", ""description"": ""Prevent cascading failures while you gather data and confirm which Logic App and environment are affected."", ""sub_steps"": [""Identify the Logic App: subscription, resource group, name, region, and whether it is Consumption or Standard."", ""If failures are ongoing and causing impact, temporarily disable triggers to stop new runs; note the timestamp."", ""Record the approximate last known good time and when the issue started.""], ""note"": ""Disabling triggers is reversible and does not cancel in-flight runs; use with caution on production workloads.""}, {""step_number"": 2, ""title"": ""Check Azure service health and connector status"", ""description"": ""Rule out platform or regional outages that can surface as unknown errors."", ""sub_steps"": [""Review Azure Service Health for the Logic Apps service and any connectors used (e.g., Office 365, SQL, Storage) in the target region."", ""Check Azure Status for incidents and advisories affecting Logic Apps or App Service (for Standard)."", ""If an incident is active, track it and avoid configuration changes until resolved.""], ""note"": ""Platform incidents often present as generic or unknown errors before detailed telemetry becomes available.""}, {""step_number"": 3, ""title"": ""Collect run, trigger, and correlation diagnostics"", ""description"": ""Gather identifiers and telemetry needed to pinpoint the failure source."", ""sub_steps"": [""In Azure Portal: Logic App -> Runs history -> open the latest failed run -> copy Run Id and Tracking Id (correlation)."", ""Open the Trigger history -> note status, timestamp, and any error details."", ""If using Log Analytics: query AzureDiagnostics for MICROSOFT.LOGIC WorkflowRuntime events near the failure time to retrieve correlationIds."", ""For Logic Apps Standard: review Application Insights (traces, exceptions, requests) filtered by operation_Id or correlationId.""], ""note"": ""Keep a small time window to reduce noise; always align timestamps to UTC when querying logs.""}, {""step_number"": 4, ""title"": ""Review run details and action errors"", ""description"": ""Identify whether the error arises from a specific action, trigger, or engine/runtime."", ""sub_steps"": [""Inspect each action\u2019s Inputs, Outputs, and Error in the failed run."", ""Check for connector-level errors (authentication, throttling, timeouts) versus workflow-level errors (invalid expression, missing parameter)."", ""If resubmission is safe, try Resubmit to see if the error is transient.""], ""note"": ""Transient errors that succeed on resubmit often indicate connector throttling or temporary backend issues.""}, {""step_number"": 5, ""title"": ""Validate and restore the workflow definition"", ""description"": ""The provided snippet is empty ({}). A valid definition is required. Reconstruct or restore the last known good version."", ""sub_steps"": [""Open the Logic App (Consumption): Navigate to Logic App -> Versions; if versions exist, select a known good version and Promote."", ""Open the Logic App (Standard): In the app\u2019s file system/repo, open workflow.json under the workflow folder; ensure it contains a valid definition."", ""For Consumption, ensure a minimal schema: { \""$schema\"", \""contentVersion\"", \""parameters\"", \""triggers\"", \""actions\"", \""outputs\"" }."", ""For Standard, ensure workflow.json includes: { \""kind\"": \""Stateful\"" or \""Stateless\"", \""definition\"": { \""triggers\"", \""actions\"", \""outputs\"" }, and parameters if used }."", ""If no backup exists, recreate using the Designer from a template matching the intended trigger and actions."", ""Validate the definition in the Designer to catch schema or expression errors before saving.""], ""note"": ""Do not save an empty or partial definition in production. Use version history or source control to restore correctness.""}, {""step_number"": 6, ""title"": ""Verify parameters and settings bindings"", ""description"": ""Ensure all parameters referenced in the definition have values at runtime."", ""sub_steps"": [""For Consumption: open Logic App -> Workflow settings -> Parameters; confirm required parameters have values."", ""For Standard: verify local.settings.json/app settings and parameters.json are present and referenced correctly by workflow.json."", ""Confirm secure parameters/secrets are retrieved properly (Key Vault references or secureString) and not null.""], ""note"": ""Missing or null parameters commonly surface as generic errors when expressions evaluate against undefined values.""}, {""step_number"": 7, ""title"": ""Validate connector configuration and auth"", ""description"": ""Authentication or connection reference issues often manifest as unknown errors."", ""sub_steps"": [""For Consumption: Open API connections (resource type Microsoft.Web/connections) referenced by the workflow; reauthenticate if tokens are expired."", ""Ensure each action\u2019s connection reference exists and is linked (Designer -> each connector action -> edit connection -> test)."", ""For Standard: open connections.json and app settings for connection details; verify connectionRuntimeUrl and identities are correct; reauthenticate where needed."", ""If managed identity is used, confirm the identity is enabled and the connector supports MSI for the targeted operation.""], ""note"": ""After reauth, save and run a quick manual test to validate connectivity end-to-end.""}, {""step_number"": 8, ""title"": ""Check identity and RBAC for downstream resources"", ""description"": ""Insufficient permissions can cause non-descriptive failures."", ""sub_steps"": [""If using System/User Assigned Managed Identity, confirm it is assigned to the Logic App (or App Service for Standard)."", ""Grant required roles on target resources (e.g., Storage Blob Data Contributor, SQL DB Contributor, Service Bus Data Sender/Receiver)."", ""Validate with a simple test action (e.g., list containers/queues) using the same identity.""], ""note"": ""Role assignment propagation can take several minutes; retest after propagation completes.""}, {""step_number"": 9, ""title"": ""Verify networking and endpoint reachability"", ""description"": ""Private endpoints, VNET integration, or firewalls may block calls unexpectedly."", ""sub_steps"": [""For Standard with VNET integration: verify DNS resolution and outbound access to connectors and target endpoints."", ""Check Private Endpoint/Firewall rules on downstream services; add the Logic App\u2019s outbound IPs or managed endpoints as needed."", ""Review Access Restrictions on the Logic App (Standard/App Service) to ensure the runtime and management endpoints are not blocked.""], ""note"": ""Network misconfiguration often appears as timeouts or generic errors lacking connector-specific codes.""}, {""step_number"": 10, ""title"": ""Review limits, concurrency, and runtime health"", ""description"": ""Exceeding limits or misconfigured runtime settings can trigger ambiguous failures."", ""sub_steps"": [""Check trigger concurrency, splitOn, and actions\u2019 retry policies for exhaustion or deadlocks."", ""Review run duration and action timeout settings; increase if operations legitimately take longer."", ""For Standard: confirm the Workflow runtime is healthy; consider restarting the app service and checking instance scale."", ""Assess connector and service throttling; add backoff or reduce concurrency where required.""], ""note"": ""Implement incremental retries with jitter; avoid unbounded parallelism on high-latency actions.""}, {""step_number"": 11, ""title"": ""Enable detailed diagnostics and add instrumentation"", ""description"": ""Gather deeper telemetry if the cause remains unclear."", ""sub_steps"": [""For Consumption: enable Diagnostic settings -> send WorkflowRuntime logs to Log Analytics; query for errors around failure time."", ""For Standard: ensure Application Insights is enabled; capture exceptions, dependencies, and logs."", ""Add trackedProperties or custom logging at key actions to surface inputs/decisions (avoid logging secrets).""], ""note"": ""Maintain privacy/security by redacting sensitive data in diagnostic logs.""}, {""step_number"": 12, ""title"": ""Repair, redeploy, and safely re-enable"", ""description"": ""Apply fixes, validate with test runs, and resume normal operations."", ""sub_steps"": [""Restore a valid workflow definition from version history or source control; validate in Designer."", ""Reauthenticate connections and verify parameter values."", ""Run a manual test (or resubmit a failed run) and confirm success paths."", ""Re-enable triggers and monitor for stability for at least one full trigger cycle."", ""If still failing with unknown errors, gather runId, trackingId, region, timestamps, and open a support ticket with attached logs.""], ""note"": ""Keep a rollback plan (previous working version) ready in case the new deployment introduces regressions.""}]}",,"[{""step"": ""Detected"", ""description"": ""CPI error detected and incident created."", ""status"": ""completed"", ""timestamp"": ""2026-06-09T05:38:08.024281+00:00""}]",,"{""name"": ""runtime-flow"", ""artifact_id"": ""/subscriptions/f97c1b32-c56e-4616-bd76-0e1073a2c8c7/resourceGroups/Logic_app_auto-rg/providers/Microsoft.Logic/workflows/runtime-flow"", ""version"": ""08584206252871915869"", ""package"": ""default"", ""deployed_on"": ""2026-06-05T09:58:57.4183701Z"", ""deployed_by"": ""unknown"", ""runtime_node"": ""southindia"", ""status"": ""Succeeded""}",,,,,,,,,,,,,,,,,,1,,,,,,,,,,0,0,,,,,,,,,,,,,logic_app_auto-rg,,,,
ORBLOGICAPPS-20260609-000007,f97c1b32-c56e-4616-bd76-0e1073a2c8c7,gdrive-logic-app,unknown,,UNKNOWN_ERROR,DETECTED,,,2026-06-09 11:03:20.875459,2026-06-09 16:50:49.314217,False,False,0,08584206040827565065034795727CU12,/subscriptions/f97c1b32-c56e-4616-bd76-0e1073a2c8c7/resourcegroups/logic_app_auto-rg/providers/microsoft.logic/workflows/gdrive-logic-app/runs/08584206040827565065034795727cu12/actions/condition,2026-06-09 11:00:04.297376,2026-06-09 11:03:18.957004,unknown_error,,,,,,"[{""step"": ""Detected"", ""description"": ""CPI error detected and incident created."", ""status"": ""completed"", ""timestamp"": ""2026-06-09T11:20:45.444188+00:00""}]",,"{""name"": ""gdrive-logic-app"", ""artifact_id"": ""/subscriptions/f97c1b32-c56e-4616-bd76-0e1073a2c8c7/resourceGroups/Logic_app_auto-rg/providers/Microsoft.Logic/workflows/gdrive-logic-app"", ""version"": ""08584206064881685247"", ""package"": ""default"", ""deployed_on"": ""2026-06-04T09:21:51.1737617Z"", ""deployed_by"": ""unknown"", ""runtime_node"": ""southindia"", ""status"": ""Succeeded""}",,,,,,,,,,,,,,,,,,1,,,,,,,,,,0,0,,,,,,,,,,,,,logic_app_auto-rg,,,,
ORBLOGICAPPS-20260608-000019,f97c1b32-c56e-4616-bd76-0e1073a2c8c7,runtime-flow,InvalidTemplate,Unable to process template language expressions in action 'Parse_JSON' inputs at line '0' and column '0': 'Required property 'content' expects a value but got null. Path ''.'.,bad_request,AUTO_FIXED,Missing content in Parse_JSON input,,2026-06-08 19:06:46.920261,2026-06-09 10:35:35.130081,True,True,0,08584206812419036780729323208CU24,/subscriptions/f97c1b32-c56e-4616-bd76-0e1073a2c8c7/resourcegroups/logic_app_auto-rg/providers/microsoft.logic/workflows/runtime-flow/runs/08584206812419036780729323208cu24/actions/parse_json,2026-06-08 13:34:04.624792,2026-06-08 13:36:42.130754,null_reference_error,"Parse JSON failed because its Content input evaluated to null or to a non-consumable value due to how the upstream payload was delivered and referenced. In addition to truly empty bodies (204/empty, skipped action), two common causes in Logic Apps are: (1) Content-Type mismatch: the upstream step returned JSON text but with Content-Type set to text/plain, so Logic Apps stored it as raw text and the token/expression you used either evaluated to null or wasn’t cast to JSON; (2) Encoded/form-data access: using body('formdataAction') when the request/response used application/json or multipart/form-data results in an encoded payload or no body token for that action, so body('formdataAction') resolves to null at runtime. In all these cases, Parse JSON receives null (or an uncast string) instead of a JSON object/array/string, causing InvalidTemplate for the required Content input.","1) Verify what you’re parsing: In the failed run, open Parse JSON > Inputs and confirm Content is null. Then open the upstream action/trigger, check its Body and Headers, especially Content-Type.
2) Fix Content-Type/casting before Parse JSON:
   - If the upstream Content-Type is application/json: set Content to body('UpstreamAction') or triggerBody(). Do not use body('formdataAction') for JSON payloads.
   - If the upstream Content-Type is text/plain but the text contains JSON: cast it before parsing: Content = json(string(body('UpstreamAction'))) or json(triggerBody()). This converts raw text to JSON.
   - If the payload is multipart/form-data or application/x-www-form-urlencoded: don’t use body('formdataAction'). Instead, read the specific field: Content = json(triggerFormDataValue('fieldName')) (or actions('UpstreamAction').outputs.formData.fieldName in Standard). Only parse the field if it actually contains JSON.
   - If the upstream value is base64/encoded: decode first, then cast to JSON: Content = json(base64ToString(body('UpstreamAction'))).
3) Ensure schema matches the actual shape you pass:
   - Object payloads: schema type object; Content should evaluate to an object (e.g., body('UpstreamAction') or json(triggerBody())).
   - Array payloads: schema type array; Content should evaluate to an array (e.g., coerce with json('[]') fallback only if schema allows it).
4) Guard against empty/optional bodies:
   - Add a Condition before Parse JSON: not(empty(<your-source-expression>)). Run Parse JSON only when true.
   - Or use coalesce for safe defaults if your schema tolerates them: for objects coalesce(<expr>, json('{}')); for arrays coalesce(<expr>, json('[]')).
5) Run-after and branching:
   - Configure Parse JSON to run only after the upstream action Succeeded.
   - If the upstream service can return 204/empty, branch the workflow to skip Parse JSON on that path.
6) Prevent future mismatches:
   - For inbound HTTP to your Logic App, have clients send Content-Type: application/json. In the Request trigger, provide a sample schema so the engine treats the body as JSON.
   - For outbound HTTP you plan to parse later, explicitly set Content-Type: application/json and send valid JSON (not a quoted JSON string). If you must pass text, cast to JSON with json() before parsing downstream.",0.78,"{""summary"": ""The reported issue is an UNKNOWN_ERROR with no message and an empty workflow definition snippet. The immediate goal is to collect enough context to identify the failure point, validate that the workflow definition and connections are intact, and implement instrumentation and resiliency to surface a concrete error. This plan guides you through environment triage, definition validation, connection/identity checks, run history analysis, diagnostics enablement, and hardening patterns for Logic Apps (Consumption or Standard)."", ""steps"": [{""step_number"": 1, ""title"": ""Confirm environment and capture context"", ""description"": ""Establish where the workflow runs and gather identifiers to locate telemetry. UNKNOWN_ERROR without a message often indicates missing context or a runtime-level failure."", ""sub_steps"": [""Identify runtime type: Logic Apps Consumption (Microsoft.Logic/workflows) or Standard (workflows hosted in a Function App). Note resource group, subscription, region."", ""Record workflow name, last run time, run ID(s), and correlation IDs (x-ms-client-tracking-id if available)."", ""Confirm recent changes (definition updates, connector re-authentication, access policy changes, upgrades)."", ""Export the full workflow definition and parameters from the portal or via ARM/REST for baseline comparison.""], ""note"": ""Having subscription, resource group, resource ID, and run IDs enables targeted queries in Log Analytics and Azure Activity/Diagnostic logs.""}, {""step_number"": 2, ""title"": ""Retrieve full workflow definition and parameters"", ""description"": ""The provided snippet is empty. Obtain the authoritative definition to validate structure and spot misconfigurations."", ""sub_steps"": [""For Consumption: GET https://management.azure.com/subscriptions/{subId}/resourceGroups/{rg}/providers/Microsoft.Logic/workflows/{workflowName}?api-version=2019-05-01"", ""For Standard: GET https://management.azure.com/subscriptions/{subId}/resourceGroups/{rg}/providers/Microsoft.Web/sites/{logicAppName}/hostruntime/runtime/webhooks/workflow/api/management/workflows/{workflowName}?api-version=2022-03-01"", ""Export parameters (e.g., connections and secrets placeholders) and note whether they resolve at runtime."", ""Store the retrieved definition for validation and diffing.""], ""note"": ""If the definition truly resolves to empty or lacks required sections, the workflow is invalid and must be reconstructed or rolled back.""}, {""step_number"": 3, ""title"": ""Validate workflow schema and structure"", ""description"": ""Ensure the workflow conforms to Logic Apps schema and includes required blocks."", ""sub_steps"": [""Check top-level fields: $schema, contentVersion, parameters (optional), triggers, actions, outputs."", ""Verify at least one trigger is defined and enabled."", ""Confirm each action has a unique name, type, and valid inputs; validate expressions and references (e.g., triggerBody(), parameters())."", ""For Standard: validate host.json/workflows settings and connections.json consistency."", ""Run ARM template validation on deployment artifacts if applicable.""], ""note"": ""A valid minimal definition requires triggers and actions; an empty definition ({}) will not run and can surface generic runtime errors.""}, {""step_number"": 4, ""title"": ""Verify connections and managed identity permissions"", ""description"": ""Unknown errors frequently originate from expired connectors or insufficient permissions that do not surface clear messages."", ""sub_steps"": [""Open each API connection resource in the resource group and verify status; reauthenticate any that show warning or expired tokens."", ""For Standard: open connections.json and confirm connectionRuntimeUrl endpoints and auth blocks are valid; test connections via portal."", ""If using managed identity, confirm the identity is enabled and has required roles (e.g., Storage Blob Data Contributor, Key Vault Secrets User) on target resources."", ""Check Key Vault references (secrets/keys) resolve; ensure firewall/network allows access."", ""Validate network configuration (VNET integration, private endpoints, firewall rules) for all connectors used.""], ""note"": ""Connection issues may present as transient or opaque failures. Re-authentication and permission checks eliminate a large class of unknown errors.""}, {""step_number"": 5, ""title"": ""Inspect run history and action-level diagnostics"", ""description"": ""Locate specific failing actions or trigger issues to replace UNKNOWN_ERROR with concrete error codes."", ""sub_steps"": [""In the portal, open Runs history and view the most recent failed run; expand each action to read statusCode and error details."", ""If runs are missing, check trigger history; confirm the trigger fired and evaluate its output."", ""Use REST: GET runs and GET run actions to retrieve detailed outputs including error objects."", ""Note any action with status Skipped due to prior failure; isolate the earliest failed action."", ""If no runs appear, verify the workflow is enabled and the trigger condition is met.""], ""note"": ""Even if the top-level run shows UNKNOWN_ERROR, action outputs typically contain detailed error messages or codes.""}, {""step_number"": 6, ""title"": ""Enable diagnostics and correlate telemetry"", ""description"": ""Turn on platform logs to capture runtime internals and user logs for deeper root-cause analysis."", ""sub_steps"": [""Create or update Diagnostic settings to send Logic Apps logs to a Log Analytics workspace."", ""For Consumption: enable WorkflowRuntime and WorkflowRuntimeUserLogs categories."", ""For Standard (Function-hosted): enable FunctionAppLogs, AppServiceHTTPLogs, and WorkflowRuntime logs."", ""Set trackedProperties in critical actions to emit business identifiers to logs."", ""Capture and propagate x-ms-client-tracking-id through HTTP actions for end-to-end correlation."", ""Increase run history retention if needed to avoid losing evidence.""], ""note"": ""With diagnostics enabled, Kusto queries in Log Analytics can pinpoint connector failures, throttling, or deserialization errors otherwise hidden.""}, {""step_number"": 7, ""title"": ""Add robust error handling and surface explicit failures"", ""description"": ""Instrument the workflow to avoid ambiguous failures and to provide deterministic error messages."", ""sub_steps"": [""Wrap main actions in a Try scope."", ""Add a Catch scope with runAfter on Try = Failed, TimedOut, or Skipped."", ""In Catch, log context (trackedProperties), craft a user-friendly error, and Terminate with status Failed and a custom error object."", ""Add retries with exponential backoff for external calls where appropriate; set timeouts on HTTP actions."", ""Introduce guard conditions and null checks around dynamic content and expressions."", ""Use Configure run after at each action boundary to handle partial failures gracefully.""], ""note"": ""Explicit Terminate and scoped error handling convert opaque runtime failures into actionable messages and consistent exit codes.""}, {""step_number"": 8, ""title"": ""Check limits, throttling, and payload constraints"", ""description"": ""Unknown errors can stem from silent limit violations (size, duration, concurrency) without descriptive messages."", ""sub_steps"": [""Review payload sizes for actions; ensure they are within Logic Apps limits for your SKU."", ""Check For each loops and concurrency; reduce degree or enable sequential processing if hitting throttles."", ""Review long-running actions; configure action-level and workflow-level timeouts appropriately."", ""Ensure binary/base64 content handling is correct and not over-size when passed between actions."", ""Monitor connector-specific quotas and remove tight polling intervals that cause HTTP 429 responses.""], ""note"": ""Tuning concurrency and payload sizes often eliminates intermittent and ambiguous failures at scale.""}, {""step_number"": 9, ""title"": ""Insert lightweight probes to isolate failure point"", ""description"": ""Add minimal actions to trace execution flow and data state."", ""sub_steps"": [""Add Compose actions before and after critical steps to log key variables and response summaries (avoid sensitive data)."", ""Use Variables (Append to array) to accumulate breadcrumbs throughout the run."", ""Temporarily disable non-critical branches to narrow down the failing path."", ""Re-run with the same inputs to determine determinism vs. transient behavior.""], ""note"": ""Probes help identify where the failure occurs when action outputs are inconclusive.""}, {""step_number"": 10, ""title"": ""Redeploy or rollback to a known-good version"", ""description"": ""If the current definition appears corrupted or empty, restore a valid version."", ""sub_steps"": [""Compare the current definition against source control; identify recent changes."", ""If a known-good version exists, redeploy via ARM/Bicep/Workflow file (Standard) and re-test."", ""For Standard, verify files on disk (workflows/<name>/workflow.json) match the intended deployment and that the host has reloaded changes."", ""If using slots or staging, validate in staging before swapping to production.""], ""note"": ""An empty or malformed definition must be corrected before further runtime troubleshooting will succeed.""}, {""step_number"": 11, ""title"": ""Escalate with complete diagnostics if issue persists"", ""description"": ""If no concrete error emerges and UNKNOWN_ERROR continues, open a support case with full context."", ""sub_steps"": [""Collect run IDs, correlation IDs, timestamps, region, and resource IDs."", ""Export logs from Log Analytics for the specific runs (WorkflowRuntime and FunctionApp logs)."", ""Include the full workflow definition (sanitized), connection statuses, and recent deployment history."", ""Describe steps to reproduce and whether the issue is deterministic or intermittent.""], ""note"": ""Microsoft support can access backend telemetry to resolve ambiguous platform-side failures.""}]}",,"[{""step"": ""Detected"", ""description"": ""CPI error detected and incident created."", ""status"": ""completed"", ""timestamp"": ""2026-06-08T13:36:42.130754+00:00""}]",,"{""name"": ""runtime-flow"", ""artifact_id"": ""/subscriptions/f97c1b32-c56e-4616-bd76-0e1073a2c8c7/resourceGroups/Logic_app_auto-rg/providers/Microsoft.Logic/workflows/runtime-flow"", ""version"": ""08584206812474677380"", ""package"": ""default"", ""deployed_on"": ""2026-06-05T09:58:57.4183701Z"", ""deployed_by"": ""unknown"", ""runtime_node"": ""southindia"", ""status"": ""Succeeded""}",,,,,,,,,,,,,,,,,,1,,,,,,,,,,0,0,,,,,,,,,,,,,logic_app_auto-rg,,,,
ORBLOGICAPPS-20260608-000018,f97c1b32-c56e-4616-bd76-0e1073a2c8c7,runtime-flow,InvalidTemplate,Unable to process template language expressions in action 'Parse_JSON' inputs at line '0' and column '0': 'Required property 'content' expects a value but got null. Path ''.'.,bad_request,AUTO_FIXED,Parse JSON content is null,,2026-06-08 18:46:40.634788,2026-06-08 18:53:49.299642,True,True,0,08584206824750691742028166435CU17,/subscriptions/f97c1b32-c56e-4616-bd76-0e1073a2c8c7/resourcegroups/logic_app_auto-rg/providers/microsoft.logic/workflows/runtime-flow/runs/08584206824750691742028166435cu17/actions/parse_json,2026-06-08 13:13:32.067570,2026-06-08 13:16:35.676058,null_reference_error,"Parse JSON is failing not only because the evaluated content is null but also due to content-type and encoding mismatches upstream. In run history, the input to Parse JSON often comes from an action/trigger whose Content-Type is text/plain or multipart/form-data, so Logic Apps stores the body as a raw/encoded string rather than a JSON object/array. If you pass that string (or an encoded form-data payload) directly to Parse JSON or into an HTTP action with Content-Type set to application/json, you get a runtime error or a null evaluation because the body isn’t valid JSON at that point. Additionally, if the upstream step returned 204/empty or was skipped/failed, the expression (e.g., body('SomeAction'), triggerBody()?['property'], items('For_each')) resolves to null.","1) Verify source output and headers: In run history, open the step that feeds Parse JSON and check outputs.headers['Content-Type'] and outputs.body. Ensure the step succeeded.
2) Enforce JSON end-to-end where possible:
- For inbound HTTP/Request: require clients to send Content-Type: application/json.
- For HTTP connector calls: set Accept: application/json so responses are typed as JSON.
3) If the source is text/plain but contains JSON text, cast it before parsing:
- Set Parse JSON -> Content to: json(outputs('YourSourceAction').body)
- Or add a Compose with expression json(body('YourSourceAction')) and feed that to Parse JSON.
4) If the source is multipart/form-data or encoded:
- Do not pass body('formdataAction') directly into a step expecting application/json. Decode and then parse:
  - json(base64ToString(body('formdataAction')))  (adjust if the payload is actually base64/encoded)
- Prefer extracting individual form-data tokens and manually building a JSON object via Compose, then send that object.
5) Guard against empty/204 cases:
- Add a Condition before Parse JSON: not(empty(outputs('YourSourceAction').body)) and only run Parse JSON when true.
- Or wrap with defaults:
  - For object schema: coalesce(json(outputs('YourSourceAction').body), json('{}'))
  - For array schema: coalesce(json(outputs('YourSourceAction').body), json('[]'))
6) Correct references and runAfter:
- Ensure you reference the right action/property (e.g., body('HTTP_Get') or actions('HTTP_Get').outputs.body) and configure Parse JSON to run after the source action Succeeded.
7) Outbound consistency:
- When sending to downstream HTTP actions, set Content-Type: application/json and ensure the body you pass is a JSON object/array rather than an encoded/string payload.",0.76,"{""summary"": ""Stabilize the HTTP-triggered Logic App by validating the incoming payload, handling Parse JSON failures, and ensuring a deterministic HTTP response for all paths to eliminate UNKNOWN_ERROR symptoms caused by unhandled failures/timeouts."", ""steps"": [{""step_number"": 1, ""title"": ""Investigate current failures to confirm root cause"", ""description"": ""Use run history and trigger details to confirm Parse JSON failures and missing response behavior leading to UNKNOWN_ERROR/timeout symptoms."", ""sub_steps"": [""Open the Logic App -> Runs history -> select the latest failed run."", ""Expand the Parse_JSON action to check the error details (e.g., invalid JSON, missing required property, or wrong type for 'age')."", ""Open the Trigger history entry and verify the incoming request's Content-Type header and raw body."", ""Confirm whether the run ended without sending a Response (client sees 502/timeout), which aligns with the absence of a failure response path.""], ""note"": ""UNKNOWN_ERROR often surfaces when a run fails before sending any HTTP response; diagnosing run history clarifies whether the Parse_JSON action or input format is the cause.""}, {""step_number"": 2, ""title"": ""Enforce a clear request contract"", ""description"": ""Ensure callers send valid JSON with a numeric 'age' and that the Logic App knows the expected schema up front."", ""sub_steps"": [""Require callers to send header: Content-Type: application/json."", ""Document and share a valid sample payload: {\""age\"": 30}."", ""Optionally add a request body JSON schema to the Request trigger to enable early validation and clearer errors. In the trigger definition, add inputs.schema: {\""type\"":\""object\"",\""properties\"":{\""age\"":{\""type\"":\""integer\""}},\""required\"":[\""age\""]}.""], ""note"": ""Defining the schema on the Request trigger helps generate tokens and fail fast with 400 if the body is malformed, reducing reliance on downstream Parse JSON for basic validation.""}, {""step_number"": 3, ""title"": ""Add a failure response path to avoid silent timeouts"", ""description"": ""Guarantee that the workflow returns a deterministic HTTP response even when Parse_JSON fails or is skipped."", ""sub_steps"": [""Add a new action: Response_BadRequest (type: Response, kind: Http)."", ""Configure runAfter for Response_BadRequest: Parse_JSON -> Failed, TimedOut, Skipped."", ""Set Response_BadRequest inputs: statusCode: 400; body: an explanatory string or JSON like {\""error\"":\""Invalid or missing 'age'. Provide integer age in JSON body.\""}."", ""Keep the existing Response action as the success path with runAfter: Parse_JSON -> Succeeded (already present)."", ""Verify that only one response can execute by ensuring the success response does not include failure statuses in runAfter.""], ""note"": ""Logic Apps can only send one response per request. By splitting success and failure responses with mutually exclusive run-after conditions, you avoid multiple response errors and client timeouts.""}, {""step_number"": 4, ""title"": ""Optionally make parsing more tolerant (if callers may send string numbers)"", ""description"": ""If some clients send age as a string, relax the schema and/or cast types to avoid unnecessary failures."", ""sub_steps"": [""Update Parse_JSON schema for 'age' to accept integer or string digits. Example schema for 'age': either use type: [\""integer\"",\""string\""] and ensure a string-only pattern for digits, or oneOf with integer or a string pattern (e.g., ^\\d+$)."", ""If you relax the schema, cast the value downstream with the int() expression when needed, e.g., int(body('Parse_JSON')?['age'])."", ""If strict typing is required, keep 'age' as integer only and rely on the failure response to inform clients.""], ""note"": ""Choose strict vs tolerant parsing based on API contract; strict schemas improve data quality, while tolerant parsing reduces client breakages at the cost of internal casting.""}, {""step_number"": 5, ""title"": ""Test both success and failure paths"", ""description"": ""Verify the Logic App now returns proper HTTP codes and bodies for different inputs."", ""sub_steps"": [""Send a valid request: POST with body {\""age\"": 30} and Content-Type: application/json; expect 200 with body \""Success\""."", ""Send a request missing 'age' or with 'age': \""thirty\""; expect 400 with the failure message."", ""Confirm no runs remain in a Running state awaiting response; each run should terminate with either the success or failure response.""], ""note"": ""End-to-end tests validate that the client receives deterministic outcomes, removing UNKNOWN_ERROR symptoms caused by unhandled branches.""}, {""step_number"": 6, ""title"": ""Optional simplification: rely on trigger schema and remove Parse_JSON"", ""description"": ""If the Request trigger has a body schema, you can omit Parse_JSON and respond directly."", ""sub_steps"": [""Add inputs.schema to the Request trigger as in Step 2 if not already done."", ""Remove the Parse_JSON action."", ""Set the success Response action to run with no dependencies (or after trigger) and optionally validate or cast fields directly from triggerBody()."", ""Keep the failure Response_BadRequest only if you add separate validations; otherwise, the trigger will reject invalid bodies with 400 automatically.""], ""note"": ""Reducing actions simplifies the workflow and reduces points of failure when the trigger enforces the request contract.""}, {""step_number"": 7, ""title"": ""Enable diagnostics for ongoing visibility"", ""description"": ""Capture detailed telemetry to quickly diagnose any future issues."", ""sub_steps"": [""Enable Logic App diagnostic logging to Log Analytics or Application Insights."", ""Add tracked properties or custom logs in failure response to include correlation IDs and basic error context."", ""Monitor run failures and response time metrics to detect regressions.""], ""note"": ""Better telemetry transforms opaque UNKNOWN_ERROR incidents into actionable diagnostics.""}]}",,"[{""step"": ""Detected"", ""description"": ""CPI error detected and incident created."", ""status"": ""completed"", ""timestamp"": ""2026-06-08T13:16:35.676058+00:00""}]",,"{""name"": ""runtime-flow"", ""artifact_id"": ""/subscriptions/f97c1b32-c56e-4616-bd76-0e1073a2c8c7/resourceGroups/Logic_app_auto-rg/providers/Microsoft.Logic/workflows/runtime-flow"", ""version"": ""08584206824987434127"", ""package"": ""default"", ""deployed_on"": ""2026-06-05T09:58:57.4183701Z"", ""deployed_by"": ""unknown"", ""runtime_node"": ""southindia"", ""status"": ""Succeeded""}",,,,,,,,,,,,,,,,,,1,,,,,,,,,,0,0,,,,,,,,,,,,,logic_app_auto-rg,,,,
ORBLOGICAPPS-20260608-000017,f97c1b32-c56e-4616-bd76-0e1073a2c8c7,gdrive-logic-app,unknown,,UNKNOWN_ERROR,ANALYZED,"The run is failing with errorCode ""unknown"" and no message largely because the Logic App/app resource was deployed with identity disabled (identity.type = ""None""). With identity set to None, the runtime can’t use a managed identity to reach secured dependencies (for example: Key Vault for connection secrets, the Logic App Standard storage account, or network-restricted services). When those prerequisites can’t be accessed, downstream connector calls (including Google Drive) surface as generic/unknown failures, especially if Secure Inputs/Outputs hide details. Secondary contributors can still include: expired Google Drive OAuth, throttling/5xx responses, action timeouts, or host restarts—but the identity misconfiguration is the primary issue given the current template hint.",,2026-06-08 17:38:38.231714,2026-06-08 17:42:20.239926,False,False,0,08584206865502488544827493744CU19,/subscriptions/f97c1b32-c56e-4616-bd76-0e1073a2c8c7/resourcegroups/logic_app_auto-rg/providers/microsoft.logic/workflows/gdrive-logic-app/runs/08584206865502488544827493744cu19/actions/condition,2026-06-08 12:05:36.640738,2026-06-08 12:08:32.705796,unknown_error,"The run is failing with errorCode ""unknown"" and no message largely because the Logic App/app resource was deployed with identity disabled (identity.type = ""None""). With identity set to None, the runtime can’t use a managed identity to reach secured dependencies (for example: Key Vault for connection secrets, the Logic App Standard storage account, or network-restricted services). When those prerequisites can’t be accessed, downstream connector calls (including Google Drive) surface as generic/unknown failures, especially if Secure Inputs/Outputs hide details. Secondary contributors can still include: expired Google Drive OAuth, throttling/5xx responses, action timeouts, or host restarts—but the identity misconfiguration is the primary issue given the current template hint.","1) Verify identity configuration:
- In Azure Portal, open the Logic App resource (Standard: the Workflow App under Microsoft.Web/sites; Consumption: the workflow resource) and check Identity. If it shows None, enable System-assigned or attach a User-assigned identity (UAMI).

2) Correct the ARM/Bicep template:
- Replace identity.type = ""None"" with a valid identity configuration. For User-assigned MI:
  ""identity"": {
    ""type"": ""UserAssigned"",
    ""userAssignedIdentities"": {
      ""[variables('uamiResourceId')]"": {}
    }
  }
- In variables, define the UAMI resource ID, for example:
  variables: {
    uamiResourceId: ""[resourceId('Microsoft.ManagedIdentity/userAssignedIdentities', '<yourUamiName>')]""
  }
- If you prefer system-assigned, use:
  ""identity"": { ""type"": ""SystemAssigned"" }

3) Grant required permissions to the chosen identity:
- Logic Apps Standard runtime storage account: assign Storage Blob Data Contributor (and Queue/Files roles if used).
- Key Vault (if storing secrets/connection parameters): assign Key Vault Secrets User or appropriate RBAC and ensure Get/List on secrets via access policy/RBAC.
- Any other secured resources your workflow accesses (e.g., Service Bus, Event Hubs): assign least-privilege roles.

4) Redeploy and restart:
- Redeploy the updated template, then restart the Logic App app (Standard) to ensure the identity token/roles are refreshed.

5) Revalidate connections and rerun:
- Open API connections and reauthenticate Google Drive if needed (expired consent/client secret rotation). Run a simple List files to validate.

6) Improve diagnostics and resiliency:
- Temporarily disable Secure Inputs/Outputs on the failing action to see raw errors, then re-enable after troubleshooting.
- Enable diagnostics: Consumption -> Diagnostic settings to Log Analytics; Standard -> App Service logging/Log Stream/Kudu.
- Query failures (example for Consumption): AzureDiagnostics where ResourceProvider == 'MICROSOFT.LOGIC' and Status_s == 'Failed' | project TimeGenerated, workflowName_s, actionName_s, errorCode_s, errorMessage_s.
- Add retry policies (exponential backoff) for Google Drive actions and reduce concurrency if throttling is suspected.
- Increase action/workflow timeouts only if operations are legitimately long-running.

7) If details remain missing:
- Use REST API to fetch run and action details (List workflow runs, List workflow run actions) to inspect raw payloads.

After identity is properly configured and permissions are granted, the runtime will be able to access its secured dependencies. This typically resolves the opaque ""unknown"" failures; any remaining connector-specific issues (OAuth expiry, quotas) will then surface with actionable error messages.",0.23,,,"[{""step"": ""Detected"", ""description"": ""CPI error detected and incident created."", ""status"": ""completed"", ""timestamp"": ""2026-06-08T12:08:32.705796+00:00""}]",,"{""name"": ""gdrive-logic-app"", ""artifact_id"": ""/subscriptions/f97c1b32-c56e-4616-bd76-0e1073a2c8c7/resourceGroups/Logic_app_auto-rg/providers/Microsoft.Logic/workflows/gdrive-logic-app"", ""version"": ""08584206865571273545"", ""package"": ""default"", ""deployed_on"": ""2026-06-04T09:21:51.1737617Z"", ""deployed_by"": ""unknown"", ""runtime_node"": ""southindia"", ""status"": ""Succeeded""}",,,,,,,,,,,,,,,,,,1,,,,,,,,,,0,0,,,,,,,,,,,,,logic_app_auto-rg,,,,
ORBLOGICAPPS-20260608-000016,f97c1b32-c56e-4616-bd76-0e1073a2c8c7,Quote-flow,InvalidTemplate,"Unable to process template language expressions in action 'Send_an_email_(V2)' inputs at line '0' and column '0': 'The template language expression 'parameters('$connections')['office365+']['connectionId']' cannot be evaluated because property 'office365+' doesn't exist, available properties are 'office'. Please see https://aka.ms/logicexpressions for usage details.'.",bad_request,AUTO_FIXED,Wrong $connections key in action,,2026-06-08 17:24:28.186307,2026-06-08 17:33:31.641212,True,True,0,08584206874168229131060551893CU29,/subscriptions/f97c1b32-c56e-4616-bd76-0e1073a2c8c7/resourcegroups/logic_app_auto-rg/providers/microsoft.logic/workflows/quote-flow/runs/08584206874168229131060551893cu29,2026-06-08 11:51:09.582474,2026-06-08 11:54:20.917559,action_failed,"Composite failure in Quote-flow caused by an underlying action error, not a generic engine fault. The run shows an HTTP action that returned 404 ResourceNotFound (body message: ""/docs/folder-name/resource-name does not exist""), which surfaced as code NotFound and status Failed. Because no downstream path was configured to handle this failure, the parent scope/loop (or overall run) reported ActionFailed with ""No dependent actions succeeded."" If your exception-handling pattern relies on result('ScopeName'), remember that result() only returns outcomes for top‑level actions inside that scope; failures buried inside a Switch/Condition branch won’t appear in result('ScopeName') and can make your catch logic miss them.

Likely root causes: incorrect URI/path, missing target resource, or logic that calls POST before ensuring the resource exists. Secondary contributors: retrying non-transient 404s, missing default branches, runAfter set to only Succeeded, and lack of a catch/handler scope.","1) Fix the immediate 404 root cause:
- Verify and correct the endpoint URI and path (e.g., /docs/folder-name/resource-name). Ensure the resource exists or create it before POST.
- If 404 is possible and acceptable, treat it explicitly: add a pre-check (HEAD/GET) and branch accordingly; do not retry 404s (set retry policy to None for this action).

2) Implement a robust, scope-based exception pattern using result():
- Wrap the main work in a scope (e.g., My_Scope). Ensure the actions you want to monitor are top-level children of My_Scope. If you use Switch/Condition, wrap each branch’s critical work in its own child Scope so the results surface at the top level.
- Add a Filter array action after My_Scope with From set to the expression: result('My_Scope'). Filter where item()?['status'] == 'Failed'.
- Choose handling pattern:
  • Single handler (recommended): Remove For each and add one handler action (HTTP/email/log) that accepts the entire filtered array. Configure its Run after to My_Scope: Failed, TimedOut, Skipped. Include properties from each item for diagnostics: name, status, inputs, outputs.statusCode, outputs.body.code, outputs.body.message, trackingId, clientTrackingId.
  • Per-action handling: Keep a For each over the filtered array and handle each failure individually.
- Note: result() returns only top-level action results, not actions nested inside Switch/Condition. Structure scopes accordingly so failures appear in result('My_Scope').

3) Harden control flow:
- If a noncritical step can fail without stopping the workflow, adjust runAfter on downstream actions to include Failed/TimedOut/Skipped, or place them in a Catch scope that runs after My_Scope on failure.
- Add a Default branch to any Switch to avoid unhandled paths.
- Add null/empty guards and coalesce/length checks on expressions to prevent InvalidTemplate/null reference failures.
- For transient faults (5xx/timeouts), enable or increase retries; for 404s and other deterministic 4xx, avoid retries and handle logically.

4) Validate and monitor:
- Re-run the workflow to confirm the HTTP action succeeds (or is gracefully handled) and that the handler receives the filtered failures with tracking IDs for observability.
- Keep the handler payload minimal but actionable: name, status, statusCode, error code/message, trackingId/clientTrackingId, and the offending URI/method from inputs.",0.33,"{""summary"": ""The workflow likely fails due to a misconfigured Office 365 Outlook connection reference and/or missing API connection, compounded by potential transient failures from the external ZenQuotes API. Fix by correcting the connection key, ensuring the API connection exists and is authorized, validating the JSON schema against the API response, and adding basic resiliency and diagnostics."", ""steps"": [{""step_number"": 1, ""title"": ""Validate external API response and Parse JSON schema"", ""description"": ""Confirm that the ZenQuotes endpoint returns the expected array of objects with 'q' and 'a' fields and that the Parse JSON schema aligns with the response."", ""sub_steps"": [""Manually call https://zenquotes.io/api/random (e.g., via browser or cURL) and verify it returns an array with objects containing 'q' (quote) and 'a' (author)."", ""If the service occasionally returns additional properties (e.g., 'h'), keep the schema permissive (no need to list all properties)."", ""If the service returns errors or throttling responses (429/5xx), plan to add retries in the HTTP action (see later step).""], ""note"": ""The current schema (array with objects having 'q' and 'a' as required) is compatible with typical ZenQuotes responses.""}, {""step_number"": 2, ""title"": ""Fix Office 365 Outlook connection reference"", ""description"": ""Correct the connector parameter key to reference the Office 365 Outlook API connection properly."", ""sub_steps"": [""In the Send_an_email_(V2) action, replace the host connection name reference from @parameters('$connections')['office365+']['connectionId'] to @parameters('$connections')['office365']['connectionId']."", ""Ensure the parameter key used in the workflow matches the key that exists in the $connections parameter object (i.e., 'office365')."", ""Save the workflow definition after changes.""], ""note"": ""The plus sign in 'office365+' is not a valid connection key and will cause the action to fail to resolve the connection at runtime.""}, {""step_number"": 3, ""title"": ""Ensure the Office 365 Outlook API connection exists and is authorized"", ""description"": ""Confirm that the API connection resource is present, correctly referenced, and authenticated."", ""sub_steps"": [""In the Azure portal, navigate to the resource group and open the Office 365 Outlook API connection (commonly named 'office365')."", ""If the connection is missing, create a new Office 365 Outlook connection and grant consent for the target mailbox/tenant."", ""If present but unauthorized, reauthorize the connection."", ""Verify the connectionId in the $connections parameter points to this API connection resource.""], ""note"": ""A valid, authorized API connection is required for the ApiConnection action to execute successfully.""}, {""step_number"": 4, ""title"": ""Align $connections parameter with the deployed connection"", ""description"": ""Update the $connections parameter so it includes the Office 365 connection entry used by the workflow."", ""sub_steps"": [""Populate parameters.$connections.defaultValue.office365 with the connection details (connectionId, connectionName, and id of the API connection resource)."", ""If deploying via ARM/Bicep, ensure parameterization supplies the correct values for the target environment."", ""Verify that the workflow\u2019s reference @parameters('$connections')['office365']['connectionId'] resolves to the intended API connection.""], ""note"": ""Misalignment between the workflow reference and parameter content causes runtime resolution failures even if the connection exists.""}, {""step_number"": 5, ""title"": ""Add resiliency to the HTTP action"", ""description"": ""Mitigate transient failures from the external API to reduce unknown or intermittent errors."", ""sub_steps"": [""Configure a retry policy on the HTTP action (e.g., exponential with 3 attempts and reasonable intervals)."", ""Set a timeout for the HTTP action (e.g., 20\u201330 seconds) to avoid indefinite waits."", ""Optionally, add a simple status code check after the HTTP action and short-circuit if the response is not 200.""], ""note"": ""Transient network or service hiccups can surface as unknown errors; retries and timeouts improve reliability.""}, {""step_number"": 6, ""title"": ""Harden error handling and observability"", ""description"": ""Ensure failures are captured and easy to diagnose."", ""sub_steps"": [""Wrap HTTP and Parse_JSON in a Scope and configure a parallel Scope for error handling that runs on Failure (e.g., send a notification or log details)."", ""Add tracked properties to key actions (HTTP, Parse_JSON, Send email) with correlation IDs or brief response summaries."", ""Optionally, add a Compose action to capture body('HTTP') before parsing for easier troubleshooting.""], ""note"": ""Clear run-after and scoped error handling aid in diagnosing future issues and prevent silent failures.""}, {""step_number"": 7, ""title"": ""Validate and run end-to-end tests"", ""description"": ""Confirm the workflow executes successfully after changes."", ""sub_steps"": [""Use 'Run Trigger' to manually execute the Logic App."", ""Verify the HTTP action succeeds, Parse_JSON outputs the expected structure, and the email is delivered."", ""Check run history for any warnings or retries and confirm tracked properties are populated.""], ""note"": ""Testing confirms the corrected connection reference and improved resiliency resolve the unknown error.""}]}",,"[{""step"": ""Detected"", ""description"": ""CPI error detected and incident created."", ""status"": ""completed"", ""timestamp"": ""2026-06-08T11:54:20.917559+00:00""}]",,"{""name"": ""Quote-flow"", ""artifact_id"": ""/subscriptions/f97c1b32-c56e-4616-bd76-0e1073a2c8c7/resourceGroups/Logic_app_auto-rg/providers/Microsoft.Logic/workflows/Quote-flow"", ""version"": ""08584206874232267380"", ""package"": ""default"", ""deployed_on"": ""2026-06-05T09:22:58.7595564Z"", ""deployed_by"": ""unknown"", ""runtime_node"": ""southindia"", ""status"": ""Succeeded""}",,,,,,,,,,,,,,,,,,1,,,,,,,,,,0,0,,,,,,,,,,,,,logic_app_auto-rg,,,,
ORBLOGICAPPS-20260608-000015,f97c1b32-c56e-4616-bd76-0e1073a2c8c7,runtime-flow,InvalidTemplate,Unable to process template language expressions in action 'Parse_JSON' inputs at line '0' and column '0': 'Required property 'content' expects a value but got null. Path ''.'.,bad_request,AUTO_FIXED,Null Content passed to Parse JSON,,2026-06-08 16:53:49.504466,2026-06-08 17:09:24.687435,True,True,0,08584206892563933525766001960CU10,/subscriptions/f97c1b32-c56e-4616-bd76-0e1073a2c8c7/resourcegroups/logic_app_auto-rg/providers/microsoft.logic/workflows/runtime-flow/runs/08584206892563933525766001960cu10/actions/parse_json,2026-06-08 11:20:29.532749,2026-06-08 11:23:37.765747,null_reference_error,"Parse JSON failed because its Content evaluated to null or to a non-JSON payload. In this run, the value fed to Content either came from an action/trigger that returned no body or was skipped, or the upstream content wasn’t treated as JSON by Logic Apps due to headers/encoding. If the upstream response/request used Content-Type: text/plain (or was multipart/form-data), Logic Apps stored the payload as raw/encoded text, so body()/path lookups returned null or an encoded string. Additionally, using body('formdataAction') with a request marked as application/json can cause a runtime error because the body is sent encoded rather than as a JSON object. As a result, Parse JSON received null or an encoded string instead of a JSON object/array.","[""Verify the producing step ran and has a body: open the run history, inspect the action feeding Parse JSON, and confirm it produced a non-empty body."", ""Check the upstream Content-Type header: expand the preceding action/trigger\u2019s Outputs \u2192 Headers."", ""- If Content-Type is application/json: continue to use body('ActionName') (or triggerBody()), but make sure the referenced path exists."", ""- If Content-Type is text/plain and the payload is a JSON string: either fix the sender to use Content-Type: application/json or cast in Logic Apps by setting Parse JSON \u2192 Content to json(body('ActionName'))."", ""- If the payload is encoded (e.g., from form-data or base64): decode and cast before parsing, for example set Content to json(base64ToString(body('ActionName'))) when the body is base64, or use the specific form-data field token instead of body('formdataAction'). Avoid body('formdataAction') with application/json requests that send encoded content."", ""Confirm the Content expression points to the correct action and path: use body('ActionName') for connector/HTTP responses, triggerBody() for the trigger, outputs('Compose') for Compose, and verify nested paths exist (e.g., body('HTTP')?['value'])."", ""Enforce run order: set Parse JSON to run only after the producing action Succeeded (remove Skipped/Failed from Run after)."", ""Guard against empty payloads: add a Condition to run Parse JSON only when the content expression is not empty, or use coalesce(<content>, json('{}')) if an empty object is acceptable."", ""Keep the schema aligned with the actual JSON. If the upstream shape changed, update the Parse JSON schema accordingly."", ""Re-test: trigger the workflow with a valid JSON payload and Content-Type: application/json, or verify the json()/base64ToString() cast produces a valid object before Parse JSON.""]",0.74,"{""summary"": ""Unknown error encountered in a simple HTTP-triggered Logic App with a Parse JSON action and a Response. The most likely root causes are malformed or non-JSON payloads, missing or incorrectly typed 'age' property, or lack of defensive error handling causing the run to surface as an unknown error. The plan focuses on collecting diagnostics, enforcing input schema/headers, adding robust error handling and responses, simplifying the design, and validating through tests."", ""steps"": [{""step_number"": 1, ""title"": ""Collect run diagnostics and identify the failing point"", ""description"": ""Before making changes, confirm where and why the failure happens to avoid guessing. This anchors subsequent fixes."", ""sub_steps"": [""Open the Logic App run history and locate the failed run(s)."", ""Expand the 'When an HTTP request is received' trigger and capture: method, headers (especially Content-Type), and body payload."", ""Expand the 'Parse_JSON' action details and note error.type, error.message, and any schema validation messages."", ""Confirm whether the 'Response' action executed or was skipped due to upstream failure."", ""Capture correlationId/clientTrackingId for the run for cross-reference in platform logs."", ""If not already enabled, configure Diagnostic Settings to send workflow runtime logs to Log Analytics or Application Insights and re-run once to capture telemetry.""], ""note"": ""UNKNOWN_ERROR often hides an upstream parsing or validation issue. Getting the precise action error message will clarify if the payload is invalid JSON or missing the required 'age' property.""}, {""step_number"": 2, ""title"": ""Validate and enforce incoming request format"", ""description"": ""Ensure that the incoming HTTP request body and headers meet expectations for the Parse JSON action."", ""sub_steps"": [""Verify that clients send header Content-Type: application/json."", ""Verify that the request body is valid JSON and includes an integer property 'age' (e.g., {\""age\"": 30})."", ""If clients sometimes send strings for 'age' (e.g., \""30\""), decide whether to: (a) change schema to accept string and cast later, or (b) enforce integer-only and return a 400 with a clear message."", ""If upstream clients are inconsistent, add a pre-validation step (e.g., Condition or Compose + length/coalesce checks) to produce a clear 400 response before Parse JSON is executed.""], ""note"": ""Parse JSON will fail for non-JSON bodies or if 'age' is missing/not an integer. Enforcing JSON content type and expected shape reduces opaque failures.""}, {""step_number"": 3, ""title"": ""Add robust error handling with clear failure response"", ""description"": ""Introduce try/catch-style scopes and a failure response so runs return meaningful HTTP status and message instead of surfacing as unknown."", ""sub_steps"": [""Create a 'Try' scope and move the 'Parse_JSON' action into it."", ""Keep the existing 200 'Response' action but set it to run only after 'Try' scope Succeeded."", ""Create a 'Catch' scope configured to run after 'Try' Failed, TimedOut, or Skipped."", ""In 'Catch', add a Compose (or Variables) action to capture an error summary using expressions like actions('Parse_JSON')?['error']?['message'] with a safe coalesce default."", ""Add a failure 'Response' action inside 'Catch' returning statusCode 400 (or 422) and a body with the captured error message and guidance (e.g., \""Expected JSON with integer property 'age'\"")."", ""Ensure only one Response can run by configuring run-after so the success response runs only on Try success and the failure response runs only on Catch success.""], ""note"": ""This pattern prevents the workflow from finishing with an ambiguous engine-level error and provides callers with a clear, consistent error contract.""}, {""step_number"": 4, ""title"": ""Option A: Define schema at the HTTP trigger to pre-validate"", ""description"": ""Move schema validation to the trigger for earlier and clearer failures, optionally removing the separate Parse JSON action."", ""sub_steps"": [""Add a 'schema' definition to the 'When an HTTP request is received' trigger matching: type object, required ['age'], properties.age type integer."", ""Optionally remove the 'Parse_JSON' action if no additional parsing is needed, and adjust the success 'Response' run-after to depend directly on the trigger (or Try scope if retained)."", ""If keeping 'Parse_JSON', ensure the trigger schema and Parse JSON schema stay in sync to prevent contradictory validations.""], ""note"": ""Trigger-level schema returns a 400 with validation details before actions execute, improving reliability and reducing unknown failures.""}, {""step_number"": 5, ""title"": ""Option B: Retain Parse JSON and add pre-checks"", ""description"": ""If trigger schema cannot be introduced, keep Parse JSON but add guardrails to avoid unknown failures."", ""sub_steps"": [""Add a preliminary Condition that checks: Content-Type contains 'application/json' and triggerBody() is not empty."", ""In the 'false' branch, return a 400 Response explaining the requirement for JSON content."", ""In the 'true' branch, execute Parse JSON. Ensure the Catch scope from Step 3 handles any validation error and returns a clear message.""], ""note"": ""This minimizes failure ambiguity without changing the trigger contract.""}, {""step_number"": 6, ""title"": ""Tidy definition and remove unused parameters"", ""description"": ""Eliminate unused artifacts that can cause warnings or confusion during deployment and operations."", ""sub_steps"": [""Remove parameters.$connections since there are no connector-based actions in this workflow."", ""Verify the $schema reference (2016-06-01) and action kinds ('Http') are correct for your environment (Consumption vs. Standard)."", ""Confirm that action names and references contain no spaces when used in expressions (current 'Parse_JSON' is acceptable).""], ""note"": ""A clean definition simplifies maintenance and avoids ARM deployment warnings.""}, {""step_number"": 7, ""title"": ""Functional testing and validation"", ""description"": ""Confirm both success and failure paths behave as intended and that no unknown errors are produced."", ""sub_steps"": [""Test with a valid payload: POST with Content-Type application/json and body {\""age\"": 30}. Expect 200 with 'Success'."", ""Test with missing 'age': POST with {}. Expect 400 with a clear validation message."", ""Test with non-integer 'age': POST with {\""age\"": \""30\""}. Expect 400 and guidance to send an integer or adjust schema if strings are acceptable."", ""Test with Content-Type text/plain and a JSON-looking string to ensure pre-checks/trigger schema produce a clear 400."", ""Verify run history shows Success for valid case and clear Failure with handled Response for invalid cases; no UNKNOWN_ERROR category.""], ""note"": ""Keep sample requests and expected outcomes documented for regression testing.""}, {""step_number"": 8, ""title"": ""If UNKNOWN_ERROR persists, enable deeper runtime tracing and consider redeploy"", ""description"": ""Escalate diagnostics if the error remains opaque after hardening."", ""sub_steps"": [""Enable full tracking (inputs and outputs) and workflow runtime tracing in Logic App configuration."", ""Correlate the run via correlationId in Log Analytics/App Insights to identify engine-level exceptions."", ""Export the workflow definition and redeploy to a fresh Logic App (or slot/environment) to rule out resource corruption."", ""If using Logic Apps Standard, verify runtime version and extension bundle compatibility; update to the latest supported version.""], ""note"": ""Rare engine-level issues can manifest as UNKNOWN_ERROR; capturing platform logs and redeploying often resolves environment-specific anomalies.""}]}",,"[{""step"": ""Detected"", ""description"": ""CPI error detected and incident created."", ""status"": ""completed"", ""timestamp"": ""2026-06-08T11:23:37.765747+00:00""}]",,"{""name"": ""runtime-flow"", ""artifact_id"": ""/subscriptions/f97c1b32-c56e-4616-bd76-0e1073a2c8c7/resourceGroups/Logic_app_auto-rg/providers/Microsoft.Logic/workflows/runtime-flow"", ""version"": ""08584206909290724506"", ""package"": ""default"", ""deployed_on"": ""2026-06-05T09:58:57.4183701Z"", ""deployed_by"": ""unknown"", ""runtime_node"": ""southindia"", ""status"": ""Succeeded""}",,,,,,,,,,,,,,,,,,1,,,,,,,,,,0,0,,,,,,,,,,,,,logic_app_auto-rg,,,,
ORBLOGICAPPS-20260608-000014,f97c1b32-c56e-4616-bd76-0e1073a2c8c7,gdrive-logic-app,ActionFailed,An action failed. No dependent actions succeeded.,bad_request,AUTO_FIXED,Unsatisfied runAfter dependencies,,2026-06-08 16:52:33.805174,2026-06-08 17:03:09.689180,True,True,0,08584206892810766815703617672CU02,/subscriptions/f97c1b32-c56e-4616-bd76-0e1073a2c8c7/resourcegroups/logic_app_auto-rg/providers/microsoft.logic/workflows/gdrive-logic-app/runs/08584206892810766815703617672cu02/actions/condition,2026-06-08 11:20:05.846003,2026-06-08 11:22:24.039827,unknown_error,"Your Logic App resource is deployed with identity disabled (identity.type is set to ""None""). With no managed identity, any workflow step that relies on MSI fails, including: Key Vault references for secrets (e.g., API connection secrets or app settings), built-in connectors configured for Managed Identity, and access to Azure resources behind firewalls/private endpoints expecting MSI. When Secure Inputs/Outputs are enabled, the portal often surfaces these as opaque/unknown errors. Your template also references a user-assigned identity variable, which suggests the intent was to attach a UAI but the deployment currently removes identity by setting type to ""None"". Secondary causes (expired Google OAuth connection, missing Drive permissions/quotas, bad IDs, or network egress blocks) can still apply, but the identity misconfiguration is the primary blocker to resolve first.","1) Fix the Logic App identity in your template and redeploy:
- If you need a system-assigned identity:
  ""identity"": { ""type"": ""SystemAssigned"" }
- If you need a user-assigned identity:
  ""identity"": {
    ""type"": ""UserAssigned"",
    ""userAssignedIdentities"": {
      ""<resourceId-of-UAI>"": {}
    }
  }
- If you need both:
  ""identity"": { ""type"": ""SystemAssigned, UserAssigned"", ""userAssignedIdentities"": { ""<resourceId-of-UAI>"": {} } }
- Ensure the variable in the template resolves to the correct UAI resource ID (/subscriptions/.../resourceGroups/.../providers/Microsoft.ManagedIdentity/userAssignedIdentities/<name>).

2) Grant the identity required access and let it propagate:
- Key Vault: assign appropriate permissions (Access Policy or RBAC) for secrets get/list to any vaults referenced by app settings or connections.
- Azure resources accessed by built-in connectors (e.g., Storage, Service Bus): assign the necessary RBAC roles to the identity.
- Wait a few minutes for identity and role assignments to propagate.

3) Reconfigure/validate connections and settings:
- For connectors that support Managed Identity, switch their authentication to Managed Identity and re-save.
- For Google Drive (OAuth), re-authenticate the API connection; if its secret/creds come from a Key Vault reference, verify the reference resolves now that MSI is enabled.
- For Logic Apps Standard, confirm app settings using @Microsoft.KeyVault(…) resolve after MSI is enabled (e.g., AzureWebJobsStorage). Restart the app if needed.

4) Verify and troubleshoot:
- Rerun a failed workflow after redeploy. In Runs history, open the failed actions and view raw inputs/outputs. If still masked, temporarily disable Secure Inputs/Outputs only in a safe environment or send diagnostics to Log Analytics to read action().error.
- If failures persist unrelated to identity, validate Google OAuth status, Drive permissions/IDs, quotas (403/429), action timeouts, and outbound access to www.googleapis.com and upload endpoints.

5) If you intentionally do not want MSI later, you can remove it by setting ""identity"": { ""type"": ""None"" }, but only after replacing all MSI/Key Vault-dependent configurations with alternatives.",0.23,"{""summary"": ""Fix for UNKNOWN_ERROR"", ""steps"": [{""step_number"": 1, ""title"": ""Review and adjust"", ""description"": ""Manual review required because automated fix generation failed."", ""sub_steps"": [""Inspect action inputs"", ""Validate payload"", ""Check API contract""], ""note"": ""No automated patch generated""}]}",,"[{""step"": ""Detected"", ""description"": ""CPI error detected and incident created."", ""status"": ""completed"", ""timestamp"": ""2026-06-08T11:22:24.039827+00:00""}]",,"{""name"": ""gdrive-logic-app"", ""artifact_id"": ""/subscriptions/f97c1b32-c56e-4616-bd76-0e1073a2c8c7/resourceGroups/Logic_app_auto-rg/providers/Microsoft.Logic/workflows/gdrive-logic-app"", ""version"": ""08584206909139256234"", ""package"": ""default"", ""deployed_on"": ""2026-06-04T09:21:51.1737617Z"", ""deployed_by"": ""unknown"", ""runtime_node"": ""southindia"", ""status"": ""Succeeded""}",,,,,,,,,,,,,,,,,,1,,,,,,,,,,0,0,,,,,,,,,,,,,logic_app_auto-rg,,,,
ORBLOGICAPPS-20260608-000013,f97c1b32-c56e-4616-bd76-0e1073a2c8c7,runtime-flow,InvalidTemplate,Unable to process template language expressions in action 'Parse_JSON' inputs at line '0' and column '0': 'Required property 'content' expects a value but got null. Path ''.'.,NULL_REFERENCE_ERROR,DETECTED,,,2026-06-08 16:25:54.612177,2026-06-08 16:25:54.612177,False,False,0,08584206909230803567660810426CU16,/subscriptions/f97c1b32-c56e-4616-bd76-0e1073a2c8c7/resourcegroups/logic_app_auto-rg/providers/microsoft.logic/workflows/runtime-flow/runs/08584206909230803567660810426cu16/actions/parse_json,2026-06-08 10:52:43.067329,2026-06-08 10:55:46.336715,null_reference_error,,,,,,"[{""step"": ""Detected"", ""description"": ""CPI error detected and incident created."", ""status"": ""completed"", ""timestamp"": ""2026-06-08T10:55:46.336715+00:00""}]",,"{""name"": ""runtime-flow"", ""artifact_id"": ""/subscriptions/f97c1b32-c56e-4616-bd76-0e1073a2c8c7/resourceGroups/Logic_app_auto-rg/providers/Microsoft.Logic/workflows/runtime-flow"", ""version"": ""08584206909290724506"", ""package"": ""default"", ""deployed_on"": ""2026-06-05T09:58:57.4183701Z"", ""deployed_by"": ""unknown"", ""runtime_node"": ""southindia"", ""status"": ""Succeeded""}",,,,,,,,,,,,,,,,,,1,,,,,,,,,,0,0,,,,,,,,,,,,,logic_app_auto-rg,,,,
ORBLOGICAPPS-20260608-000012,f97c1b32-c56e-4616-bd76-0e1073a2c8c7,gdrive-logic-app,unknown,,UNKNOWN_ERROR,DETECTED,,,2026-06-08 16:25:32.088891,2026-06-08 16:25:32.088891,False,False,0,08584206909033271564177602724CU25,/subscriptions/f97c1b32-c56e-4616-bd76-0e1073a2c8c7/resourcegroups/logic_app_auto-rg/providers/microsoft.logic/workflows/gdrive-logic-app/runs/08584206909033271564177602724cu25/actions/condition,2026-06-08 10:53:03.154423,2026-06-08 10:55:24.926591,unknown_error,,,,,,"[{""step"": ""Detected"", ""description"": ""CPI error detected and incident created."", ""status"": ""completed"", ""timestamp"": ""2026-06-08T10:55:24.926591+00:00""}]",,"{""name"": ""gdrive-logic-app"", ""artifact_id"": ""/subscriptions/f97c1b32-c56e-4616-bd76-0e1073a2c8c7/resourceGroups/Logic_app_auto-rg/providers/Microsoft.Logic/workflows/gdrive-logic-app"", ""version"": ""08584206909139256234"", ""package"": ""default"", ""deployed_on"": ""2026-06-04T09:21:51.1737617Z"", ""deployed_by"": ""unknown"", ""runtime_node"": ""southindia"", ""status"": ""Succeeded""}",,,,,,,,,,,,,,,,,,1,,,,,,,,,,0,0,,,,,,,,,,,,,logic_app_auto-rg,,,,
ORBLOGICAPPS-20260608-000011,f97c1b32-c56e-4616-bd76-0e1073a2c8c7,runtime-flow,ValidationFailed,The schema validation failed.,SCHEMA_ERROR,DETECTED,,,2026-06-08 15:55:10.098779,2026-06-08 15:55:10.098779,False,False,0,08584206927681411309387331500CU27,/subscriptions/f97c1b32-c56e-4616-bd76-0e1073a2c8c7/resourcegroups/logic_app_auto-rg/providers/microsoft.logic/workflows/runtime-flow/runs/08584206927681411309387331500cu27/actions/parse_json,2026-06-08 10:21:58.628146,2026-06-08 10:25:05.182970,schema_error,,,,,,"[{""step"": ""Detected"", ""description"": ""CPI error detected and incident created."", ""status"": ""completed"", ""timestamp"": ""2026-06-08T10:25:05.182970+00:00""}]",,"{""name"": ""runtime-flow"", ""artifact_id"": ""/subscriptions/f97c1b32-c56e-4616-bd76-0e1073a2c8c7/resourceGroups/Logic_app_auto-rg/providers/Microsoft.Logic/workflows/runtime-flow"", ""version"": ""08584206930145126286"", ""package"": ""default"", ""deployed_on"": ""2026-06-05T09:58:57.4183701Z"", ""deployed_by"": ""unknown"", ""runtime_node"": ""southindia"", ""status"": ""Succeeded""}",,,,,,,,,,,,,,,,,,1,,,,,,,,,,0,0,,,,,,,,,,,,,logic_app_auto-rg,,,,
ORBLOGICAPPS-20260608-000010,f97c1b32-c56e-4616-bd76-0e1073a2c8c7,runtime-flow,unknown,,UNKNOWN_ERROR,ANALYZED,"This is not a schema-validation problem. The repeated errors ""Cannot reach host runtime"" with ServiceUnavailable/BadGateway, plus designer failures like GetCallFailed and ""Failed fetching operations"", indicate the Logic Apps (single-tenant/Standard) Functions host can’t start or is unreachable. The most common root cause is storage connectivity or credentials: invalid/expired SAS or keys in AzureWebJobsStorage and/or WEBSITE_CONTENTAZUREFILECONNECTIONSTRING, missing/blocked access to the storage account/file share, or network restrictions (firewall/private endpoint/DNS) preventing the app from reaching its storage. When the host can’t access storage, it returns 502/503 and the portal designer also can’t save workflows.
Additionally, the workflow’s Process_Payment action explicitly sets ""retryPolicy"": ""none"" and Cancel_Order_On_Payment_Failure runs on Failed. This treats transient platform or network errors (502/503/timeouts) as business failures and cancels orders even when payment might succeed on retry.",,2026-06-08 15:54:49.488604,2026-06-08 16:26:48.164139,False,False,0,08584206927482206061587184942CU14,/subscriptions/f97c1b32-c56e-4616-bd76-0e1073a2c8c7/resourcegroups/logic_app_auto-rg/providers/microsoft.logic/workflows/runtime-flow/runs/08584206927482206061587184942cu14/actions/parse_json,2026-06-08 10:22:18.459175,2026-06-08 10:24:44.309568,schema_error,"This is not a schema-validation problem. The repeated errors ""Cannot reach host runtime"" with ServiceUnavailable/BadGateway, plus designer failures like GetCallFailed and ""Failed fetching operations"", indicate the Logic Apps (single-tenant/Standard) Functions host can’t start or is unreachable. The most common root cause is storage connectivity or credentials: invalid/expired SAS or keys in AzureWebJobsStorage and/or WEBSITE_CONTENTAZUREFILECONNECTIONSTRING, missing/blocked access to the storage account/file share, or network restrictions (firewall/private endpoint/DNS) preventing the app from reaching its storage. When the host can’t access storage, it returns 502/503 and the portal designer also can’t save workflows.
Additionally, the workflow’s Process_Payment action explicitly sets ""retryPolicy"": ""none"" and Cancel_Order_On_Payment_Failure runs on Failed. This treats transient platform or network errors (502/503/timeouts) as business failures and cancels orders even when payment might succeed on retry.","1) Restore host runtime connectivity
- Verify storage connectivity with Azure Storage Explorer using the same storage account referenced by the app.
- In the Logic App’s Configuration, validate both settings:
  • AzureWebJobsStorage: use a valid account connection string (recommended) or a non-expired SAS with required permissions for Blob (and related) services.
  • WEBSITE_CONTENTAZUREFILECONNECTIONSTRING: must point to the storage account that hosts the Azure Files content share; ensure WEBSITE_CONTENTSHARE matches an existing share.
- If SAS is used, regenerate a fresh SAS with required services/permissions and update both settings. If account keys were rotated, update the connection strings.
- Check storage networking:
  • If the storage firewall is enabled, allow the Logic App’s outbound IPs or the integrated VNET subnet.
  • If using private endpoints, verify DNS resolves to privatelink FQDNs and that the private endpoint is approved. Ensure the app is VNET-integrated and can reach the storage subnet.
- Save configuration and restart the Logic App (and its underlying App Service). Confirm the Functions host is healthy (Kudu/Console > logs) and that 502/503 stop.

2) Make the workflow resilient so transient faults don’t cancel orders
- Re-enable retries on Process_Payment (or rely on default) with exponential backoff suitable for 5xx/429/timeouts. Example:
  ""retryPolicy"": { ""type"": ""exponential"", ""count"": 4, ""interval"": ""PT5S"", ""minimumInterval"": ""PT2S"", ""maximumInterval"": ""PT1M"" }
- Differentiate business failures from transient faults:
  • After Process_Payment, add a Condition that checks the HTTP status code. Cancel the order only for non-transient client-side payment failures (e.g., 400–499 excluding 408/429) or for explicit ""declined""/""insufficient_funds"" signals in the response body.
  • For 5xx/429/timeouts, either let retries handle it or route to a separate transient-retry path/queue and alert instead of cancelling.
- Optionally wrap Create_Order and Process_Payment in a Scope and use Run After with explicit branches: On Succeeded → proceed; On Failed due to 4xx business decline → cancel; On Failed/TimedOut due to 5xx/429 → retry/defer and alert.

3) Validate end-to-end
- After fixing storage and restarting, confirm you can save workflows in the designer without GetCallFailed.
- Run a test execution to verify the host is reachable and that transient failures no longer trigger immediate cancellation.
- Keep monitoring in place (alerts on failed runs, host health, and storage metrics).",0.55,"{""summary"": ""The Logic App fails with an UNKNOWN_ERROR while using a Request trigger, a Parse JSON action that requires an integer 'age', and a Response action. Unknown errors in this pattern typically arise from invalid/missing request payloads, content-type mismatches, or schema/type mismatches in Parse JSON. This plan focuses on diagnosing the exact failure, hardening input validation and typing, adding explicit error handling with appropriate HTTP responses, and validating end-to-end behavior."", ""steps"": [{""step_number"": 1, ""title"": ""Inspect run history to identify the failing action and error details"", ""description"": ""Use the Logic App run history to determine where and why the failure occurred (likely the Parse_JSON action). This converts UNKNOWN_ERROR into a concrete message and code for targeted fixes."", ""sub_steps"": [""Open the Logic App in Azure Portal > Runs history > select the most recent failed run."", ""Expand the trigger 'When_an_HTTP_request_is_received' to view the raw Inputs (headers and body)."", ""Expand 'Parse_JSON' and check Inputs/Outputs, including the exact error (e.g., InvalidTemplate, ActionFailed, invalid payload, JSON parse error, or schema validation failure)."", ""Capture the raw request body and content-type header used in the failing run for reference.""], ""note"": ""If the trigger or Parse JSON shows a schema/type mismatch or invalid JSON, proceed with steps to harden validation and typing.""}, {""step_number"": 2, ""title"": ""Verify request payload format and Content-Type"", ""description"": ""Ensure the incoming request is valid JSON and includes the required 'age' field in the expected type or a castable form."", ""sub_steps"": [""Confirm the client sends the header: Content-Type: application/json."", ""Confirm the body is valid JSON and not form-encoded or plain text."", ""Test with a minimal valid payload: {\""age\"": 30}."", ""If clients send age as a string (e.g., {\""age\"":\""30\""}), note this for schema adjustments or casting in subsequent steps.""], ""note"": ""Many Parse JSON failures occur when Content-Type is missing or set incorrectly or when the payload is not valid JSON.""}, {""step_number"": 3, ""title"": ""Add a schema to the Request trigger for early validation and better diagnostics"", ""description"": ""Define a request schema in the trigger so invalid payloads are caught at the trigger level with clearer error messages and so downstream actions get typed tokens."", ""sub_steps"": [""Update triggers.When_an_HTTP_request_is_received to include inputs.schema. Example minimal schema: {\""type\"":\""object\"",\""properties\"":{\""age\"":{\""type\"":[\""integer\"",\""string\""]}},\""required\"":[\""age\""]}."", ""After saving, copy the new callback URL if needed (the URL may change upon workflow save depending on environment)."", ""Retest with both integer and numeric string payloads to confirm trigger acceptance.""], ""note"": ""Allowing both integer and string for 'age' enables broader compatibility and sets up the next step to normalize the type.""}, {""step_number"": 4, ""title"": ""Harden or simplify the Parse JSON step"", ""description"": ""Adjust the Parse JSON schema to accommodate real-world inputs and prevent type-based failures, or replace strict parsing with explicit casting."", ""sub_steps"": [""Option A (recommended for compatibility): Update the Parse_JSON schema to: {\""type\"":\""object\"",\""properties\"":{\""age\"":{\""type\"":[\""integer\"",\""string\""]}},\""required\"":[\""age\""]}."", ""Option B (strict typing): Keep 'age' as integer but ensure clients always send numeric JSON without quotes; enforce in API documentation."", ""If using Option A, add a subsequent action (e.g., Compose or Initialize variable) to normalize: int(outputs('Parse_JSON')?['age']). Use this normalized value in downstream logic.""], ""note"": ""Option A reduces failures from string vs integer mismatches while retaining validation; casting ensures consistent numeric handling.""}, {""step_number"": 5, ""title"": ""Add explicit error handling and a 400 Bad Request response path"", ""description"": ""Ensure the Logic App returns a clear client-facing error when parsing fails, instead of surfacing an unknown or generic failure."", ""sub_steps"": [""Add a new Response action named 'Bad_Request' with inputs: statusCode: 400, headers: {\""Content-Type\"":\""application/json\""}, body: {\""error\"":\""Invalid request payload\"",\""details\"":\""Field 'age' is required and must be a number\""}."", ""Configure runAfter for 'Bad_Request' to run when Parse_JSON is [\""Failed\"",\""Skipped\"",\""TimedOut\""]."", ""Update the existing 'Response' (200) to include headers {\""Content-Type\"":\""application/json\""} and optionally return a JSON body like {\""status\"":\""Success\""}. Ensure it only runs after Parse_JSON is [\""Succeeded\""]."", ""Validate that only one Response executes per run by checking runAfter settings and ensuring no parallel branches send multiple responses.""], ""note"": ""Returning a structured 400 response prevents ambiguous failures and helps clients correct their requests.""}, {""step_number"": 6, ""title"": ""Test with multiple payload scenarios"", ""description"": ""Confirm the workflow behaves correctly for valid and invalid inputs and no longer produces UNKNOWN_ERROR."", ""sub_steps"": [""Valid integer: POST {\""age\"":30} with Content-Type application/json => Expect 200 response."", ""Valid numeric string (if Option A chosen): POST {\""age\"":\""30\""} => Expect 200; verify age is cast correctly."", ""Missing field: POST {} => Expect 400 with descriptive error."", ""Invalid type: POST {\""age\"":\""thirty\""} => Expect 400."", ""Non-JSON or wrong Content-Type => Expect trigger rejection or 400 path depending on where validation occurs.""], ""note"": ""Keep run history open during tests to confirm action paths and to capture any residual errors.""}, {""step_number"": 7, ""title"": ""Clean up and maintainability improvements"", ""description"": ""Tidy the workflow to reduce noise and improve clarity for future maintenance."", ""sub_steps"": [""Remove the unused parameters.$connections if there are no managed connector actions."", ""Add annotations/notes to the Parse_JSON and Response actions to document expected payloads and error behavior."", ""Consider adding a Compose action to log normalized age for easier troubleshooting.""], ""note"": ""Small cleanups reduce confusion and help future maintainers understand the design.""}, {""step_number"": 8, ""title"": ""Monitor and alert on failures"", ""description"": ""Enable monitoring to detect future regressions early."", ""sub_steps"": [""Configure diagnostic settings to send Logic App runs and errors to Log Analytics or Application Insights."", ""Create an alert rule for runs with status 'Failed' to notify the responsible team."", ""Periodically review run error patterns to adjust validation or documentation as needed.""], ""note"": ""Proactive monitoring reduces time-to-detect and speeds up incident response.""}]}",,"[{""step"": ""Detected"", ""description"": ""CPI error detected and incident created."", ""status"": ""completed"", ""timestamp"": ""2026-06-08T10:24:44.309568+00:00""}]",,"{""name"": ""runtime-flow"", ""artifact_id"": ""/subscriptions/f97c1b32-c56e-4616-bd76-0e1073a2c8c7/resourceGroups/Logic_app_auto-rg/providers/Microsoft.Logic/workflows/runtime-flow"", ""version"": ""08584206930145126286"", ""package"": ""default"", ""deployed_on"": ""2026-06-05T09:58:57.4183701Z"", ""deployed_by"": ""unknown"", ""runtime_node"": ""southindia"", ""status"": ""Succeeded""}",,,,,,,,,,,,,,,,,,1,,,,,,,,,,0,0,,,,,,,,,,,,,logic_app_auto-rg,,,,
ORBLOGICAPPS-20260608-000009,f97c1b32-c56e-4616-bd76-0e1073a2c8c7,gdrive-logic-app,ActionFailed,An action failed. No dependent actions succeeded.,bad_request,AUTO_FIXED,Upstream dependency failure,,2026-06-08 15:54:33.193795,2026-06-08 16:17:19.125318,True,True,0,08584206928472867571852423990CU18,/subscriptions/f97c1b32-c56e-4616-bd76-0e1073a2c8c7/resourcegroups/logic_app_auto-rg/providers/microsoft.logic/workflows/gdrive-logic-app/runs/08584206928472867571852423990cu18,2026-06-08 10:20:39.436642,2026-06-08 10:24:28.110017,action_failed,"Your downstream action didn’t run because all of its runAfter dependencies were not Succeeded, and Logic Apps applies AND semantics across listed dependencies. When no listed predecessor succeeds, the engine emits ActionFailed – No dependent actions succeeded, so your step is skipped. Upstream, at least one HTTP/connector call actually failed (example: 404 ResourceNotFound with message ""/docs/folder-name/resource-name does not exist""). In addition, your current failure-inspection pattern is likely pointing @result() at nested actions (e.g., inside a Switch/Condition) or at individual actions rather than a Scope, so you’re not seeing the true failing actions—@result() only returns results from top‑level actions. To reliably capture which actions failed, you need to call result() on the containing Scope and run the handler after that Scope completes.","1) Group predecessors in a Scope:
- Wrap the actions that the downstream step depends on in a Scope, e.g., My_Scope.
- This makes their results available via result('My_Scope').

2) Correct run-after semantics:
- If the next step must execute regardless of outcomes (e.g., to log/compensate), set its Run after to My_Scope has completed (Succeeded, Failed, Timed out, Skipped).
- If you intended OR behavior across branches, don’t list multiple branches as runAfter on one action (that’s AND). Either duplicate the action inside each branch, or place each branch in its own Scope that sets an output/variable; then have one aggregator step run after both Scopes have completed and decide based on those outputs.

3) Capture failed actions with result() correctly:
- Add a Filter array action with From = @result('My_Scope').
- Condition: @equals(item()?['status'],'Failed'). Optionally broaden to @or(equals(item()?['status'],'Failed'),equals(item()?['status'],'TimedOut')).
- Remember: result() returns only top-level actions; to inspect failures from within Switch/Condition, wrap them in a Scope and call result() on that Scope.

4) Choose handling pattern:
- Per-action handling: Use For each over the filtered array. For each failed item, post or log item()?['name'], item()?['status'], item()?['inputs'], item()?['outputs'], item()?['trackingId'], item()?['clientTrackingId'], item()?['startTime'], item()?['endTime'].
- Single handler: Remove For each and send the entire filtered array to one action that accepts an array; this simplifies flows and reduces concurrency.

5) Fix the upstream root cause:
- For HTTP 404s like ""/docs/folder-name/resource-name does not exist"": verify the base URI, path, and resource existence; correct the endpoint, route, or IDs; ensure the service/app is deployed and the route is published.
- If the failing action is a Google Drive step: reauthenticate the connection, confirm permissions to the target Drive/Shared Drive, validate file/folder IDs, and check quota; update parameters accordingly.

6) Stabilize downstream execution:
- If the functional downstream step should proceed when any one predecessor succeeds, don’t tie it to all predecessors. Either depend on a single success indicator (e.g., a variable set by a Scope) or have an Else/Default path so at least one branch completes with Succeeded when no condition matches.
- Add retry policies and timeouts on risky actions to reduce transient failures.

7) Telemetry payload recommendations:
- Include name, status, inputs, outputs (including statusCode and body.code/message), trackingId, clientTrackingId, startTime, and endTime from each failed action’s result to aid diagnostics.

Applying the above will both prevent the skip caused by ANDed runAfter dependencies and give you a reliable, scope-based failure inventory via result('My_Scope') for targeted remediation.",0.62,"{""summary"": ""Fix for UNKNOWN_ERROR"", ""steps"": [{""step_number"": 1, ""title"": ""Review and adjust"", ""description"": ""Manual review required because automated fix generation failed."", ""sub_steps"": [""Inspect action inputs"", ""Validate payload"", ""Check API contract""], ""note"": ""No automated patch generated""}]}",,"[{""step"": ""Detected"", ""description"": ""CPI error detected and incident created."", ""status"": ""completed"", ""timestamp"": ""2026-06-08T10:24:28.110017+00:00""}]",,"{""name"": ""gdrive-logic-app"", ""artifact_id"": ""/subscriptions/f97c1b32-c56e-4616-bd76-0e1073a2c8c7/resourceGroups/Logic_app_auto-rg/providers/Microsoft.Logic/workflows/gdrive-logic-app"", ""version"": ""08584206934135919975"", ""package"": ""default"", ""deployed_on"": ""2026-06-04T09:21:51.1737617Z"", ""deployed_by"": ""unknown"", ""runtime_node"": ""southindia"", ""status"": ""Succeeded""}",,,,,,,,,,,,,,,,,,1,,,,,,,,,,0,0,,,,,,,,,,,,,logic_app_auto-rg,,,,
ORBLOGICAPPS-20260608-000008,f97c1b32-c56e-4616-bd76-0e1073a2c8c7,runtime-flow,InvalidTemplate,Unable to process template language expressions in action 'Parse_JSON' inputs at line '0' and column '0': 'Required property 'content' expects a value but got null. Path ''.'.,bad_request,AUTO_FIXED,Null 'content' passed to Parse JSON,,2026-06-08 15:54:17.251611,2026-06-08 16:01:17.058240,True,True,0,08584206927793074106396383466CU20,/subscriptions/f97c1b32-c56e-4616-bd76-0e1073a2c8c7/resourcegroups/logic_app_auto-rg/providers/microsoft.logic/workflows/runtime-flow/runs/08584206927793074106396383466cu20/actions/parse_json,2026-06-08 10:21:47.225717,2026-06-08 10:24:10.500951,null_reference_error,"Parse JSON failed because its Content input evaluated to null or to a non-JSON type. Common root causes observed in Logic Apps: (1) The upstream action/trigger returned no body (204/empty), so body('PreviousAction') was null. (2) You referenced the wrong path (e.g., outputs('Action')?['body'] vs outputs('Action')?['body']?['value']). (3) The payload arrived with Content-Type text/plain, so Logic Apps treated it as raw text; passing it directly without casting meant Parse JSON didn’t receive a JSON token. (4) The body was encoded (e.g., multipart/form-data or binary), and using body('formdataAction') under application/json led to a runtime error or null because the content is in the $content field as base64. (5) The provided schema didn’t match the actual payload (object vs array), causing parsing to fail after a null/incorrect Content value.","1) Validate the source output: Open Run History -> the step feeding Parse JSON -> Outputs. Confirm statusCode (expect 200), Content-Type, and that body has the expected JSON.
2) Fix the reference path: Use the actual body. Examples:
   - If the upstream step is JSON: set Content to: body('YourActionName') or outputs('YourActionName')?['body'].
   - If the JSON is nested (e.g., in 'value'): outputs('YourActionName')?['body']?['value'].
3) Handle text/plain correctly: If Content-Type is text/plain but the text contains JSON, cast it: set Content to json(string(body('YourActionName'))). Also, on the HTTP action, set the Accept header to application/json so the service returns proper JSON.
4) Handle encoded/form-data correctly: If the output shows ""$content"" and ""$content-type"" (base64-encoded body), decode then parse: set Content to json(base64ToString(outputs('YourActionName')?['body']?['$content'])). Avoid using body('formdataAction') directly when the request is encoded; reference the $content field and decode first.
5) Guard against empty responses: Only run Parse JSON when there’s content. For example, add a Condition before it: and(equals(outputs('HTTP')?['statusCode'], 200), not(empty(body('HTTP')))). Alternatively, set Parse JSON -> Run After to only run on Succeeded when not empty.
6) Provide the correct schema: In Parse JSON, use ""Use sample payload to generate schema"" from a real sample. Ensure it matches object vs array. If downstream expects an object but content may be missing, use defaults: coalesce(body('YourActionName'), json('{}')). For arrays: coalesce(body('YourActionName'), json('[]')).
7) Normalize content-type upstream: If you control the sender, ensure responses are application/json with a valid JSON body rather than text/plain. If the workflow receives text/plain intentionally, always wrap with json() where the text contains JSON, or leave as string if not JSON.
8) Re-test: Run the workflow again, confirm Parse JSON Inputs -> Content shows a valid JSON token and the action succeeds, exposing tokens as expected.",0.78,"{""summary"": ""The workflow likely fails at Parse JSON due to the required property 'age' being absent when the body is null or when @coalesce supplies an empty object that violates the schema. Replace the coalesce, add input validation before parsing, and add proper error responses and run-after handling to avoid UNKNOWN_ERROR and return clear HTTP statuses."", ""steps"": [{""step_number"": 1, ""title"": ""Verify failing action and capture exact error"", ""description"": ""Confirm where the run fails and what the runtime error is to validate the hypothesis that Parse JSON fails due to a missing or invalid 'age'."", ""sub_steps"": [""Open the Logic App run history for a failing run."", ""Locate the 'Parse_JSON' action and expand the Inputs/Outputs."", ""Record the error details (e.g., 'The required property 'age' is missing' or schema validation errors)."", ""Copy a sample of the actual incoming request body from the trigger for testing.""], ""note"": ""This confirms whether the failure is due to a missing 'age' or a type mismatch rather than an infrastructure issue.""}, {""step_number"": 2, ""title"": ""Remove risky coalesce default in Parse JSON"", ""description"": ""Do not coerce a null body into an empty object when the schema requires properties; this causes validation failure."", ""sub_steps"": [""Edit the 'Parse_JSON' action."", ""Change inputs.content from \""@coalesce(triggerBody(), json('{}'))\"" to \""@triggerBody()\"".""], ""note"": ""Leaving the body as null allows upstream validation to handle it explicitly instead of forcing a schema violation.""}, {""step_number"": 3, ""title"": ""Add pre-validation condition for required property and type"", ""description"": ""Validate that 'age' exists and is an integer before Parse JSON executes."", ""sub_steps"": [""Insert a new 'Condition' action before 'Parse_JSON' named 'Validate_Input'."", ""Use this expression: @and(not(equals(triggerBody()?['age'], null)), equals(type(triggerBody()?['age']), 'Integer'))"", ""In the 'If true' branch, place 'Parse_JSON' and downstream actions."", ""In the 'If false' branch, add a 'Response' action returning statusCode 400 and a JSON body like: {\""error\"":\""BadRequest\"",\""message\"":\""Invalid payload: 'age' (integer) is required.\""}""], ""note"": ""This prevents Parse JSON from running with invalid input and provides a clear 400 to callers.""}, {""step_number"": 4, ""title"": ""Harden success and failure responses"", ""description"": ""Ensure the workflow always responds even when validation fails or an unexpected error occurs."", ""sub_steps"": [""Keep the existing 200 'Response' in the success path, but set body to an object for clarity, e.g., {\""status\"":\""Success\""}."", ""Add a dedicated 500 'Response' action with body {\""error\"":\""InternalServerError\"",\""message\"":\""Unexpected error.\""}."", ""Configure the 500 'Response' to run after the main processing scope on 'Failed', 'TimedOut', and 'Skipped'.""], ""note"": ""Clear, consistent HTTP responses reduce UNKNOWN_ERROR classifications at the caller.""}, {""step_number"": 5, ""title"": ""Optional: Move JSON schema to the HTTP trigger and remove Parse JSON"", ""description"": ""Define the body schema at the trigger to expose tokens and reduce need for Parse JSON."", ""sub_steps"": [""In the 'When an HTTP request is received' trigger, add a 'schema' matching: {\""type\"":\""object\"",\""properties\"":{\""age\"":{\""type\"":\""integer\""}},\""required\"":[\""age\""]}."", ""Remove or disable the 'Parse_JSON' action and use trigger outputs directly."", ""Keep the validation condition if you need explicit 400 handling or cross-check types.""], ""note"": ""Trigger-level schema simplifies the flow but may not enforce type at ingress; the validation step ensures correctness.""}, {""step_number"": 6, ""title"": ""Test with representative payloads"", ""description"": ""Validate both positive and negative scenarios to ensure correct behavior and responses."", ""sub_steps"": [""Valid: POST {\""age\"":42} -> Expect 200 and success body."", ""Missing: POST {} -> Expect 400 with validation error body."", ""Null: POST {\""age\"":null} -> Expect 400."", ""Wrong type: POST {\""age\"":\""42\""} -> Expect 400."", ""Empty body or invalid JSON -> Expect 400 (trigger may accept raw text; ensure condition or trigger schema handles this).""], ""note"": ""Testing ensures the UNKNOWN_ERROR is eliminated and replaced with deterministic outcomes.""}, {""step_number"": 7, ""title"": ""Deploy and monitor"", ""description"": ""Roll out the changes and watch for recurrence."", ""sub_steps"": [""Save the workflow and run a manual test."", ""Deploy via your CI/CD if applicable."", ""Monitor run history and any connected logging (e.g., App Insights) for residual failures.""], ""note"": ""Continuous monitoring confirms the fix under real traffic.""}]}",,"[{""step"": ""Detected"", ""description"": ""CPI error detected and incident created."", ""status"": ""completed"", ""timestamp"": ""2026-06-08T10:24:10.500951+00:00""}]",,"{""name"": ""runtime-flow"", ""artifact_id"": ""/subscriptions/f97c1b32-c56e-4616-bd76-0e1073a2c8c7/resourceGroups/Logic_app_auto-rg/providers/Microsoft.Logic/workflows/runtime-flow"", ""version"": ""08584206930145126286"", ""package"": ""default"", ""deployed_on"": ""2026-06-05T09:58:57.4183701Z"", ""deployed_by"": ""unknown"", ""runtime_node"": ""southindia"", ""status"": ""Succeeded""}",,,,,,,,,,,,,,,,,,1,,,,,,,,,,0,0,,,,,,,,,,,,,logic_app_auto-rg,,,,
ORBLOGICAPPS-20260608-000007,f97c1b32-c56e-4616-bd76-0e1073a2c8c7,runtime-flow,InvalidTemplate,Unable to process template language expressions in action 'Parse_JSON' inputs at line '0' and column '0': 'Required property 'content' expects a value but got null. Path ''.'.,bad_request,AUTO_FIXED,Null 'content' input to Parse JSON,,2026-06-08 15:31:09.167862,2026-06-08 15:47:53.094869,True,True,0,08584206942047582708600280450CU30,/subscriptions/f97c1b32-c56e-4616-bd76-0e1073a2c8c7/resourcegroups/logic_app_auto-rg/providers/microsoft.logic/workflows/runtime-flow/runs/08584206942047582708600280450cu30/actions/parse_json,2026-06-08 09:58:02.193722,2026-06-08 10:01:02.003111,null_reference_error,"Parse JSON failed because its Content input wasn’t a usable JSON object/array at runtime. Although it surfaced as null, the underlying causes are: (1) Content-Type mismatch: the upstream step returned text/plain so Logic Apps kept the payload as raw text; passing that directly (without casting) left Parse JSON with a non-JSON string or empty value. (2) Encoded body: using body('formdataAction') with an application/json request causes a runtime error because that action’s body is sent/handled as encoded content rather than a parsed JSON object. (3) Misreference: the Content expression points to the wrong action/property or a case-mismatched name, so Parse JSON receives null even when the upstream action succeeded. (4) No content (e.g., 204) or skipped/failed upstream action, resulting in no body to parse.","1) Verify the actual payload and headers: In Run History, open the step you reference for Content and check Outputs → body and Headers → Content-Type. Confirm whether the body is JSON, raw text, or base64-encoded, and whether the status code could be 204. 2) Fix Content-Type alignment: • If the upstream response is JSON, ensure it’s sent as application/json. For HTTP actions, add header Content-Type: application/json in the request that produces the payload. • If the upstream content remains text/plain but contains JSON text, cast it before parsing: set Parse JSON → Content to @json(outputs('YourAction')?['body']). 3) Handle encoded/binary bodies: • If the body is base64-encoded (e.g., binary/$content), decode then parse: @json(base64ToString(outputs('YourAction')?['body']?['$content'])). • If you previously used body('formdataAction') with application/json and got a runtime error, switch to a decoded form: @json(base64ToString(outputs('formdataAction')?['body'])) if the decoded string is JSON, or reference outputs('formdataAction')?['body'] directly when it’s already a JSON object. 4) Use the right reference: Replace ambiguous or incorrect tokens with the exact action name and path, for example: • @triggerBody() (Request trigger with JSON schema) • @body('HTTP') or @outputs('HTTP')?['body'] • Ensure exact casing in action names and property paths. 5) Guard against missing bodies: • Configure Run After so Parse JSON runs only on Succeeded for the upstream action. • Add a Condition: not(empty(outputs('YourAction')?['body'])); handle the else path (e.g., skip). • For 204 responses, branch before Parse JSON. 6) Optionally coalesce: If appropriate, provide a safe fallback: @coalesce(outputs('YourAction')?['body'], json('{}')) (or json('[]') for arrays) and adjust schema accordingly. 7) Regenerate the schema: After a successful run, use “Use sample payload to generate schema” in Parse JSON so tokens match the actual shape. 8) Keep outbound types correct: If you must keep text/plain elsewhere, cast to JSON only for the Parse JSON action (via Compose with @json(...)), and explicitly set Content-Type: application/json on any outbound HTTP actions that send JSON.",0.8,"{""summary"": ""Investigate and harden the HTTP-triggered Logic App to handle unknown errors, most likely caused by Parse JSON failures due to payload/schema mismatch. Ensure reliable responses by adding failure handling, validating client inputs, and adjusting schema if needed."", ""steps"": [{""step_number"": 1, ""title"": ""Inspect recent run history to identify the failing action"", ""description"": ""Use the Logic App run history to locate the exact failure and error details. UNKNOWN_ERROR often masks a Parse JSON failure or a missing HTTP response when an action fails."", ""sub_steps"": [""Open the Logic App in Azure Portal > Overview > Runs history and select the latest failed run."", ""Expand Trigger and Actions to check which action failed (likely 'Parse_JSON')."", ""Record the error code/message and whether the run timed out without sending a response.""], ""note"": ""If the Response action was never reached, clients will see a timeout (e.g., 502) which can surface as an unknown error.""}, {""step_number"": 2, ""title"": ""Validate incoming request payload and headers"", ""description"": ""Confirm the client is sending a valid JSON body with the required 'age' field as an integer."", ""sub_steps"": [""Ensure the client sets header Content-Type: application/json."", ""Verify the body is a JSON object containing an integer property 'age' (e.g., {\""age\"": 30})."", ""If clients commonly send strings (e.g., \""30\""), decide whether to enforce integer strictly or to support flexible input.""], ""note"": ""Parse JSON will fail if 'age' is missing or not an integer per the current schema, preventing the success response.""}, {""step_number"": 3, ""title"": ""Add failure-path HTTP response to avoid timeouts"", ""description"": ""Introduce a dedicated Response action for failures so the workflow always returns a meaningful status instead of timing out."", ""sub_steps"": [""Create a new action 'Response_BadRequest' of type Response with statusCode 400 and a body explaining the validation error."", ""Configure runAfter on 'Response_BadRequest' to [\""Failed\"", \""Skipped\"", \""TimedOut\""] from 'Parse_JSON'."", ""Keep the existing 'Response' (success) with runAfter set to [\""Succeeded\""] on 'Parse_JSON'.""], ""note"": ""Do not reference outputs from a failed action in the failure response; use a static error message or echo triggerBody() safely if needed.""}, {""step_number"": 4, ""title"": ""Optionally broaden schema to match real-world inputs"", ""description"": ""If clients may send numeric strings or decimals, update the Parse JSON schema to accept them and normalize later."", ""sub_steps"": [""Option A (numeric only): Change 'age' type to 'number' with multipleOf: 1 to accept 30 or 30.0."", ""Option B (numeric or numeric string): Use oneOf for integer or a digit-only string pattern."", ""Document the chosen approach for client teams to align on a stable contract.""], ""note"": ""Schema flexibility reduces failures but shifts responsibility to sanitize/convert the value downstream.""}, {""step_number"": 5, ""title"": ""Normalize and validate 'age' after parsing"", ""description"": ""Add a Compose step to coerce and validate the 'age' value for downstream use."", ""sub_steps"": [""Add a Compose action 'Age_Normalized' after 'Parse_JSON' with expression like int(body('Parse_JSON')?['age'])."", ""Optionally add a Condition to enforce domain rules (e.g., age >= 0) and route to the failure response if invalid.""], ""note"": ""Keep conversions out of the schema to avoid parse-time failures; handle them in logic with clear errors.""}, {""step_number"": 6, ""title"": ""Test with positive and negative cases"", ""description"": ""Validate the updated workflow behavior for both valid and invalid inputs."", ""sub_steps"": [""Send POST with {\""age\"": 30} and expect 200 Success."", ""Send POST with {\""age\"": \""30\""} based on chosen schema approach: expect 200 if allowed and converted, else 400 with validation error."", ""Send POST with missing or non-numeric 'age' and expect 400 response without timeout.""], ""note"": ""Use tools like Postman or curl and verify run history maps to expected paths.""}, {""step_number"": 7, ""title"": ""Improve observability"", ""description"": ""Add tracking to simplify future diagnostics and reduce unknown errors."", ""sub_steps"": [""Add a Compose or Variables action to log request correlation data (e.g., workflow().run.name)."", ""Optionally enable diagnostics to Log Analytics and create alerts for failed runs.""], ""note"": ""Clear telemetry helps quickly pinpoint input-related failures.""}, {""step_number"": 8, ""title"": ""Minor cleanup (optional)"", ""description"": ""Remove unused components to reduce noise."", ""sub_steps"": [""Remove the unused parameters.$connections object since no managed connectors are used."", ""Review action names for clarity (e.g., 'Response_Success', 'Response_BadRequest').""], ""note"": ""While not a functional fix, cleanup aids maintainability and reduces confusion in code view.""}]}",,"[{""step"": ""Detected"", ""description"": ""CPI error detected and incident created."", ""status"": ""completed"", ""timestamp"": ""2026-06-08T10:01:02.003111+00:00""}]",,"{""name"": ""runtime-flow"", ""artifact_id"": ""/subscriptions/f97c1b32-c56e-4616-bd76-0e1073a2c8c7/resourceGroups/Logic_app_auto-rg/providers/Microsoft.Logic/workflows/runtime-flow"", ""version"": ""08584206942114091970"", ""package"": ""default"", ""deployed_on"": ""2026-06-05T09:58:57.4183701Z"", ""deployed_by"": ""unknown"", ""runtime_node"": ""southindia"", ""status"": ""Succeeded""}",,,,,,,,,,,,,,,,,,1,,,,,,,,,,0,0,,,,,,,,,,,,,logic_app_auto-rg,,,,
ORBLOGICAPPS-20260608-000006,f97c1b32-c56e-4616-bd76-0e1073a2c8c7,gdrive-logic-app,ActionFailed,An action failed. No dependent actions succeeded.,bad_request,AUTO_FIXED,Missing/invalid Path for file content action,,2026-06-08 15:28:50.727144,2026-06-08 15:41:13.515109,True,True,0,08584206942878828275487501791CU13,/subscriptions/f97c1b32-c56e-4616-bd76-0e1073a2c8c7/resourcegroups/logic_app_auto-rg/providers/microsoft.logic/workflows/gdrive-logic-app/runs/08584206942878828275487501791cu13,2026-06-08 09:56:39.296272,2026-06-08 09:58:42.754638,action_failed,"The downstream action is configured with Run after = Succeeded on upstream actions (or a Scope), but none of those prerequisites reached Succeeded. All candidates either Failed, TimedOut, or were Skipped, so the engine surfaces the aggregator error: ""ActionFailed: No dependent actions succeeded."" In your flow, the actual failure is likely inside a Scope and can include HTTP/connector errors such as 401/403 (expired/revoked connection or missing permissions), 404 ResourceNotFound (bad path/ID; e.g., ""... does not exist""), or transient 429/5xx. Because result() only returns top‑level actions, looking at the wrong level can hide the true failure. Using @result('My_Scope') reveals each action’s name, status, inputs, outputs.statusCode/body, trackingId, and clientTrackingId; in the sample 404 case, the body.code is ResourceNotFound and the message shows an invalid path, which prevents any upstream action from succeeding and blocks the dependent action.","1) Identify the real failing action:
- In Runs history, open the failed run, expand the relevant Scope (e.g., My_Scope), and inspect each action’s Outputs for statusCode, body.code, and message. Note trackingId/clientTrackingId for correlation.
- If you need in‑flow diagnostics, add a Filter array action with From = @result('My_Scope') and condition item()?['status'] is equal to 'Failed' to collect failures.
- Remember: result() only returns top‑level actions (or top‑level within a Scope), not nested items under Switch/Condition. Place critical actions in a Scope to make them visible to result('ScopeName').

2) Fix the underlying cause by error type:
- 401/403: Reauthenticate/recreate the connector (e.g., Google Drive or HTTP connection). Ensure the account still has access and required scopes/permissions.
- 404 ResourceNotFound: Correct the target URI/path/ID. Validate dynamic inputs (file/folder IDs, paths) and handle empty query results so you don’t pass null/invalid paths. If calling an external endpoint, verify the base URL and route exist.
- 429/5xx: Add or strengthen a retry policy with exponential backoff on the failing connector/HTTP action and consider adding Delay/Control actions to avoid throttling.

3) Prevent the aggregator error by adjusting control flow:
- If a downstream action depends on multiple branches, avoid requiring all to Succeed unless intended. Either split the action into separate branches with individual Run after settings, or drive it from a Scope that represents the branch you need.
- Alternatively, compute success/failure explicitly:
  - Add Filter array (From = @result('My_Scope')) where item()?['status'] == 'Succeeded'.
  - Use a Condition: length(body('Filter_array_Succeeded')) > 0 to proceed; otherwise route to an error path.
- If you only need to execute an exception handler, you can remove For each and send the entire filtered array of failures to a single HTTP/logging action.

4) Implement a robust Try/Catch pattern:
- Put risky calls in a Try scope. Add a Catch scope configured to run after Try has Failed or TimedOut.
- In Catch, use @result('Try') with a Filter array on status == 'Failed' and post the resulting array (including status, inputs, outputs, trackingId) to your monitoring endpoint.

5) Re‑run and verify:
- Confirm at least one prerequisite action reaches Succeeded (or the Scope succeeds) and the dependent action runs.
- Monitor correlation IDs (trackingId/clientTrackingId) end‑to‑end for troubleshooting.",0.46,"{""summary"": ""Fix for UNKNOWN_ERROR"", ""steps"": [{""step_number"": 1, ""title"": ""Review and adjust"", ""description"": ""Manual review required because automated fix generation failed."", ""sub_steps"": [""Inspect action inputs"", ""Validate payload"", ""Check API contract""], ""note"": ""No automated patch generated""}]}",,"[{""step"": ""Detected"", ""description"": ""CPI error detected and incident created."", ""status"": ""completed"", ""timestamp"": ""2026-06-08T09:58:42.754638+00:00""}]",,"{""name"": ""gdrive-logic-app"", ""artifact_id"": ""/subscriptions/f97c1b32-c56e-4616-bd76-0e1073a2c8c7/resourceGroups/Logic_app_auto-rg/providers/Microsoft.Logic/workflows/gdrive-logic-app"", ""version"": ""08584206942977262525"", ""package"": ""default"", ""deployed_on"": ""2026-06-04T09:21:51.1737617Z"", ""deployed_by"": ""unknown"", ""runtime_node"": ""southindia"", ""status"": ""Succeeded""}",,,,,,,,,,,,,,,,,,1,,,,,,,,,,0,0,,,,,,,,,,,,,logic_app_auto-rg,,,,
ORBLOGICAPPS-20260608-000005,f97c1b32-c56e-4616-bd76-0e1073a2c8c7,runtime-flow,unknown,,UNKNOWN_ERROR,AUTO_FIXED,Parse JSON received null content,,2026-06-08 14:55:21.144751,2026-06-08 15:06:46.874884,True,True,0,08584206962635313131365917349CU01,/subscriptions/f97c1b32-c56e-4616-bd76-0e1073a2c8c7/resourcegroups/logic_app_auto-rg/providers/microsoft.logic/workflows/runtime-flow/runs/08584206962635313131365917349cu01/actions/parse_json,2026-06-08 09:23:42.212783,2026-06-08 09:25:15.753527,null_reference_error,"The Parse JSON action is failing because its Content input isn’t a concrete JSON value at runtime. Beyond empty/204 responses and wrong output references, the upstream payload is being handled as raw/encoded instead of JSON due to headers/content-type: (1) the prior step returns Content-Type text/plain (or multipart/form-data/binary), so Logic Apps stores the body as a raw string or in body.$content (base64), not as a JSON token; (2) passing body('formdataAction') into a step that sets Content-Type to application/json causes a runtime error because that body is sent encoded; (3) Parse JSON can’t accept null or an encoded/base64 string as a JSON object/array, so it throws InvalidTemplate ('content expects a value but got null' or type errors).","1) Verify the content type and payload shape:
- If you control the sender or upstream HTTP action, ensure it returns JSON with headers: Content-Type: application/json (and set Accept: application/json on your call).
- If the request trigger/client currently sends text/plain, switch it to application/json so the body is tokenized as JSON.

2) Cast or decode when you can’t change headers:
- If the upstream body is JSON text but stored as a plain string (text/plain): in Parse JSON > Content, use: json(body('YourActionName')).
- If the body is base64-encoded under $content (common with form-data/binary): use: json(base64ToString(outputs('YourActionName')?['body']?['$content'])).
- If you only need to forward JSON and avoid Parse JSON, convert before sending: set the HTTP action Body to json(body('YourActionName')) and keep Content-Type: application/json.

3) Avoid sending encoded form-data as JSON:
- Don’t pass body('formdataAction') directly into an HTTP action whose header is Content-Type: application/json or into Parse JSON. Instead, either:
  - Build a proper object from the form fields (e.g., {""field1"": outputs('formdataAction')?['field1'], ...}), or
  - If the form-data contains a single JSON file/payload, decode and cast it: json(base64ToString(outputs('formdataAction')?['body']?['$content'])).

4) Use correct references and guard empties:
- Ensure the expression points to the right step: body('HttpActionName'), outputs('Compose'), variables('myVar'), etc., with the exact action name.
- Handle no-content cases: add a Condition before Parse JSON (not(empty(body('HttpActionName')))). For optional payloads, feed defaults:
  - Object schema: if(empty(body('HttpActionName')), json('{}'), json(body('HttpActionName')))
  - Array schema: if(empty(body('HttpActionName')), json('[]'), json(body('HttpActionName')))

5) Regenerate the Parse JSON schema from a sample of the corrected payload (after casting/decoding) so it matches the actual structure.

6) Re-run and confirm in the failed run details that Parse JSON > Inputs > Content is a non-null object/array, not a quoted/encoded string or null.",0.88,"{""summary"": ""The workflow likely fails during or after the Parse JSON action because the HTTP trigger has no input schema and there is no error handling. This can cause unvalidated or non-JSON payloads to reach Parse JSON, leading to runtime failures that may surface as UNKNOWN_ERROR. Add a request schema, implement failure handling with explicit HTTP 400 responses, ensure content-type headers, and validate via tests and monitoring."", ""steps"": [{""step_number"": 1, ""title"": ""Confirm where the failure occurs and capture context"", ""description"": ""Use run history to pinpoint the failing action and gather context since the error category is UNKNOWN_ERROR and the message is empty."", ""sub_steps"": [""Open the Logic App run history and locate the failed run(s)."", ""Check the trigger details: Was the request body valid JSON? What were the headers (Content-Type)?"", ""Open the Parse_JSON action details and look for error messages like 'The input content is not a valid JSON' or 'Required property 'age' is missing'."", ""Reproduce the issue by sending a request without 'age' or with a non-integer 'age' to confirm Parse_JSON failure."", ""Note correlation IDs, timestamps, and any runtime/system error details for troubleshooting.""], ""note"": ""If no run history is available, temporarily enable diagnostic logs to Log Analytics or Application Insights to capture input/output and errors.""}, {""step_number"": 2, ""title"": ""Enforce input contract at the HTTP trigger"", ""description"": ""Add an input schema to the When an HTTP request is received trigger so invalid payloads are rejected before hitting Parse JSON."", ""sub_steps"": [""Edit the trigger and add inputs.schema with: type object; required: [\""age\""]; properties.age: { type: \""integer\"" }."", ""Resulting trigger (conceptually): type: Request, kind: Http, inputs.schema: { type: object, required: [\""age\""], properties: { age: { type: integer } } }."", ""Save and redeploy the workflow.""], ""note"": ""Trigger-level schema causes the platform to validate requests early, producing a clear 400 Bad Request instead of opaque downstream errors.""}, {""step_number"": 3, ""title"": ""Add explicit error handling and consistent responses"", ""description"": ""Ensure the workflow returns meaningful HTTP responses for both success and failure paths."", ""sub_steps"": [""Keep the existing Response action for success but add headers: Content-Type: application/json and set the body to a JSON object (e.g., {\""status\"":\""Success\""})."", ""Add a new Response action named Bad_Request_Response with statusCode 400, headers Content-Type: application/json, and a body explaining the expected schema (e.g., {\""error\"":\""Invalid input. Required: integer 'age'.\""})."", ""Configure runAfter: set the success Response to run only after Parse_JSON is Succeeded; set Bad_Request_Response to run after Parse_JSON is Failed or Skipped."", ""Optionally, add a Scope around Parse_JSON and use Configure run after for centralized success/failure handling.""], ""note"": ""This prevents the workflow from returning 200 when parsing fails and gives clients a clear failure message.""}, {""step_number"": 4, ""title"": ""Optionally accept string numeric ages and normalize"", ""description"": ""If clients sometimes send age as a string (e.g., \""30\""), relax the schema and coerce to integer."", ""sub_steps"": [""Update the trigger (and/or Parse_JSON) schema to allow oneOf integer or string matching digits."", ""Add a Compose action after Parse_JSON with expression: int(body('Parse_JSON')?['age'])."", ""Use the Compose output in downstream actions to ensure a consistent integer type.""], ""note"": ""Only implement if backward compatibility is required. Otherwise keep strict integer validation.""}, {""step_number"": 5, ""title"": ""Test with positive and negative cases"", ""description"": ""Validate the workflow behavior end-to-end after changes."", ""sub_steps"": [""Positive test: POST with header Content-Type: application/json and body {\""age\"": 30}. Expect 200 and JSON success body."", ""Negative test (missing field): POST {}. Expect 400 with error message."", ""Negative test (wrong type): POST {\""age\"":\""thirty\""}. Expect 400 with error message unless type-flexibility was added."", ""Negative test (invalid JSON): POST a non-JSON payload. Expect 400 at trigger validation or Parse_JSON failure handled by 400 response."", ""Verify run history shows the correct path (success or failure) and no UNKNOWN_ERROR.""], ""note"": ""Record request/response pairs to assist consumers and prevent regressions.""}, {""step_number"": 6, ""title"": ""Enable diagnostics and monitoring"", ""description"": ""Improve observability to detect future issues quickly."", ""sub_steps"": [""Enable diagnostic logging to Log Analytics or Application Insights."", ""Add tracked properties to key actions (e.g., include a sanitized age value and correlation ID)."", ""Set up alerts for failed runs or spikes in 4xx responses.""], ""note"": ""Observability reduces the chance that future errors are reported as unknown.""}, {""step_number"": 7, ""title"": ""Document and communicate the contract"", ""description"": ""Publish the expected request schema and sample requests for API consumers."", ""sub_steps"": [""Document that the endpoint expects POST with application/json and body {\""age\"": <integer>} by default."", ""Provide example curl/Postman scripts for success and failure cases."", ""Version the contract if you later introduce flexible input types.""], ""note"": ""Clear documentation reduces malformed requests and downstream parsing errors.""}]}",,"[{""step"": ""Detected"", ""description"": ""CPI error detected and incident created."", ""status"": ""completed"", ""timestamp"": ""2026-06-08T09:25:15.753527+00:00""}]",,"{""name"": ""runtime-flow"", ""artifact_id"": ""/subscriptions/f97c1b32-c56e-4616-bd76-0e1073a2c8c7/resourceGroups/Logic_app_auto-rg/providers/Microsoft.Logic/workflows/runtime-flow"", ""version"": ""08584206962663013685"", ""package"": ""default"", ""deployed_on"": ""2026-06-05T09:58:57.4183701Z"", ""deployed_by"": ""unknown"", ""runtime_node"": ""southindia"", ""status"": ""Succeeded""}",,,,,,,,,,,,,,,,,,1,,,,,,,,,,0,0,,,,,,,,,,,,,logic_app_auto-rg,,,,
ORBLOGICAPPS-20260608-000004,f97c1b32-c56e-4616-bd76-0e1073a2c8c7,gdrive-logic-app,unknown,,UNKNOWN_ERROR,DETECTED,,,2026-06-08 14:32:54.419627,2026-06-08 14:32:54.419627,False,False,0,08584206976748553920004233424CU11,/subscriptions/f97c1b32-c56e-4616-bd76-0e1073a2c8c7/resourcegroups/logic_app_auto-rg/providers/microsoft.logic/workflows/gdrive-logic-app/runs/08584206976748553920004233424cu11/actions/condition,2026-06-08 09:00:11.766858,2026-06-08 09:02:46.947917,unknown_error,,,,,,"[{""step"": ""Detected"", ""description"": ""CPI error detected and incident created."", ""status"": ""completed"", ""timestamp"": ""2026-06-08T09:02:46.947917+00:00""}]",,"{""name"": ""gdrive-logic-app"", ""artifact_id"": ""/subscriptions/f97c1b32-c56e-4616-bd76-0e1073a2c8c7/resourceGroups/Logic_app_auto-rg/providers/Microsoft.Logic/workflows/gdrive-logic-app"", ""version"": ""08584206976829552453"", ""package"": ""default"", ""deployed_on"": ""2026-06-04T09:21:51.1737617Z"", ""deployed_by"": ""unknown"", ""runtime_node"": ""southindia"", ""status"": ""Succeeded""}",,,,,,,,,,,,,,,,,,1,,,,,,,,,,0,0,,,,,,,,,,,,,logic_app_auto-rg,,,,
ORBLOGICAPPS-20260608-000003,f97c1b32-c56e-4616-bd76-0e1073a2c8c7,Quote-flow,unknown,,UNKNOWN_ERROR,AUTO_FIXED,$connections key mismatch: office365 vs office365+,,2026-06-08 11:54:40.703991,2026-06-08 14:51:11.236143,True,True,0,08584207074127956181599803302CU25,/subscriptions/f97c1b32-c56e-4616-bd76-0e1073a2c8c7/resourcegroups/logic_app_auto-rg/providers/microsoft.logic/workflows/quote-flow/runs/08584207074127956181599803302cu25/actions/http,2026-06-08 06:18:34.451506,2026-06-08 06:24:33.231547,unknown_error,"InvalidTemplate occurs because the Send_an_email_(V2) action references parameters('$connections')[""office365""], but the workflow’s $connections parameter only defines a key named ""office365+"". At runtime, the engine can’t resolve a connectionId for the missing key, so the action can’t bind to the Office 365 Outlook connection. This mismatch commonly happens when actions are copied between workflows or when the designer created a connection with a slightly different auto-generated key. Additionally, Outlook connections remain valid until explicitly changed or revoked; simply changing user credentials won’t update the bound connection, which can hide the mismatch until deployment.","Align the connection reference with the defined $connections key and rebind the action to the intended account:

1) Quick code fix (Consumption workflows):
- In Code View, update all Office 365 Outlook operations (triggers/actions) to use the existing key in $connections. For your case, change parameters('$connections')[""office365""] to parameters('$connections')[""office365+""] wherever referenced (e.g., Send_an_email_(V2), When a new email arrives, Create contact).
- Alternatively, in the workflow/ARM template, add or rename the $connections entry so that both keys exist during migration:
  {
    ""$connections"": {
      ""value"": {
        ""office365+"": { ""connectionId"": ""<existing>"", ""connectionName"": ""<existing>"", ""id"": ""<existing>"" },
        ""office365"":  { ""connectionId"": ""<same-as-office365+>"", ""connectionName"": ""<same-as-office365+>"", ""id"": ""<same-as-office365+>"" }
      }
    }
  }
  Then clean up to a single, consistent key.

2) Designer-driven fix (recommended):
- Open the workflow in the designer, open each Office 365 Outlook trigger/action, choose Change connection, and select the correct connection or sign in. If you need to use a different account (for example, a service account), use Connect using other accounts to create/select that connection. This updates the definition to the correct key (e.g., ""office365+"") automatically.
- If you previously changed user credentials, remember that the connection token doesn’t expire until revoked. To force a new binding, explicitly change the connection or revoke the old connection in the API connections blade, then re-authenticate.

3) Validate:
- Save the workflow and redeploy if using ARM/Bicep.
- Run a test trigger and verify in Run history that no InvalidTemplate error occurs and the Office 365 Outlook actions execute successfully.

Note: If this is a Logic Apps Standard workflow, don’t use parameters('$connections'). Instead, ensure the Office 365 Outlook connection is defined under managedApiConnections (connections.json/app settings) and that each action references that connection per Standard conventions. For Consumption, keep the single, consistent key under $connections and reference it identically in all O365 actions/triggers.",0.86,"{""summary"": ""Fix for UNKNOWN_ERROR"", ""steps"": [{""step_number"": 1, ""title"": ""Review and adjust"", ""description"": ""Manual review required because automated fix generation failed."", ""sub_steps"": [""Inspect action inputs"", ""Validate payload"", ""Check API contract""], ""note"": ""No automated patch generated""}]}",,"[{""step"": ""Detected"", ""description"": ""CPI error detected and incident created."", ""status"": ""completed"", ""timestamp"": ""2026-06-08T06:24:33.231547+00:00""}]",,"{""name"": ""Quote-flow"", ""artifact_id"": ""/subscriptions/f97c1b32-c56e-4616-bd76-0e1073a2c8c7/resourceGroups/Logic_app_auto-rg/providers/Microsoft.Logic/workflows/Quote-flow"", ""version"": ""08584207074218655006"", ""package"": ""default"", ""deployed_on"": ""2026-06-05T09:22:58.7595564Z"", ""deployed_by"": ""unknown"", ""runtime_node"": ""southindia"", ""status"": ""Succeeded""}",,,,,,,,,,,,,,,,,,1,,,,,,,,,,0,0,,,,,,,,,,,,,logic_app_auto-rg,,,,
ORBLOGICAPPS-20260608-000002,f97c1b32-c56e-4616-bd76-0e1073a2c8c7,gdrive-logic-app,unknown,,UNKNOWN_ERROR,AUTO_FIXED,unknown,,2026-06-08 11:47:54.186757,2026-06-08 14:41:32.875871,True,True,0,08584207075789802004539289916CU13,/subscriptions/f97c1b32-c56e-4616-bd76-0e1073a2c8c7/resourcegroups/logic_app_auto-rg/providers/microsoft.logic/workflows/gdrive-logic-app/runs/08584207075789802004539289916cu13,2026-06-08 06:15:07.629903,2026-06-08 06:17:46.716987,action_failed,"The downstream step marked ActionFailed is a symptom, not the cause. A prerequisite (upstream) action inside your scope failed, so the dependent action never had a successful condition to run after. The sample failure object shows a top‑level action that returned 404 ResourceNotFound with message ""/docs/folder-name/resource-name does not exist""; this indicates a bad path/ID or missing resource. In flows that use Google Drive or similar connectors, comparable failures often come from expired/revoked OAuth, insufficient permissions (401/403), not‑found items (404), or throttling (429). Also, if you placed a step after multiple branches and required all to Succeed, a single branch failure/skip can block the downstream action. To triage reliably, use the @result('ScopeName') expression on the scope to get only top‑level action results, then filter to items where status == Failed. Note that result() does not include deeper nested actions under Switch/Condition; wrap branch work in dedicated scopes if you need their results.","1) Find and fix the first real failure:
- In the run history, expand from the top until you hit the first red X; that is the root cause.
- Or add a temporary investigation step: Filter array over @result('My_Scope') with condition item()?['status'] == 'Failed' to reveal which top‑level actions failed and why.
- Inspect each failed item’s outputs.statusCode, outputs.body.message, code, trackingId, and clientTrackingId to pinpoint the connector error.

2) Resolve common root causes:
- 404 ResourceNotFound: Correct the path/ID. Ensure the item exists and is accessible to the connection. For connectors that prefer IDs (e.g., Google Drive), use fileId over path where possible.
- 401/403: Reauthenticate the API connection (API connections -> <Connector> -> Edit -> Reconnect) and ensure the account has access to the target file/folder.
- 429/5xx: Add/adjust retry policy and exponential backoff on the connector action.

3) Harden error handling with scopes and @result():
- Wrap your main steps in a Try scope (e.g., My_Scope). Add a Catch scope configured to run after My_Scope with Failed and TimedOut.
- Inside Catch, add Filter array on @result('My_Scope') where item()?['status'] == 'Failed'.
- Choose your handling pattern:
  • Single handler action: Send the entire filtered array to an HTTP POST (e.g., alerting/Log Analytics) and remove a For each.
  • Per‑failure handling: Use For each over the filtered array to notify or compensate for each failed action.
- In notifications/logs, include item()?['name'], item()?['inputs']?.['method'], item()?['inputs']?.['uri'], item()?['outputs']?.['statusCode'], item()?['outputs']?.['body']?.['message'], item()?['trackingId'], item()?['clientTrackingId'], startTime, and endTime.
- Important: result() returns only top‑level actions. If failures happen under Switch/Condition, place those actions inside their own scopes so @result('<Scope>') can surface them.

4) Correct run‑after/branching logic:
- If a step follows multiple branches, don’t require all branches to Succeed. Either place the step inside each branch, create separate downstream steps per branch, or configure Run after to require Succeeded on the producing branch and accept Skipped on non‑producing branches.
- Alternatively, set a variable or compose an output in each branch and reference it later to avoid hard dependencies on every branch.

5) Validate and enforce outcomes:
- Re‑run the workflow to confirm the first failure is resolved and dependent steps execute.
- In Catch, optionally Terminate with status Failed and a composed error summary when filtered failures are non‑empty; otherwise continue.
- Keep the investigation Filter array in place for a few runs to ensure stability, then migrate to your preferred notification/observability pattern.",0.66,"{""summary"": ""Fix for UNKNOWN_ERROR"", ""steps"": [{""step_number"": 1, ""title"": ""Review and adjust"", ""description"": ""Manual review required because automated fix generation failed."", ""sub_steps"": [""Inspect action inputs"", ""Validate payload"", ""Check API contract""], ""note"": ""No automated patch generated""}]}",,"[{""step"": ""Detected"", ""description"": ""CPI error detected and incident created."", ""status"": ""completed"", ""timestamp"": ""2026-06-08T06:17:46.716987+00:00""}]",,"{""name"": ""gdrive-logic-app"", ""artifact_id"": ""/subscriptions/f97c1b32-c56e-4616-bd76-0e1073a2c8c7/resourceGroups/Logic_app_auto-rg/providers/Microsoft.Logic/workflows/gdrive-logic-app"", ""version"": ""08584207076706687196"", ""package"": ""default"", ""deployed_on"": ""2026-06-04T09:21:51.1737617Z"", ""deployed_by"": ""unknown"", ""runtime_node"": ""southindia"", ""status"": ""Succeeded""}",,,,,,,,,,,,,,,,,,1,,,,,,,,,,0,0,,,,,,,,,,,,,logic_app_auto-rg,,,,
ORBLOGICAPPS-20260608-000001,f97c1b32-c56e-4616-bd76-0e1073a2c8c7,gdrive-logic-app,unknown,,UNKNOWN_ERROR,PIPELINE_STARTED,"The generic 'unknown' error is most consistent with a managed identity misconfiguration introduced by deployment. The template set the Logic App resource's identity.type to 'None', which removes both system-assigned and user-assigned identities. If your workflows or their environment rely on that identity for any of the following—Key Vault references for connection secrets or app settings, secure inputs/outputs, access to a locked-down storage account (Logic Apps Standard), VNET-restricted dependencies, or connectors/actions configured for managed identity—the runtime can’t resolve secrets or reach dependencies and actions fail with empty/unknown errors. For Google Drive specifically, the connector uses OAuth to Google, but if the runtime can’t read the OAuth tokens/connection settings (for example because those secrets are referenced from Key Vault via MI), the call fails and surfaces as 'unknown'. The original causes still apply (expired/revoked Google OAuth, transient 429/5xx from Google, timeouts, or egress blocks), but given the evidence about identity.type='None', the most likely root cause is the identity being removed by IaC.",,2026-06-08 11:46:33.290493,2026-06-08 11:50:00.557320,True,False,0,08584207076613070524394612162CU08,/subscriptions/f97c1b32-c56e-4616-bd76-0e1073a2c8c7/resourcegroups/logic_app_auto-rg/providers/microsoft.logic/workflows/gdrive-logic-app/runs/08584207076613070524394612162cu08/actions/condition,2026-06-08 06:13:45.310167,2026-06-08 06:16:26.304944,unknown_error,"The generic 'unknown' error is most consistent with a managed identity misconfiguration introduced by deployment. The template set the Logic App resource's identity.type to 'None', which removes both system-assigned and user-assigned identities. If your workflows or their environment rely on that identity for any of the following—Key Vault references for connection secrets or app settings, secure inputs/outputs, access to a locked-down storage account (Logic Apps Standard), VNET-restricted dependencies, or connectors/actions configured for managed identity—the runtime can’t resolve secrets or reach dependencies and actions fail with empty/unknown errors. For Google Drive specifically, the connector uses OAuth to Google, but if the runtime can’t read the OAuth tokens/connection settings (for example because those secrets are referenced from Key Vault via MI), the call fails and surfaces as 'unknown'. The original causes still apply (expired/revoked Google OAuth, transient 429/5xx from Google, timeouts, or egress blocks), but given the evidence about identity.type='None', the most likely root cause is the identity being removed by IaC.","[""Validate the Logic App's identity in the Azure portal: Standard -> Logic App (App Service) -> Identity; Consumption -> Logic App -> Identity. Ensure System assigned is On or the expected User assigned identity is attached. If it's Off or missing, re-enable/attach the correct identity."", ""Fix the template and redeploy: Do not set identity.type to 'None' unless intentionally removing identities. Use identity.type='SystemAssigned' if you need system-assigned; use identity.type='UserAssigned' or 'SystemAssigned, UserAssigned' and include userAssignedIdentities: { '<user-assigned-identity-resource-id>': {} } if you need a UAI. Define a variable for the UAI resource ID and reference it correctly."", ""Reapply RBAC for the identity: Key Vault (grant get/list on secrets via RBAC or access policy), Storage for Logic Apps Standard behind firewall (Storage Blob Data Contributor/Reader as appropriate), and any other Azure resources accessed with MI. Wait for role assignments to propagate (up to 10 minutes)."", ""If you do not intend to use MI, remove Key Vault references and any configuration that depends on MI for secret resolution, or temporarily re-enable MI to migrate secrets to app settings securely, then remove MI when migration completes."", ""Restart and resync after identity correction: For Standard, restart the Logic App app. Open Connections/API connections and confirm all are Connected. For the Google Drive connection, open it, select Edit credentials, sign in, and Save to refresh tokens."", ""Re-run the workflow and inspect the failed action Outputs. Confirm you now see structured statusCode/headers/body. If still failing, continue with connector-centric checks below."", ""Google Drive connector checks: Reauthorize or recreate the Google Drive API connection if tokens were invalidated; ensure the Google account has the required Drive/file permissions. Add an Exponential retry policy (e.g., maxRetryCount 5) and increase action Timeout for large files. Validate trigger configuration (folder ID/path and filters)."", ""Network egress: If using VNET/ISE/firewall/proxy, allow outbound HTTPS to *.googleapis.com and www.googleapis.com:443; ensure no NSG or proxy blocks these endpoints."", ""Diagnostics: Consumption -> Diagnostic settings -> send LogicAppsWorkflowRuntime to Log Analytics and query AzureDiagnostics. Standard -> enable Application Insights and review exceptions/traces for this workflow."", ""IaC hygiene to prevent regressions: In incremental deployments, omit the identity block rather than setting type='None' to preserve existing identities. Parameterize whether to attach a UAI and its resource ID. Add a CI check to fail the deployment if identity.type=='None' unintentionally.""]",0.29,"{""summary"": ""Fix for UNKNOWN_ERROR"", ""steps"": [{""step_number"": 1, ""title"": ""Review and adjust"", ""description"": ""Manual review required because automated fix generation failed."", ""sub_steps"": [""Inspect action inputs"", ""Validate payload"", ""Check API contract""], ""note"": ""No automated patch generated""}]}",,"[{""step"": ""Detected"", ""description"": ""CPI error detected and incident created."", ""status"": ""completed"", ""timestamp"": ""2026-06-08T06:16:26.304944+00:00""}]",,"{""name"": ""gdrive-logic-app"", ""artifact_id"": ""/subscriptions/f97c1b32-c56e-4616-bd76-0e1073a2c8c7/resourceGroups/Logic_app_auto-rg/providers/Microsoft.Logic/workflows/gdrive-logic-app"", ""version"": ""08584207076706687196"", ""package"": ""default"", ""deployed_on"": ""2026-06-04T09:21:51.1737617Z"", ""deployed_by"": ""unknown"", ""runtime_node"": ""southindia"", ""status"": ""Succeeded""}",,,,,,,,,,,,,,,,,,1,,,,,,,,,,0,0,,,,,,,,,,,,,logic_app_auto-rg,,,,
ORBLOGICAPPS-20260607-000006,f97c1b32-c56e-4616-bd76-0e1073a2c8c7,gdrive-logic-app,unknown,,UNKNOWN_ERROR,DETECTED,,,2026-06-07 09:38:25.852760,2026-06-07 09:38:25.852760,False,False,0,08584208016987868547882355137CU22,/subscriptions/f97c1b32-c56e-4616-bd76-0e1073a2c8c7/resourcegroups/logic_app_auto-rg/providers/microsoft.logic/workflows/gdrive-logic-app/runs/08584208016987868547882355137cu22/actions/condition,2026-06-07 04:06:27.991332,2026-06-07 04:08:18.344006,unknown_error,,,,,,"[{""step"": ""Detected"", ""description"": ""CPI error detected and incident created."", ""status"": ""completed"", ""timestamp"": ""2026-06-07T04:08:18.344006+00:00""}]",,"{""name"": ""gdrive-logic-app"", ""artifact_id"": ""/subscriptions/f97c1b32-c56e-4616-bd76-0e1073a2c8c7/resourceGroups/Logic_app_auto-rg/providers/Microsoft.Logic/workflows/gdrive-logic-app"", ""version"": ""08584208031851571331"", ""package"": ""default"", ""deployed_on"": ""2026-06-04T09:21:51.1737617Z"", ""deployed_by"": ""unknown"", ""runtime_node"": ""southindia"", ""status"": ""Succeeded""}",,,,,,,,,,,,,,,,,,1,,,,,,,,,,0,0,,,,,,,,,,,,,logic_app_auto-rg,,,,
ORBLOGICAPPS-20260607-000005,f97c1b32-c56e-4616-bd76-0e1073a2c8c7,gdrive-logic-app,unknown,,UNKNOWN_ERROR,AUTO_FIXED,Upstream failures left no file path input,,2026-06-07 09:25:08.129637,2026-06-07 09:46:18.078482,True,True,0,08584208025510733528627871774CU00,/subscriptions/f97c1b32-c56e-4616-bd76-0e1073a2c8c7/resourcegroups/logic_app_auto-rg/providers/microsoft.logic/workflows/gdrive-logic-app/runs/08584208025510733528627871774cu00/actions/condition,2026-06-07 03:52:15.492062,2026-06-07 03:55:03.470388,action_failed,"The downstream action emitted ""No dependent actions succeeded"" because it was configured with multiple runAfter dependencies (implicit AND). At least one upstream action in the prior scope failed or was skipped, so the dependent action never ran. The real fault is in an earlier action, not in the blocked action itself. Use a scope-level failure summary to see exactly which actions failed: @result('<ScopeName>') returns an array of top-level action results (name, status, inputs, outputs, trackingId/clientTrackingId, timestamps). From that array, you can identify the earliest failure and its concrete HTTP status/body (for example, the sample shows a 404 ResourceNotFound with a ""does not exist"" message, which typically means a bad path/ID or missing resource). Note: result() returns only top-level actions, not actions nested inside a condition/switch; if failures are inside those, inspect them directly in run history or refactor them into a top-level scope to make them visible to result(). Likely upstream causes (e.g., Google Drive connector) include expired/invalid auth (401/403), wrong file ID/path or missing share (404), throttling/quota (429), transient server issues (5xx), or bad inputs (400).","1) Identify failing upstream action(s):
- In the failed run, add or evaluate a scope around the relevant upstream calls (e.g., Upstream_Scope). Use @result('Upstream_Scope') to get the array of action outcomes and filter to failures.
- Filter expression: From: ""@result('Upstream_Scope')""; Condition: ""@equals(item()?['status'], 'Failed')"". Optionally sort by startTime to find the earliest failing action.
- Open the first failing action's Inputs/Outputs to read statusCode and body.code/message (e.g., 404 ResourceNotFound). Capture trackingId/clientTrackingId for correlation.

2) Remediate the root cause indicated by the failing action:
- 401/403: Reauthorize the Google Drive connection (Logic App > Connections), ensure the correct account and required permissions to the target Drive/file/folder. Delete/recreate the connection if consent is stale.
- 404 ResourceNotFound: Verify the file/folder exists, the path/ID is correct for the API used (path vs fileId), and the item is shared with the connection account. Validate dynamic content/expressions that build the path/ID, check Shared Drives vs My Drive, and ensure proper encoding and slash handling.
- 429/5xx: Add an exponential retry policy (type Exponential, count 5–8, interval 10s), reduce For each concurrency, add Delay between calls, and respect Drive API quotas.
- 400: Fix required fields, MIME types, encodings; guard null/empty values using coalesce(), if(), and empty() checks.

3) Fix orchestration to avoid the ""AND"" dependency trap:
- Do not chain a single action to multiple predecessors unless all are truly required. Instead, depend only on the branch whose output you consume, or use a Try/Catch pattern with scopes.
- Try/Catch pattern: Scope_Try (main calls) and Scope_Catch (run after Scope_Try Failed/TimedOut). Handle failures in Scope_Catch and allow downstream actions to proceed based on Scope_Try or Scope_Catch completion so the flow doesn’t block.

4) Implement structured exception handling with @result():
- After the Try scope, add a Filter array over ""@result('Scope_Try')"" to keep only Failed items.
- If you only need a single notification/log, remove For_each and send one consolidated action (e.g., HTTP POST or email) with the entire filtered array. Include name, status, inputs.uri/method, outputs.statusCode, outputs.body.code/message, trackingId, and clientTrackingId.
- If you must act per failed action, keep For each over the filtered array and handle each item.
- Reminder: result() only includes top-level actions. If failures are inside a switch/condition, refactor those calls into a top-level scope or inspect them directly in run history.

5) Harden the workflow:
- Configure retries with backoff on transient connectors, add explicit timeouts, reduce parallelism, and add guard conditions around downstream usage.

6) Validate:
- Re-run after fixes. Confirm that at least one dependency succeeds, the downstream action is unblocked, and the exception handler captures any remaining failed actions with full context.",0.62,"{""summary"": ""Fix for UNKNOWN_ERROR"", ""steps"": [{""step_number"": 1, ""title"": ""Review and adjust"", ""description"": ""Manual review required because automated fix generation failed."", ""sub_steps"": [""Inspect action inputs"", ""Validate payload"", ""Check API contract""], ""note"": ""No automated patch generated""}]}",,"[{""step"": ""Detected"", ""description"": ""CPI error detected and incident created."", ""status"": ""completed"", ""timestamp"": ""2026-06-07T03:57:25.428336+00:00""}]",,"{""name"": ""gdrive-logic-app"", ""artifact_id"": ""/subscriptions/f97c1b32-c56e-4616-bd76-0e1073a2c8c7/resourceGroups/Logic_app_auto-rg/providers/Microsoft.Logic/workflows/gdrive-logic-app"", ""version"": ""08584208031851571331"", ""package"": ""default"", ""deployed_on"": ""2026-06-04T09:21:51.1737617Z"", ""deployed_by"": ""unknown"", ""runtime_node"": ""southindia"", ""status"": ""Succeeded""}",,,,,,,,,,,,,,,,,,1,,,,,,,,,,0,0,,,,,,,,,,,,,logic_app_auto-rg,,,,
ORBLOGICAPPS-20260607-000004,f97c1b32-c56e-4616-bd76-0e1073a2c8c7,gdrive-logic-app,unknown,,UNKNOWN_ERROR,AUTO_FIXED,Upstream runAfter dependencies all failed,,2026-06-07 08:45:43.928905,2026-06-07 08:52:38.882971,True,True,0,08584208049285167093326295020CU14,/subscriptions/f97c1b32-c56e-4616-bd76-0e1073a2c8c7/resourcegroups/logic_app_auto-rg/providers/microsoft.logic/workflows/gdrive-logic-app/runs/08584208049285167093326295020cu14,2026-06-07 03:12:37.973337,2026-06-07 03:15:35.815244,action_failed,"The Scope/control action failed because a child action returned HTTP 404 NotFound (ResourceNotFound: ""/docs/folder-name/resource-name does not exist""). The parent then reported ActionFailed since its run-after likely requires Succeeded. This isn’t specific to Google Drive; it’s an HTTP/connector call where the URI/path or method is incorrect, the resource truly doesn’t exist, or access is denied (some APIs mask auth issues as 404). You can identify which actions failed inside the scope by using @result('My_Scope'), which returns an array of top-level child actions with properties like name, inputs (method/uri), outputs (statusCode/body), startTime/endTime, trackingId/clientTrackingId, code, and status. Note: result() only returns top-level actions within the target scope; it won’t include actions nested deeper inside a Switch or Condition. If the failure happened inside a nested branch, examine that branch directly or wrap it in its own scope to surface results.","1) Pinpoint the failing call:
- In Run history, open the failed run, expand the failing Scope, and find the first inner action with a red X. Confirm the 404 details in Outputs→Body (ResourceNotFound) and Inputs→URI/Method.
- Or add a diagnostic path: after My_Scope, add a step with run-after set to My_Scope Failed, TimedOut, or Skipped. Insert a Filter array with From: @result('My_Scope') and Condition: equals(item()?['status'], 'Failed'). Optionally remove any For_each and send the entire filtered array to a single HTTP/logging action. Include fields like name, inputs.method, inputs.uri, outputs.statusCode, outputs.body, trackingId, clientTrackingId, startTime, endTime.

2) Correct the 404 root cause:
- Verify the base URL and route are correct for the environment (dev/test/prod) and API version.
- Ensure the resource path is exact (case-sensitive if applicable): /docs/folder-name/resource-name actually exists.
- Confirm the HTTP method is correct for the endpoint (e.g., use GET to fetch a resource rather than POST if required).
- Reauthorize the connection/token and verify scopes/permissions; insufficient access can present as 404.
- If the path is dynamic, validate inputs aren’t null/empty before calling.

3) Harden error handling and resiliency:
- Use Try (Main_Scope) / Catch (On_Failure) scopes with run-after on Catch for Failed/TimedOut/Skipped. In Catch, use @result('Main_Scope') + Filter array to capture failed actions; post them to monitoring with trackingId/clientTrackingId.
- Set connector retry policy to Exponential for transient errors; for 404 (non-transient), keep retries minimal or none.
- Add guards (conditions) to check required IDs/paths before the HTTP call.
- If failures occur inside Switch/Condition, wrap branch actions in their own scopes and call result() on those scopes so failures are observable.

4) Optional operational tweaks:
- If iterating over items that could cause path conflicts, keep For_each sequential.
- Log correlation IDs (trackingId/clientTrackingId) to cross-reference backend logs.",0.46,"{""summary"": ""Fix malformed workflow JSON, define a valid If condition for file-type validation, correct dynamic expressions, and ensure the Google Drive file path is built correctly so the email with attachment is sent and appropriate HTTP responses are returned."", ""steps"": [{""step_number"": 1, ""title"": ""Repair malformed Condition action and set proper control type"", ""description"": ""The Condition action is incomplete and lacks required properties which causes parsing failures and an unknown error. Convert it to a valid If control action with a proper expression and ensure JSON is well-formed."", ""sub_steps"": [""In the action named \""Condition\"", add \""type\"": \""If\""."", ""Add the missing \""expression\"" property to validate allowed extensions."", ""Ensure the JSON is closed properly by removing the stray \""expressio\"" fragment and adding necessary braces/commas.""], ""note"": ""Malformed JSON and missing control type/expression are common causes of UNKNOWN_ERROR at deployment or run-time parsing.""}, {""step_number"": 2, ""title"": ""Define file-type validation expression"", ""description"": ""Only allow .xlsx and .csv files. Implement a robust, case-insensitive check."", ""sub_steps"": [""Set the If expression to: \""@or(endsWith(toLower(triggerBody()?['fileName']), '.xlsx'), endsWith(toLower(triggerBody()?['fileName']), '.csv'))\"""", ""Keep the existing true-branch actions as the If branch and the provided 400 Response as the Else branch.""], ""note"": ""Using toLower with endsWith ensures case-insensitive matching.""}, {""step_number"": 3, ""title"": ""Fix Google Drive path concatenation for Get file content using path"", ""description"": ""Ensure the path query concatenates folderPath and fileName with exactly one slash to avoid 404 or invalid path errors."", ""sub_steps"": [""Replace the current path query value \""@{triggerBody()?['folderPath']}@{triggerBody()?['fileName']}\"" with:"", ""\""@{if(endsWith(triggerBody()?['folderPath'], '/'), concat(triggerBody()?['folderPath'], triggerBody()?['fileName']), concat(triggerBody()?['folderPath'], '/', triggerBody()?['fileName']))}\""""], ""note"": ""This prevents double slashes or missing slashes in the requested path.""}, {""step_number"": 4, ""title"": ""Correct the attachment Name expression in Send an email (V2)"", ""description"": ""The attachment name uses an invalid expression format which can lead to run-time failures."", ""sub_steps"": [""Change the attachment Name from \""@triggerBody()?['fileName']\"" to \""@{triggerBody()?['fileName']}\"" within the Attachments array.""], ""note"": ""All inline expressions must use the @{...} syntax in Logic Apps.""}, {""step_number"": 5, ""title"": ""Confirm ContentBytes encoding for the attachment"", ""description"": ""Ensure the email attachment is base64-encoded as required by Office 365 Outlook Send email (V2)."", ""sub_steps"": [""Keep ContentBytes as \""@base64(body('Get_file_content_using_path'))\"" if the Google Drive action returns binary content."", ""If testing reveals the body is already base64, remove the base64() wrapper to avoid double-encoding.""], ""note"": ""Most file content actions return binary; base64() is typically required for O365 attachments.""}, {""step_number"": 6, ""title"": ""Add required properties to HTTP trigger schema"", ""description"": ""Explicitly require fileName and folderPath in the HTTP trigger to avoid null references."", ""sub_steps"": [""In triggers.When_an_HTTP_request_is_received.inputs.schema, add: \""required\"": [\""fileName\"", \""folderPath\""]""], ""note"": ""This causes the trigger to reject requests missing essential fields with a clear 400 error.""}, {""step_number"": 7, ""title"": ""Verify connector references and connections"", ""description"": ""Ensure the $connections parameters and API connections match the action references."", ""sub_steps"": [""Confirm $connections contains entries for keys \""googledrive\"" and \""office365\"" with valid connectionId values."", ""Validate the Google Drive connector supports the action path \""/datasets/default/GetFileContentByPath\"" with query parameter \""path\""."", ""Reauthenticate connections if they show as invalid or expired.""], ""note"": ""Mismatched or unauthenticated connections can produce non-descriptive UNKNOWN_ERROR at runtime.""}, {""step_number"": 8, ""title"": ""End-to-end tests for both success and failure paths"", ""description"": ""Run test requests to validate the If/Else logic, file retrieval, and email sending."", ""sub_steps"": [""Test success: POST body {\""fileName\"": \""report.xlsx\"", \""folderPath\"": \""/Shared/Reports\""}. Expect 200 and email with attachment."", ""Test success with trailing slash: {\""fileName\"": \""data.csv\"", \""folderPath\"": \""/Shared/Data/\""}. Expect 200 and attachment."", ""Test failure (invalid type): {\""fileName\"": \""readme.txt\"", \""folderPath\"": \""/Shared\""}. Expect 400 with ERR_INVALID_FILE_TYPE."", ""Test missing fields: Omit fileName or folderPath. Expect schema validation error on trigger.""], ""note"": ""Capture run history to confirm each action\u2019s inputs/outputs, especially the Drive path and Send email attachment.""}]}",,"[{""step"": ""Detected"", ""description"": ""CPI error detected and incident created."", ""status"": ""completed"", ""timestamp"": ""2026-06-07T03:18:38.067694+00:00""}]",,"{""name"": ""gdrive-logic-app"", ""artifact_id"": ""/subscriptions/f97c1b32-c56e-4616-bd76-0e1073a2c8c7/resourceGroups/Logic_app_auto-rg/providers/Microsoft.Logic/workflows/gdrive-logic-app"", ""version"": ""08584208049865894190"", ""package"": ""default"", ""deployed_on"": ""2026-06-04T09:21:51.1737617Z"", ""deployed_by"": ""unknown"", ""runtime_node"": ""southindia"", ""status"": ""Succeeded""}",,,,,,,,,,,,,,,,,,1,,,,,,,,,,0,0,,,,,,,,,,,,,logic_app_auto-rg,,,,
ORBLOGICAPPS-20260607-000003,f97c1b32-c56e-4616-bd76-0e1073a2c8c7,gdrive-logic-app,unknown,,UNKNOWN_ERROR,AUTO_FIXED,Invalid or null file path to connector,,2026-06-07 08:10:20.839245,2026-06-07 08:23:39.092962,True,True,0,08584208070401108556999609905CU02,/subscriptions/f97c1b32-c56e-4616-bd76-0e1073a2c8c7/resourcegroups/logic_app_auto-rg/providers/microsoft.logic/workflows/gdrive-logic-app/runs/08584208070401108556999609905cu02,2026-06-07 02:37:26.413415,2026-06-07 02:40:14.445807,action_failed,"The run failed due to orchestration/join configuration rather than a connector defect. A downstream action required Succeeded from upstream dependencies that are mutually exclusive or were Skipped/Failed, so none of its runAfter conditions were satisfied. In parallel/branching paths (Condition/Switch), this often manifests as ActionFailed even though only one branch can execute. Additionally, exception handling isn’t aggregating failures from the scope: instead of inspecting branch actions directly, you should use @result('<scopeName>') to gather the failed actions. Note that result() returns only top‑level actions within the scope; actions nested inside Condition/Switch aren’t included unless wrapped in their own scopes. The provided 404 NotFound sample is a failed action inside a scope; its details (name, inputs, outputs, trackingId) should be harvested via @result() for diagnostics rather than attempting to join branches that cannot all succeed.","1) Normalize control flow with scopes: Place the mutually exclusive or parallel actions inside a single scope (for example, My_Scope). If you have actions inside Condition/Switch branches, wrap each branch’s work in a child scope so those scope actions are top‑level within My_Scope and visible to result(). 2) Configure an error‑handling action outside the scope: Add an action (HTTP, Compose, etc.) that runs after My_Scope with runAfter set to Failed and TimedOut. 3) Aggregate failures using result(): Use a Filter array action with From = @result('My_Scope') and Condition = item().status is equal to 'Failed'. Include useful properties (name, status, inputs, outputs, trackingId, clientTrackingId, startTime, endTime) when building the diagnostic payload. If you just need a single exception handler, you can post the entire filtered array directly and remove the For each loop; otherwise, iterate the filtered array in For each to process each failed action. 4) Fix the join logic: For any downstream ""join"" action that follows branches, either move it into each branch or relax runAfter to allow Succeeded or Skipped (and optionally Failed if you always want to continue) for each dependency. Do not require all mutually exclusive branches to succeed. Alternatively, add a small completion action (Compose/Scope) in each branch and have the join depend on those with Succeeded/Skipped. 5) Address real upstream errors: If a step truly fails (e.g., 404 ResourceNotFound for /docs/folder-name/resource-name), correct the URI/path/ID, permissions, or authentication, then retry. 6) Validate: Re-run each path to confirm that in every execution at least one upstream dependency meets the downstream runAfter conditions or that failures are captured by the error‑handling scope via @result().",0.58,"{""summary"": ""Fix for UNKNOWN_ERROR"", ""steps"": [{""step_number"": 1, ""title"": ""Review and adjust"", ""description"": ""Manual review required because automated fix generation failed."", ""sub_steps"": [""Inspect action inputs"", ""Validate payload"", ""Check API contract""], ""note"": ""No automated patch generated""}]}",,"[{""step"": ""Detected"", ""description"": ""CPI error detected and incident created."", ""status"": ""completed"", ""timestamp"": ""2026-06-07T02:42:44.993404+00:00""}]",,"{""name"": ""gdrive-logic-app"", ""artifact_id"": ""/subscriptions/f97c1b32-c56e-4616-bd76-0e1073a2c8c7/resourceGroups/Logic_app_auto-rg/providers/Microsoft.Logic/workflows/gdrive-logic-app"", ""version"": ""08584208070816520761"", ""package"": ""default"", ""deployed_on"": ""2026-06-04T09:21:51.1737617Z"", ""deployed_by"": ""unknown"", ""runtime_node"": ""southindia"", ""status"": ""Succeeded""}",,,,,,,,,,,,,,,,,,1,,,,,,,,,,0,0,,,,,,,,,,,,,logic_app_auto-rg,,,,
ORBLOGICAPPS-20260607-000002,f97c1b32-c56e-4616-bd76-0e1073a2c8c7,gdrive-logic-app,unknown,,UNKNOWN_ERROR,AUTO_FIXED,No successful runAfter dependency,,2026-06-07 07:49:09.258189,2026-06-07 07:58:10.627065,True,True,0,08584208083085917830088795037CU03,/subscriptions/f97c1b32-c56e-4616-bd76-0e1073a2c8c7/resourcegroups/logic_app_auto-rg/providers/microsoft.logic/workflows/gdrive-logic-app/runs/08584208083085917830088795037cu03/actions/condition,2026-06-07 02:16:17.955084,2026-06-07 02:19:00.753197,unknown_error,"The run is failing with an ""Unknown"" error because the Logic App’s managed identity configuration is inconsistent after deployment/import. In the ARM/Bicep template, the identity object is either (a) set to UserAssigned without a valid reference to the user-assigned identity resource ID, or (b) not intended for use but left enabled. Per the Logic Apps guidance, if you’re not using a managed identity, the identity.type must be set to ""None"". If you are using a user-assigned identity, the template must reference its resource ID via a defined variable. When identity is misconfigured, the runtime can’t resolve secrets/connection settings (for example, from Key Vault) and API connections may not initialize correctly, which often surfaces as an ""Unknown"" connector/runtime error. Secondary contributors can still be Google Drive connection issues (expired token/scopes) or broken connection references after import, but the identity block misconfiguration is the primary suspect given the template hints.","1) Correct the Logic App identity configuration in your template and redeploy:
- If you don’t use managed identity:
  ""identity"": { ""type"": ""None"" }
  Remove any userAssignedIdentities entries.
- If you do use a user-assigned identity, ensure both the variable and reference are correct:
  variables:
    userAssignedIdentityResourceId = resourceId('Microsoft.ManagedIdentity/userAssignedIdentities', parameters('userAssignedIdentityName'))
  resource:
    ""identity"": {
      ""type"": ""UserAssigned"",
      ""userAssignedIdentities"": {
        ""[variables('userAssignedIdentityResourceId')]"": {}
      }
    }
  Then redeploy and verify the identity on the Logic App’s Identity blade.

2) Rebind and reinitialize connections after fixing identity:
- Logic App > Connections/API connections: open the Google Drive connection and reauthenticate. If the app previously relied on managed identity for Key Vault or storage, confirm RBAC/access policies are granted to the corrected identity.
- For Logic Apps Standard, ensure connections.json references the correct connection name and that secrets resolve with the updated identity.

3) Validate the run and capture concrete errors:
- Runs history > failed action > Raw outputs: confirm statusCode/message. If needed, set Tracking level = All and reproduce.

4) If the identity fix doesn’t resolve it, address Google Drive specifics:
- Re-consent the Drive connection; ensure required scopes (drive or drive.file).
- Verify file/folder IDs and access (including Shared Drives).
- Set retry policy to Exponential and reduce concurrency to avoid 429s.

5) Optional hardening:
- Enable Diagnostic settings to Log Analytics/App Insights for connector/runtime logs.
- If still opaque, swap the Drive action for an HTTP action using the same token to capture the raw HTTP response and pinpoint the failing endpoint.",0.22,"{""summary"": ""Fix for UNKNOWN_ERROR"", ""steps"": [{""step_number"": 1, ""title"": ""Review and adjust"", ""description"": ""Manual review required because automated fix generation failed."", ""sub_steps"": [""Inspect action inputs"", ""Validate payload"", ""Check API contract""], ""note"": ""No automated patch generated""}]}",,"[{""step"": ""Detected"", ""description"": ""CPI error detected and incident created."", ""status"": ""completed"", ""timestamp"": ""2026-06-07T02:21:31.464369+00:00""}]",,"{""name"": ""gdrive-logic-app"", ""artifact_id"": ""/subscriptions/f97c1b32-c56e-4616-bd76-0e1073a2c8c7/resourceGroups/Logic_app_auto-rg/providers/Microsoft.Logic/workflows/gdrive-logic-app"", ""version"": ""08584208087833617607"", ""package"": ""default"", ""deployed_on"": ""2026-06-04T09:21:51.1737617Z"", ""deployed_by"": ""unknown"", ""runtime_node"": ""southindia"", ""status"": ""Succeeded""}",,,,,,,,,,,,,,,,,,1,,,,,,,,,,0,0,,,,,,,,,,,,,logic_app_auto-rg,,,,
ORBLOGICAPPS-20260607-000001,f97c1b32-c56e-4616-bd76-0e1073a2c8c7,gdrive-logic-app,unknown,,UNKNOWN_ERROR,AUTO_FIXED,RunAfter dependency not met,,2026-06-07 07:27:23.824269,2026-06-07 07:38:24.543025,True,True,0,08584208095698134183089106093CU00,/subscriptions/f97c1b32-c56e-4616-bd76-0e1073a2c8c7/resourcegroups/logic_app_auto-rg/providers/microsoft.logic/workflows/gdrive-logic-app/runs/08584208095698134183089106093cu00/actions/condition,2026-06-07 01:55:17.153882,2026-06-07 01:57:15.664241,unknown_error,"The run’s 'unknown' failure still most likely originates at the Google Drive connector (expired/revoked OAuth token, missing Drive/file permissions, API quota, or transient Google 5xx/timeout). However, your deployment/template likely changed the Logic App’s managed identity configuration. If the ARM/Bicep set identity incorrectly—e.g., identity.type set to 'None' while any actions/connections or runtime components expect a managed identity, or identity.type set to 'UserAssigned' without properly referencing the user-assigned identity resource ID—Logic Apps (especially Standard) can surface ambiguous 'unknown' errors when trying to access Key Vault, Storage, or other dependencies. The doc guidance to set the identity object's type child property to 'None', or to correctly reference a user-assigned identity via a variable that holds its resource ID, aligns with this root cause.","1) Pinpoint the failing step: Logic App > Runs history > open the failed run > find the first red action > open Inputs/Outputs and Raw outputs to get HTTP status, error, and request ID.
2) Google Drive connection: Logic App > API connections (Consumption) or connections.json/connection resource (Standard) > verify the Google Drive connection is authenticated; if expired, reauthorize with the correct account; ensure Drive API is enabled and you have access to the target file/Drive; re-run.
3) Quotas and throttling: In GCP Console > APIs & Services > Dashboard/Quotas, confirm the Drive API isn’t throttled and credentials/consent are valid.
4) Fix identity configuration (ARM/Bicep):
   - If you don’t need a managed identity for this Logic App, explicitly set the resource’s identity block to { ""type"": ""None"" }.
   - If you do need a user‑assigned identity, set identity.type to ""UserAssigned"" and include userAssignedIdentities that references the UAI resource ID via a variable you define in the template’s variables section. Example structure: variables: { uaiResourceId: [resourceId for your UAI] }; resource.identity: { ""type"": ""UserAssigned"", ""userAssignedIdentities"": { ""[variables('uaiResourceId')]"": {} } }.
   - Re-deploy the template and verify in Portal > Logic App > Identity that the expected identity is present and enabled.
5) Align connections/secrets with identity:
   - If you set identity to None, ensure no connections/actions expect managed identity (e.g., Key Vault references should use other credentials/secrets).
   - If using a user‑assigned identity, update any Key Vault/Storage/Azure connectors to use that identity and grant it required RBAC/Key Vault access policies.
6) Network: If behind VNET/firewall/proxy, allow outbound to Google endpoints (*.googleapis.com, www.googleapis.com, content.googleapis.com) and verify DNS/proxy.
7) Resilience and diagnostics: Enable retries (Exponential) on Google Drive actions; add failure scopes to log detailed errors. Consumption: enable Diagnostic settings (WorkflowRuntime/WorkflowRuntimeAction). Standard: enable Application Insights and check Exceptions/Dependencies/Kudu logs. Re-run to validate.
8) If errors persist, recreate the Google Drive connection and update to the latest extension bundles/runtime (Standard) before testing again.",0.26,"{""summary"": ""Fix for UNKNOWN_ERROR"", ""steps"": [{""step_number"": 1, ""title"": ""Review and adjust"", ""description"": ""Manual review required because automated fix generation failed."", ""sub_steps"": [""Inspect action inputs"", ""Validate payload"", ""Check API contract""], ""note"": ""No automated patch generated""}]}",,"[{""step"": ""Detected"", ""description"": ""CPI error detected and incident created."", ""status"": ""completed"", ""timestamp"": ""2026-06-07T02:01:28.302609+00:00""}]",,"{""name"": ""gdrive-logic-app"", ""artifact_id"": ""/subscriptions/f97c1b32-c56e-4616-bd76-0e1073a2c8c7/resourceGroups/Logic_app_auto-rg/providers/Microsoft.Logic/workflows/gdrive-logic-app"", ""version"": ""08584208443119093647"", ""package"": ""default"", ""deployed_on"": ""2026-06-04T09:21:51.1737617Z"", ""deployed_by"": ""unknown"", ""runtime_node"": ""southindia"", ""status"": ""Succeeded""}",,,,,,,,,,,,,,,,,,1,,,,,,,,,,0,0,,,,,,,,,,,,,logic_app_auto-rg,,,,
ORBLOGICAPPS-20260606-000008,f97c1b32-c56e-4616-bd76-0e1073a2c8c7,gdrive-logic-app,unknown,,UNKNOWN_ERROR,AUTO_FIXED,Upstream dependency not satisfied,,2026-06-06 20:26:15.971480,2026-06-06 20:38:10.890159,True,True,0,08584208491950582846477390796CU20,/subscriptions/f97c1b32-c56e-4616-bd76-0e1073a2c8c7/resourcegroups/logic_app_auto-rg/providers/microsoft.logic/workflows/gdrive-logic-app/runs/08584208491950582846477390796cu20,2026-06-06 14:54:51.446049,2026-06-06 14:56:09.590062,action_failed,"A top-level action inside the My_Scope scope failed with HTTP 404 NotFound (code: ResourceNotFound) and message ""/docs/folder-name/resource-name does not exist"" from https://myfailedaction.azurewebsites.net. The downstream step showing ""No dependent actions succeeded"" is a consequence of runAfter being set to Succeeded-only; because the scope contained a failure, that dependent action legitimately did not run. This is a concrete NotFound from the called endpoint, not a generic engine issue. Use @result('My_Scope') to inspect which top-level actions in the scope failed; note that result() does not include actions nested under Switch/Condition unless those are wrapped in their own scopes.","[""Confirm the root cause in Runs history: open the failed run, locate the earliest Failed action inside My_Scope, and verify outputs.statusCode=404 with body.code=ResourceNotFound and the message. Capture trackingId/clientTrackingId for correlation."", ""Correct the endpoint/resource: ensure the URI path \""/docs/folder-name/resource-name\"" exists and is correctly spelled/cased; fix base URL/route templates and the HTTP method if needed; address trailing slashes or case-sensitive paths. If the call uses dynamic content (IDs/paths), validate the values resolve correctly and the resource exists before calling."", ""If access could be involved, verify authentication/authorization. While 404 usually indicates an invalid path or invisible resource, reauthenticate the connection if you see 401/403 and ensure the caller has access to the target resource."", ""Make run-after resilient: for the action currently blocked by \""No dependent actions succeeded\"", either move it into a Catch scope that runs after Failed on My_Scope, or update its runAfter to include Failed/Skipped/Timed out if its purpose is to handle errors."", ""Implement scoped exception handling using result(): put business steps in a Scope named My_Scope; add a Catch scope with runAfter(My_Scope) = Failed. In Catch, get result('My_Scope'), then use Filter array to select items where status == \""Failed\"" (optionally also outputs.statusCode == 404 or outputs.body.code == \""ResourceNotFound\"")."", ""Decide handling pattern: (a) iterate the filtered failures with For each to notify/remediate per action, or (b) remove For each and send a single aggregated payload (the entire filtered array) to one action (e.g., HTTP POST to monitoring), reducing action count."", ""Include useful context from each failed item in notifications: name, status/code, inputs.uri and method, outputs.statusCode/headers/body, startTime/endTime, trackingId and clientTrackingId."", ""Account for result() limits: it returns only top-level actions. If failures occur inside Switch/Condition branches, wrap those branch actions in their own Scopes and aggregate each scope\u2019s result in Catch."", ""Tune retries: disable or limit retries for deterministic 404s; enable exponential backoff for transient 429/5xx responses as appropriate."", ""Add guardrails: validate trigger data, guard For each against empty arrays, and use Terminate/notification paths in Catch so non-critical failures don\u2019t fail the entire workflow."", ""Re-run after fixes: resubmit or trigger a new run, confirm the resource is found (200/201) and that error handling behaves as designed; verify downstream actions no longer show \""No dependent actions succeeded\"" unless intentionally skipped.""]",0.56,"{""summary"": ""Fix for UNKNOWN_ERROR"", ""steps"": [{""step_number"": 1, ""title"": ""Review and adjust"", ""description"": ""Manual review required because automated fix generation failed."", ""sub_steps"": [""Inspect action inputs"", ""Validate payload"", ""Check API contract""], ""note"": ""No automated patch generated""}]}",,"[{""step"": ""Detected"", ""description"": ""CPI error detected and incident created."", ""status"": ""completed"", ""timestamp"": ""2026-06-06T14:59:55.931200+00:00""}]",,"{""name"": ""gdrive-logic-app"", ""artifact_id"": ""/subscriptions/f97c1b32-c56e-4616-bd76-0e1073a2c8c7/resourceGroups/Logic_app_auto-rg/providers/Microsoft.Logic/workflows/gdrive-logic-app"", ""version"": ""08584208492428294759"", ""package"": ""default"", ""deployed_on"": ""2026-06-04T09:21:51.1737617Z"", ""deployed_by"": ""unknown"", ""runtime_node"": ""southindia"", ""status"": ""Succeeded""}",,,,,,,,,,,,,,,,,,1,,,,,,,,,,0,0,,,,,,,,,,,,,logic_app_auto-rg,,,,
ORBLOGICAPPS-20260606-000007,f97c1b32-c56e-4616-bd76-0e1073a2c8c7,gdrive-logic-app,unknown,,UNKNOWN_ERROR,Ticket Created,"The run shows an ""unknown"" error with an empty message, which often happens when the Logic App/connection fails before a connector HTTP call is made (e.g., secret/connection resolution fails, or a failure is swallowed by run-after). In addition to common Google Drive causes (unauthorized connection, bad folder ID, quota), there is a strong indicator of platform misconfiguration: the Logic App or its connections were deployed/updated with the identity block set to None (""identity"": { ""type"": ""None"" }) or with an invalid/missing user-assigned identity reference. If your workflow or connections use Azure Key Vault references (client secrets, connection keys) or access secured resources (Storage behind firewall, private endpoints), removing or misreferencing the managed identity prevents secret/resource access and results in generic/""unknown"" failures. Also, templates that define a user-assigned identity but use an incorrect variable (not the full resourceId) for userAssignedIdentities will silently drop the identity, yielding the same behavior.",,2026-06-06 09:24:44.369882,2026-06-06 09:27:17.355712,False,False,0,08584208889591150161135030600CU10,/subscriptions/f97c1b32-c56e-4616-bd76-0e1073a2c8c7/resourcegroups/logic_app_auto-rg/providers/microsoft.logic/workflows/gdrive-logic-app/runs/08584208889591150161135030600cu10/actions/condition,2026-06-06 03:52:07.423109,2026-06-06 03:54:38.435883,unknown_error,"The run shows an ""unknown"" error with an empty message, which often happens when the Logic App/connection fails before a connector HTTP call is made (e.g., secret/connection resolution fails, or a failure is swallowed by run-after). In addition to common Google Drive causes (unauthorized connection, bad folder ID, quota), there is a strong indicator of platform misconfiguration: the Logic App or its connections were deployed/updated with the identity block set to None (""identity"": { ""type"": ""None"" }) or with an invalid/missing user-assigned identity reference. If your workflow or connections use Azure Key Vault references (client secrets, connection keys) or access secured resources (Storage behind firewall, private endpoints), removing or misreferencing the managed identity prevents secret/resource access and results in generic/""unknown"" failures. Also, templates that define a user-assigned identity but use an incorrect variable (not the full resourceId) for userAssignedIdentities will silently drop the identity, yielding the same behavior.","1) Confirm whether managed identity is required:
- In the Logic App (Standard/Consumption) portal, open Identity. If you use Key Vault references for connections/app settings or access secured Storage, Identity must be enabled. If Identity shows Off/None, re-enable it.

2) Correct identity configuration in your ARM/Bicep:
- If you need a managed identity, do NOT deploy with ""identity"": { ""type"": ""None"" }.
- For system-assigned MI: ""identity"": { ""type"": ""SystemAssigned"" }.
- For user-assigned MI: ""identity"": { ""type"": ""UserAssigned"", ""userAssignedIdentities"": { ""[variables('uamiResourceId')]"": {} } }.
- Ensure variables('uamiResourceId') resolves to the full resource ID of the user-assigned identity (e.g., /subscriptions/{sub}/resourceGroups/{rg}/providers/Microsoft.ManagedIdentity/userAssignedIdentities/{name}), not just the name. Redeploy.

3) Grant the identity access it needs:
- If using Key Vault references: grant the MI permission to read secrets (RBAC: Key Vault Secrets User or access policy: get/list on secrets). If Storage is firewalled, grant appropriate roles and allow MI/network access.

4) Reconcile connections and secrets:
- For Logic Apps Standard, verify managedConnections.json/connections.json or connection blades resolve secrets (no Key Vault reference errors). For Consumption, open the Google Drive API connection; if Unauthorized, sign in again.
- If the Google OAuth client secret resides in Key Vault, confirm the secret URI is correct and active.

5) Validate workflow configuration and rerun:
- Check the failed run’s action Outputs for any statusCode/body.error.
- Verify Google Drive action inputs (folder ID/path not null, correct Shared Drive access).
- Set retries (exponential) and add an error-handling scope to surface details.

6) Diagnostics:
- Enable Diagnostic settings (or App Insights for Standard) and reproduce to confirm whether failures now show explicit 401/403/404/429. If still ""unknown,"" capture Run Id/timestamps and open support.

Note: Only set ""identity"": { ""type"": ""None"" } if you’ve removed all Key Vault references and no resource access requires a managed identity; otherwise the workflow/connection initialization will fail with generic/unknown errors.",0.35,"{""summary"": ""Fix for UNKNOWN_ERROR"", ""steps"": [{""step_number"": 1, ""title"": ""Review and adjust"", ""description"": ""Manual review required because automated fix generation failed."", ""sub_steps"": [""Inspect action inputs"", ""Validate payload"", ""Check API contract""], ""note"": ""No automated patch generated""}]}",,"[{""step"": ""Detected"", ""description"": ""CPI error detected and incident created."", ""status"": ""completed"", ""timestamp"": ""2026-06-06T03:57:04.215261+00:00""}]",,"{""name"": ""gdrive-logic-app"", ""artifact_id"": ""/subscriptions/f97c1b32-c56e-4616-bd76-0e1073a2c8c7/resourceGroups/Logic_app_auto-rg/providers/Microsoft.Logic/workflows/gdrive-logic-app"", ""version"": ""08584208891965338225"", ""package"": ""default"", ""deployed_on"": ""2026-06-04T09:21:51.1737617Z"", ""deployed_by"": ""unknown"", ""runtime_node"": ""southindia"", ""status"": ""Succeeded""}",,,,,,,,,,,,,,,,,,1,,,,,,,,,,0,0,,,,,,,,,,,,,logic_app_auto-rg,,,,
ORBLOGICAPPS-20260606-000006,f97c1b32-c56e-4616-bd76-0e1073a2c8c7,gdrive-logic-app,unknown,,UNKNOWN_ERROR,AUTO_FIXED,Run After dependencies not met,,2026-06-06 09:07:52.793570,2026-06-06 09:18:12.038113,True,True,0,08584208900362130354624380091CU23,/subscriptions/f97c1b32-c56e-4616-bd76-0e1073a2c8c7/resourcegroups/logic_app_auto-rg/providers/microsoft.logic/workflows/gdrive-logic-app/runs/08584208900362130354624380091cu23/actions/get_file_content_using_path,2026-06-06 03:34:10.276593,2026-06-06 03:37:46.549029,unknown_error,"The ""Unknown"" failure is consistent with the connector/runtime not surfacing a structured error, but the newly surfaced detail points to a deployment misconfiguration: the Logic App resource (or its app/connection host in Standard) was deployed with the identity object set to ""None"" (""identity"": { ""type"": ""None"" }). Removing the managed identity breaks scenarios where the workflow or its connections rely on managed identity—for example:
- App settings or connection secrets that use Azure Key Vault references.
- Connection/providers in Logic Apps Standard configured to use managed identity for secret retrieval or network access.
- Role-based access (Key Vault, Storage, etc.) that the workflow expects via a system- or user-assigned identity.
When identity is stripped, connections can fail to initialize and the runtime often collapses the error to ""Unknown."" If your ARM/Bicep template also defines a variable for a user-assigned identity resource ID but leaves identity.type = None, the user-assigned identity is never attached, causing the same effect. This can coexist with the usual Google Drive causes (expired OAuth, missing file permissions, throttling, masked outputs), but the identity misconfiguration is a high-probability root cause after a recent deployment.","1) Check and correct the Logic App identity in your ARM/Bicep deployment:
- If you need a system-assigned identity:
  ""identity"": { ""type"": ""SystemAssigned"" }
- If you need a user-assigned identity, ensure the variable references the correct resource ID and attach it:
  variables:
    userAssignedIdentityResourceId: ""/subscriptions/<subId>/resourceGroups/<rg>/providers/Microsoft.ManagedIdentity/userAssignedIdentities/<name>""
  resource (ARM) or module (Bicep):
  ""identity"": {
    ""type"": ""UserAssigned"",
    ""userAssignedIdentities"": {
      ""[variables('userAssignedIdentityResourceId')]"": {}
    }
  }
- Do NOT leave ""identity"": { ""type"": ""None"" } if your app uses Key Vault references, private endpoints, or any connection configured to use managed identity.

2) Re-deploy the template and restart the Logic App/app service:
- For Logic Apps Standard: restart the app, then validate Microsoft.ManagedConnectors and connection providers are healthy.
- For Consumption: save the workflow to trigger a redeploy of metadata if needed.

3) Re-establish required access:
- Assign roles to the managed identity (as applicable): Key Vault Secrets User/Reader on the vault used for secret references; Storage roles if used; any other resource ACLs your workflows require.
- If using Key Vault references in app settings or connection configurations, wait for RBAC propagation and verify that the references resolve (no yellow triangles in portal; app settings show resolved values when tested via Kudu/diagnostics).

4) Validate the Google Drive connection specifically:
- Open the connection in the Logic App and check Status. Re-authorize if expired. If reauth fails, delete and recreate the connection and rebind actions.
- Ensure the account has the required access to the target file/folder; for Shared Drives, enable the action’s supportsAllDrives option and prefer File ID over name-based lookup.

5) Surface real errors and add resiliency:
- Runs history -> failed action -> Raw inputs/outputs. If masked, temporarily disable secure inputs/outputs in a non-production environment to capture statusCode and error message.
- Add retry policy (exponential) on Google Drive actions and Configure run after for 429/5xx.
- Enable diagnostics (Log Analytics/App Insights) and reproduce.

6) Networking/extension checks (if still failing):
- Ensure outbound TCP 443 to Google endpoints (accounts.google.com, oauth2.googleapis.com, www.googleapis.com, drive.googleapis.com, content.googleapis.com). Allow through VNET/firewall.
- Update to latest extension bundle/runtime (Standard) and verify Microsoft.ManagedConnectors is initialized.

After restoring the correct identity (SystemAssigned or UserAssigned with the proper resourceId) and RBAC, Key Vault/connection initialization should succeed, eliminating the generic ""Unknown"" failure. If issues persist with a healthy identity and an authorized Google connection, capture the run correlationId and raw outputs and open a Microsoft support ticket.",0.3,"{""summary"": ""Fix for UNKNOWN_ERROR"", ""steps"": [{""step_number"": 1, ""title"": ""Review and adjust"", ""description"": ""Manual review required because automated fix generation failed."", ""sub_steps"": [""Inspect action inputs"", ""Validate payload"", ""Check API contract""], ""note"": ""No automated patch generated""}]}",,"[{""step"": ""Detected"", ""description"": ""CPI error detected and incident created."", ""status"": ""completed"", ""timestamp"": ""2026-06-06T03:38:58.918607+00:00""}]",,"{""name"": ""gdrive-logic-app"", ""artifact_id"": ""/subscriptions/f97c1b32-c56e-4616-bd76-0e1073a2c8c7/resourceGroups/Logic_app_auto-rg/providers/Microsoft.Logic/workflows/gdrive-logic-app"", ""version"": ""08584208909168611886"", ""package"": ""default"", ""deployed_on"": ""2026-06-04T09:21:51.1737617Z"", ""deployed_by"": ""unknown"", ""runtime_node"": ""southindia"", ""status"": ""Succeeded""}",,,,,,,,,,,,,,,,,,1,,,,,,,,,,0,0,,,,,,,,,,,,,logic_app_auto-rg,,,,
ORBLOGICAPPS-20260606-000005,f97c1b32-c56e-4616-bd76-0e1073a2c8c7,gdrive-logic-app,ActionFailed,An action failed. No dependent actions succeeded.,ACTION_FAILED,DETECTED,,,2026-06-06 08:52:11.159306,2026-06-06 08:55:47.461289,False,False,0,08584208908726809023700211400CU04,/subscriptions/f97c1b32-c56e-4616-bd76-0e1073a2c8c7/resourcegroups/logic_app_auto-rg/providers/microsoft.logic/workflows/gdrive-logic-app/runs/08584208908726809023700211400cu04,2026-06-06 03:20:13.897219,2026-06-06 03:22:05.139200,action_failed,"The workflow failed because at least one top‑level action in a scope returned a non‑success result, and downstream steps were configured with runAfter = Succeeded, causing a cascade of Skipped and a generic ActionFailed. To pinpoint the root cause, use the scope‑level execution results rather than relying only on the final error banner: the result() function returns an array of per‑action results (name, status, code, inputs, outputs, start/end time, tracking IDs) for top‑level actions in the referenced scope. Note: result() does not include actions nested deeper inside a Condition/Switch—wrap critical branches in their own scopes to capture them.
Common concrete failures observed include HTTP 404 ResourceNotFound (e.g., message like ""/docs/folder-name/resource-name does not exist""), which maps to missing/invalid file/folder ID/path or empty dynamic content. For Google Drive connectors, other frequent causes are 401 (expired/invalid connection), 403 (insufficient permissions/scope or sharing), and 429/5xx (throttling/transient failure). Data‑shaping actions (Parse JSON/Compose/Condition) can also fail on null or schema mismatch, causing dependent actions to be skipped.","1) Triage the failing run:
- Logic App > Monitor > Runs history > open failed run. Identify the first red (Failed) action. Expand Inputs/Outputs to read statusCode, body.code/message, and tracking IDs.
- If the failure is inside a scope, add a temporary Compose with expression: @result('My_Scope') to inspect the full array of action results for that scope.

2) Apply targeted fixes based on error:
- 404 Not Found: Correct the file/folder ID or path. Verify dynamic content is not empty. Add a pre‑check Condition like not(empty(coalesce(variables('fileId'), triggerBody()?['fileId'])))) before calling the connector. For path‑based calls, confirm exact casing and location; optionally search/list first to resolve IDs.
- 401 Unauthorized: Re‑authenticate the Google Drive connection (Connections). Ensure the intended account is used and the token is valid.
- 403 Forbidden: Ensure the connection account has access to the target Drive/file/folder (share it or use a service account with proper scopes). Confirm the connector’s permissions/scopes are sufficient.
- 429/5xx (throttling/transient): On the failing action, set Retry policy = Exponential (e.g., count 4–6, min interval ~PT5S). Add Delay between calls and set For each concurrency to 1 to reduce parallelism.
- Data shaping: Update Parse JSON schema to match the actual payload. Use null‑safe guards (coalesce(), empty()) so downstream steps don’t receive null/invalid content.

3) Implement robust exception handling with scopes:
- Wrap main work in a Scope named Try. Add a Scope named Catch with runAfter on Try set to Failed, TimedOut, and Skipped.
- In Catch, add Filter array with From = @result('Try') and condition equals(item()?['status'],'Failed') to isolate failed actions.
- Option A: For each failed item, send an HTTP POST/notification including item()?['name'], item()?['status'], item()?['code'], item()?['startTime'], item()?['trackingId'], item()?['clientTrackingId'], and item()?['outputs'] (statusCode, headers, body).
- Option B: Remove For each and send a single aggregated POST containing the entire filtered array for simpler handling.
- If you rely on actions within branches (Condition/Switch), ensure they are at the top level inside Try or place additional scopes within branches so result() captures them.

4) Prevent downstream skips and improve resilience:
- For critical cleanup/notifications, keep them in Catch instead of depending on Succeeded only.
- Where appropriate, set runAfter to SucceededOrFailed for logging steps so they always run.

5) Validate and re‑test:
- Save the workflow, trigger a new run, and confirm success. If applicable, resubmit the failed run after fixing IDs/paths or reauth.

Useful expressions/snippets:
- Inspect scope results: @result('My_Scope')
- Filter Array condition: equals(item()?['status'],'Failed')
- Null/empty guard: not(empty(coalesce(variables('fileId'), triggerBody()?['fileId'])))",0.58,"{""summary"": ""Fix for UNKNOWN_ERROR"", ""steps"": [{""step_number"": 1, ""title"": ""Review and adjust"", ""description"": ""Manual review required because automated fix generation failed."", ""sub_steps"": [""Inspect action inputs"", ""Validate payload"", ""Check API contract""], ""note"": ""No automated patch generated""}]}",,"[{""step"": ""Detected"", ""description"": ""CPI error detected and incident created."", ""status"": ""completed"", ""timestamp"": ""2026-06-06T03:25:43.691671+00:00""}]",,"{""name"": ""gdrive-logic-app"", ""artifact_id"": ""/subscriptions/f97c1b32-c56e-4616-bd76-0e1073a2c8c7/resourceGroups/Logic_app_auto-rg/providers/Microsoft.Logic/workflows/gdrive-logic-app"", ""version"": ""08584208909168611886"", ""package"": ""default"", ""deployed_on"": ""2026-06-04T09:21:51.1737617Z"", ""deployed_by"": ""unknown"", ""runtime_node"": ""southindia"", ""status"": ""Succeeded""}",,,,,,,,,,,,,,,,,,1,,,,,,,,,,0,0,,,,,,,,,,,,,logic_app_auto-rg,,,,
ORBLOGICAPPS-20260606-000004,f97c1b32-c56e-4616-bd76-0e1073a2c8c7,gdrive-logic-app,unknown,,UNKNOWN_ERROR,AUTO_FIXED,No successful run-after dependencies,,2026-06-06 08:31:12.690770,2026-06-06 08:42:05.342368,True,True,0,08584208921791659185491281232CU30,/subscriptions/f97c1b32-c56e-4616-bd76-0e1073a2c8c7/resourcegroups/logic_app_auto-rg/providers/microsoft.logic/workflows/gdrive-logic-app/runs/08584208921791659185491281232cu30/actions/condition,2026-06-06 02:58:27.804015,2026-06-06 03:01:07.381399,unknown_error,"The run failed with code ""unknown"" and an empty message because the Logic App and/or its API connections were deployed with a managed identity misconfiguration. Specifically, the resource’s identity object is set to ""identity"": { ""type"": ""None"" }, or a user‑assigned managed identity (UAMI) was intended but not actually attached (missing/incorrect userAssignedIdentities map or resource ID). When actions or API connections are configured to authenticate with Managed Identity but the Logic App has no MSI available, token acquisition fails and the connector often returns a suppressed/empty error, surfacing only as ""unknown"" in the run history. Secondary contributors can include missing RBAC role assignments for the identity or API connections still pointing to a UAMI client ID that isn’t attached to the Logic App.","- Confirm intent: decide whether the workflow/actions should use Managed Identity. If yes, do not leave the Logic App’s identity set to None.
- Fix the Logic App resource identity:
  - System-assigned MSI: set identity to { ""type"": ""SystemAssigned"" }.
  - User-assigned MSI: set identity to { ""type"": ""UserAssigned"", ""userAssignedIdentities"": { ""[variables('uamiResourceId')]"": {} } } and ensure variables('uamiResourceId') is defined as the full resource ID of your UAMI (for example, variables: { ""uamiResourceId"": ""[resourceId('Microsoft.ManagedIdentity/userAssignedIdentities', parameters('uamiName'))]"" }). Redeploy the template.
- Verify the identity is attached: In Azure Portal > your Logic App > Identity, ensure the selected identity (system or the specific UAMI) shows as On/assigned with a client ID.
- Update API connections to match the identity configuration:
  - For connections set to use Managed Identity, open each connection in the portal and select Managed identity. If using a UAMI, choose the correct user-assigned identity.
  - If you manage as code, set the connection’s authentication to ManagedServiceIdentity and, when using UAMI, include the correct clientId/reference expected by that connector’s schema.
  - If you don’t intend to use MSI, keep the Logic App identity as None and reconfigure those connections/actions to use OAuth/service principal/API key accordingly.
- Grant access to target resources: assign the required RBAC roles to the MSI/UAMI (for example, Storage Blob Data Contributor for Storage, Key Vault Secrets User or appropriate RBAC for Key Vault, Service Bus Data Sender/Receiver for Service Bus, etc.). Wait for role assignment propagation (usually a few minutes).
- Re-run a test: Azure Portal > Runs history. If needed, temporarily disable secure inputs/outputs on the failing action to inspect the error body, then re-enable.
- Clean up stale bindings: if a connection still references an old UAMI clientId or the Logic App was previously deployed with identity None, recreate the connection after fixing the identity to ensure it binds to the current MSI.",0.29,"{""summary"": ""Fix for UNKNOWN_ERROR"", ""steps"": [{""step_number"": 1, ""title"": ""Review and adjust"", ""description"": ""Manual review required because automated fix generation failed."", ""sub_steps"": [""Inspect action inputs"", ""Validate payload"", ""Check API contract""], ""note"": ""No automated patch generated""}]}",,"[{""step"": ""Detected"", ""description"": ""CPI error detected and incident created."", ""status"": ""completed"", ""timestamp"": ""2026-06-06T03:03:30.983606+00:00""}]",,"{""name"": ""gdrive-logic-app"", ""artifact_id"": ""/subscriptions/f97c1b32-c56e-4616-bd76-0e1073a2c8c7/resourceGroups/Logic_app_auto-rg/providers/Microsoft.Logic/workflows/gdrive-logic-app"", ""version"": ""08584208928365620652"", ""package"": ""default"", ""deployed_on"": ""2026-06-04T09:21:51.1737617Z"", ""deployed_by"": ""unknown"", ""runtime_node"": ""southindia"", ""status"": ""Succeeded""}",,,,,,,,,,,,,,,,,,1,,,,,,,,,,0,0,,,,,,,,,,,,,logic_app_auto-rg,,,,
ORBLOGICAPPS-20260606-000003,f97c1b32-c56e-4616-bd76-0e1073a2c8c7,gdrive-logic-app,unknown,,UNKNOWN_ERROR,AUTO_FIXED,All runAfter dependencies failed/skipped,,2026-06-06 07:58:05.156217,2026-06-06 08:17:30.682836,True,True,0,08584208941571056895088987725CU22,/subscriptions/f97c1b32-c56e-4616-bd76-0e1073a2c8c7/resourcegroups/logic_app_auto-rg/providers/microsoft.logic/workflows/gdrive-logic-app/runs/08584208941571056895088987725cu22,2026-06-06 02:25:29.432704,2026-06-06 02:27:57.799325,action_failed,"[""ActionFailed is a cascade from upstream actions that didn\u2019t reach Succeeded due to at least one failed or skipped predecessor. The upstream failure is an HTTP 404 ResourceNotFound (example: /docs/folder-name/resource-name) returned by a top-level action inside a scope, which prevents downstream actions configured with run-after=Succeeded from running."", ""In Logic Apps, @result('ScopeName') returns an array of results for only the top-level actions within that scope. Failures that occur inside nested constructs (e.g., Switch, Condition) aren\u2019t included by result(). This can obscure the true failing step if you\u2019re only inspecting the downstream ActionFailed."", ""Common root causes for the 404 include an incorrect or non-existent resource path/ID, wrong base URL/route for a custom API, or (for Google Drive scenarios) an invalid/missing file or folder ID and/or insufficient permissions/scopes. Retries won\u2019t resolve 404 and may amplify cascades."", ""The run-after configuration likely requires all parents to Succeed (AND), so any single Failed/Skipped/TimedOut parent causes the dependent action to show ActionFailed even though it never executed.""]","[""Pinpoint the root failure first: open the run, locate the earliest Failed or Skipped upstream action. If inside a scope, evaluate the top-level actions with the expression result('YourScopeName') to get their outcomes (name, inputs.uri/method, outputs.statusCode/body, trackingId/clientTrackingId, times)."", ""Filter failed actions from the scope results: use a Filter array on result('YourScopeName') where item()?['status'] equals 'Failed'. Select useful fields (name, inputs.uri, inputs.method, outputs.statusCode, outputs.body.code, outputs.body.message, trackingId, clientTrackingId, startTime, endTime) for diagnostics."", ""Prefer a single exception handler: instead of iterating each failure, send one aggregated notification or log entry that accepts the entire filtered array. You can remove a For each loop if you don\u2019t need per-action remediation."", ""Fix the concrete 404: verify and correct the target resource path/ID or API route. For Google Drive actions, reauthorize the connection, ensure required scopes (e.g., drive or drive.file), confirm the file/folder exists and is shared with the connection\u2019s account, and validate the exact ID/path used. Do not retry 404; handle it explicitly or fail fast with a clear message."", ""Adjust run-after to reflect intent: if you want to proceed when any branch succeeds, don\u2019t require all parents to Succeed. Either (a) depend on the primary parent only, (b) allow Failed/Skipped/TimedOut on non-critical parents and gate logic internally, or (c) run regardless of parent status and add an explicit condition to branch on which upstream produced usable data."", ""Harden the flow: add guards before consuming outputs (check for null/empty/hasProperty), use coalesce for optional fields, and only add retry policies for transient failures (429/5xx) with exponential backoff. Avoid retrying 404/401/403 without a state change."", ""Account for result() limitations: it won\u2019t include failures inside Switch/Condition. If you need visibility, move critical actions to the top-level inside the scope or add per-branch error capture (e.g., Compose/Append to array) and aggregate in the catch handler."", ""Implement a Try/Catch pattern with Scopes: Try_Scope contains core actions; Catch_Scope is configured to run after Try_Scope is Failed/TimedOut. In Catch_Scope, compute result('Try_Scope'), filter for Failed, and log/notify with correlation IDs (trackingId, clientTrackingId). Optionally Terminate with a message that includes the first failed action\u2019s name and error details.""]",0.57,"{""summary"": ""Fix for UNKNOWN_ERROR"", ""steps"": [{""step_number"": 1, ""title"": ""Review and adjust"", ""description"": ""Manual review required because automated fix generation failed."", ""sub_steps"": [""Inspect action inputs"", ""Validate payload"", ""Check API contract""], ""note"": ""No automated patch generated""}]}",,"[{""step"": ""Detected"", ""description"": ""CPI error detected and incident created."", ""status"": ""completed"", ""timestamp"": ""2026-06-06T02:31:33.244599+00:00""}]",,"{""name"": ""gdrive-logic-app"", ""artifact_id"": ""/subscriptions/f97c1b32-c56e-4616-bd76-0e1073a2c8c7/resourceGroups/Logic_app_auto-rg/providers/Microsoft.Logic/workflows/gdrive-logic-app"", ""version"": ""08584208949261594508"", ""package"": ""default"", ""deployed_on"": ""2026-06-04T09:21:51.1737617Z"", ""deployed_by"": ""unknown"", ""runtime_node"": ""southindia"", ""status"": ""Succeeded""}",,,,,,,,,,,,,,,,,,1,,,,,,,,,,0,0,,,,,,,,,,,,,logic_app_auto-rg,,,,
ORBLOGICAPPS-20260606-000002,f97c1b32-c56e-4616-bd76-0e1073a2c8c7,gdrive-logic-app,unknown,,UNKNOWN_ERROR,AUTO_FIXED,No successful upstream dependency,,2026-06-06 07:36:38.259059,2026-06-06 07:42:42.170356,True,True,0,08584208954308263612405131528CU06,/subscriptions/f97c1b32-c56e-4616-bd76-0e1073a2c8c7/resourcegroups/logic_app_auto-rg/providers/microsoft.logic/workflows/gdrive-logic-app/runs/08584208954308263612405131528cu06/actions/condition,2026-06-06 02:04:15.990400,2026-06-06 02:06:33.648303,unknown_error,"The run is surfacing an ""unknown"" error with empty details, which commonly happens when diagnostics are suppressed (secure inputs/outputs) or when the connector returns an unmapped 401/403/5xx. In addition to OAuth/permission/network causes, a likely configuration issue is the Logic App’s managed identity not matching the connection’s access requirements. If your Google Drive API connection is restricted by access policies (Secure access and data), calls from a Logic App that has identity.type set to None or the wrong user-assigned identity will fail authorization and can appear as an unknown error. This often happens after template-based deployments where the identity object was set to {""type"":""None""} or the user-assigned identity resource ID wasn’t referenced correctly in the identity.userAssignedIdentities map.","1) Reveal error details:
- Open the failing run and the specific action’s raw outputs. If Secure Inputs/Outputs are enabled, temporarily disable them and re-run to see the actual error.

2) Verify connection access restrictions:
- Open the Google Drive API connection resource. If it is restricted to specific identities/Logic Apps, ensure your Logic App’s managed identity is listed in its access policies. If not restricting by identity, remove access policies or set the Logic App identity to None consistently.

3) Fix Logic App identity configuration (ARM/Bicep):
- If you need identity-based access to the API connection:
  - System-assigned MI: set identity to {""type"":""SystemAssigned""}.
  - User-assigned MI: define a template variable that holds the UAI resource ID, then set identity to {""type"":""UserAssigned"",""userAssignedIdentities"":{""[variables('<YourUaiResourceIdVar>')]"":{}}}.
- If you don’t need identity-based access: set identity to {""type"":""None""} and ensure the API connection isn’t restricted by identity.

4) Reauthorize and align scopes:
- Open the Google Drive API connection, click Edit, and sign in again. Ensure required scopes (e.g., drive or drive.file) are granted.

5) Validate permissions and targets:
- Confirm the target file/folder IDs exist and the signed-in Google account has the required access. Test with Google APIs/Drive UI.

6) Handle transients and network:
- Set Retry Policy to Exponential (e.g., count 5, initial interval PT5S) on Google Drive actions.
- If using Logic Apps Standard with VNET/NSG, allow HTTPS and DNS to googleapis.com/www.googleapis.com.

7) Diagnostics:
- Connect to Application Insights and review runtime/connector exceptions for the failing run.

8) If corrupted, recreate the Google Drive API connection and update the workflow to use it.

9) Re-run and confirm success; keep retries and error handling in place.",0.36,"{""summary"": ""The workflow definition appears malformed and incomplete, causing an UNKNOWN_ERROR. Key issues include a truncated/invalid else block, a missing Condition expression, and potential connector/action mismatches. This plan guides you to restore a valid definition, add proper validation, verify connector paths and connections, and harden error handling."", ""steps"": [{""step_number"": 1, ""title"": ""Repair malformed JSON structure"", ""description"": ""Close incomplete objects and ensure the definition conforms to the Logic Apps workflow schema."", ""sub_steps"": [""Complete the else.actions.Response_1 body; the current code field is truncated at 'ERR_INVALID_'."", ""Close all missing braces/brackets at the end of the workflow JSON (actions, else, Condition, actions, root)."", ""Validate the final JSON against the schema https://schema.management.azure.com/providers/Microsoft.Logic/schemas/2016-06-01/workflowdefinition.json# using a linter or ARM template validator.""], ""note"": ""Malformed JSON alone can yield generic/unknown errors at save or run time.""}, {""step_number"": 2, ""title"": ""Add a Condition expression"", ""description"": ""The Condition action lacks the required expression, making it invalid."", ""sub_steps"": [""Add Condition.expression to validate inputs, for example: @and(not(empty(triggerBody()?['fileName'])), not(empty(triggerBody()?['folderPath'])))."", ""Keep the existing actions under the Condition true branch (Get_file_content_using_path, Send_an_email_(V2), Response_Success)."", ""Ensure the else branch contains Response_1 for 400 with a clear validation error message.""], ""note"": ""Without expression, the Condition action will fail validation and execution.""}, {""step_number"": 3, ""title"": ""Finalize the 400 response in else branch"", ""description"": ""Return a well-formed error payload for invalid input scenarios."", ""sub_steps"": [""Set Response_1.inputs.statusCode to 400."", ""Set Response_1.inputs.body to include a descriptive error, e.g.: {\""status\"":\""failed\"",\""error\"":{\""code\"":\""ERR_INVALID_INPUT\"",\""message\"":\""Missing or empty 'fileName' and/or 'folderPath'\""}}."", ""Ensure kind is 'Http' and the action object is properly closed.""], ""note"": ""Consistent error payloads simplify client-side troubleshooting.""}, {""step_number"": 4, ""title"": ""Harden the Request trigger schema"", ""description"": ""Let the trigger enforce required properties to fail fast on bad input."", ""sub_steps"": [""Add required: [\""fileName\"", \""folderPath\""] to the trigger.inputs.schema."", ""Set additionalProperties to false to prevent unexpected fields."", ""Optionally add pattern/format constraints for fileName and folderPath if applicable.""], ""note"": ""Request schema validation yields automatic 400 responses for invalid requests.""}, {""step_number"": 5, ""title"": ""Verify Google Drive action path and parameters"", ""description"": ""Confirm that the Get file content using path action aligns with the connector\u2019s contract."", ""sub_steps"": [""Verify the action path is correct for your connector version. If needed, update to '/datasets/default/files/getFileContentByPath'."", ""Keep the queries.path expression encoding to avoid double slashes and encoding issues."", ""Remove 'queryParametersSingleEncoded' if the connector does not support it; retain only supported query parameters (e.g., path, inferContentType).""], ""note"": ""Incorrect paths or unsupported query flags cause runtime or deployment failures.""}, {""step_number"": 6, ""title"": ""Confirm connection parameter names and authorization"", ""description"": ""Ensure the $connections keys and connectionIds match existing API connections with proper permissions."", ""sub_steps"": [""Verify parameters.$connections has entries named exactly 'googledrive' and 'office365' (matching the references in the actions)."", ""Ensure both connections are authenticated and have permissions: Google Drive read access to the target folder/file, and Office 365 Mail send permissions."", ""If using different connection names, update the host.connection.name expressions accordingly.""], ""note"": ""Mismatched names or missing permissions can surface as non-descriptive errors.""}, {""step_number"": 7, ""title"": ""Validate email action payload and attachment encoding"", ""description"": ""Ensure the Office 365 Send an email (V2) action receives properly formatted inputs."", ""sub_steps"": [""Keep ContentBytes as @base64(body('Get_file_content_using_path')) to attach the file content."", ""Ensure the attachment Name resolves correctly; you may use @{triggerBody()?['fileName']} for consistency with string interpolation."", ""Optionally set 'IsHtml' to true or ensure the body is treated as HTML if required by your tenant settings.""], ""note"": ""Proper base64 encoding is required for attachments; misformatting can lead to send failures.""}, {""step_number"": 8, ""title"": ""Add failure handling for file retrieval"", ""description"": ""Handle cases where the file is not found or the Google Drive action fails."", ""sub_steps"": [""Configure runAfter on Send_an_email_(V2) to run only on Succeeded of Get_file_content_using_path (already present)."", ""Add a parallel Response action or a Scope with runAfter set to Failed of Get_file_content_using_path to return a 404/502 with details, e.g., {\""code\"":\""ERR_FILE_NOT_FOUND\"",\""message\"":\""File not found at provided path\""}."", ""Consider wrapping main actions in a Scope and using a subsequent Response for failures to standardize error outputs.""], ""note"": ""Explicit failure paths provide clearer diagnostics than generic errors.""}, {""step_number"": 9, ""title"": ""Test with sample payloads"", ""description"": ""Validate both success and failure paths via the HTTP trigger."", ""sub_steps"": [""Success test: {\""fileName\"":\""example.xlsx\"",\""folderPath\"":\""/Reports/2026\""}. Expect 200 and email delivered with attachment."", ""Missing field test: omit fileName or folderPath. Expect 400 with ERR_INVALID_INPUT."", ""Not found test: use a non-existent path or file. Expect failure response with appropriate code and message.""], ""note"": ""Testing ensures expressions, encoding, and connections behave as intended.""}, {""step_number"": 10, ""title"": ""Deploy and monitor"", ""description"": ""Save, deploy, and watch run history for any residual issues."", ""sub_steps"": [""Save the corrected workflow in code view and resolve any designer validation warnings."", ""Deploy to the target environment and confirm connections are bound."", ""Monitor run history, check action inputs/outputs for encoding, and add tracked properties or correlation IDs if needed.""], ""note"": ""Use Logic Apps run history to pinpoint any remaining misconfigurations.""}]}",,"[{""step"": ""Detected"", ""description"": ""CPI error detected and incident created."", ""status"": ""completed"", ""timestamp"": ""2026-06-06T02:10:20.207854+00:00""}]",,"{""name"": ""gdrive-logic-app"", ""artifact_id"": ""/subscriptions/f97c1b32-c56e-4616-bd76-0e1073a2c8c7/resourceGroups/Logic_app_auto-rg/providers/Microsoft.Logic/workflows/gdrive-logic-app"", ""version"": ""08584208959206207440"", ""package"": ""default"", ""deployed_on"": ""2026-06-04T09:21:51.1737617Z"", ""deployed_by"": ""unknown"", ""runtime_node"": ""southindia"", ""status"": ""Succeeded""}",,,,,,,,,,,,,,,,,,1,,,,,,,,,,0,0,,,,,,,,,,,,,logic_app_auto-rg,,,,
ORBLOGICAPPS-20260606-000001,f97c1b32-c56e-4616-bd76-0e1073a2c8c7,gdrive-logic-app,unknown,,UNKNOWN_ERROR,AUTO_FIXED,Bad request in Get file content by path,,2026-06-06 07:13:52.294367,2026-06-06 07:26:06.729445,True,True,0,08584208968535118046738299383CU17,/subscriptions/f97c1b32-c56e-4616-bd76-0e1073a2c8c7/resourcegroups/logic_app_auto-rg/providers/microsoft.logic/workflows/gdrive-logic-app/runs/08584208968535118046738299383cu17,2026-06-06 01:40:33.461943,2026-06-06 01:43:47.232082,action_failed,"The downstream action is configured with run-after conditions that require one or more predecessors to be Succeeded, but none of those dependencies actually succeeded or were all skipped/failed. Logic Apps reports this as ActionFailed with message 'No dependent actions succeeded.' In your run, at least one upstream action returned a concrete failure (example pattern: 404 ResourceNotFound with message '/docs/folder-name/resource-name does not exist'). Because these failures occur within a scope, you can inspect them with @result('YourScopeName') to see per-action objects (name, inputs, outputs, status, code, trackingId, clientTrackingId). Important: result() only surfaces top-level actions within that scope and not actions nested inside a Switch or Condition. Typical root causes include invalid/expired connector auth, missing/incorrect file or folder ID/path, insufficient permissions, or empty list results that cause all branches to be skipped. With no successful predecessor, the dependent action cannot run and fails with the reported message.","1) Identify the earliest failing dependency: In Run history, expand the scope that contains your Drive steps. Look for actions with status Failed and codes like NotFound (404) or Unauthorized (401). For 404s referencing a path (e.g., '/docs/folder-name/resource-name does not exist'), verify the exact file/folder ID or path, ensure the resource exists, and that the account has access. Reauthorize or recreate the Google Drive connection if tokens are expired or permissions changed.
2) Correct run-after wiring: Avoid configuring a downstream action to require multiple predecessors to be Succeeded if they can be skipped or fail. Prefer depending on the enclosing Scope (e.g., Try) instead of several individual actions. Set run-after on that scope to the statuses you intend: Succeeded if the action should run only when the Try scope succeeds; Failed for Catch behavior; or Succeeded, Failed, Skipped for a Finally action. This prevents the 'No dependent actions succeeded' error at merge points.
3) Implement a robust Try/Catch/Finally pattern:
- Try scope: Place Google Drive Get/Create/Update/List actions here.
- Catch scope: Configure run-after on Try = Failed. In Catch, collect failures using result('Try') and filter down to items with status == 'Failed'. Extract useful diagnostics (item()?['name'], item()?['outputs']?['statusCode'], item()?['outputs']?['body']?['code'], item()?['outputs']?['body']?['message'], item()?['trackingId'], item()?['clientTrackingId'], item()?['inputs']?['method'], item()?['inputs']?['uri']). Send one consolidated notification (HTTP POST, email, etc.) with the filtered array. You can remove a For each loop by passing the entire filtered array to a single action.
- Finally scope: Configure run-after on Try = Succeeded, Failed, Skipped for cleanup and consistent completion behaviors.
Note: result() returns only top-level actions inside the referenced scope. If failures are inside a Switch/Condition, move the relevant actions to the top level within the scope or surface errors upward (e.g., Set variable or Terminate) so result('Try') can see them.
4) Stabilize merge/parallel branches: If you merge parallel branches, ensure at least one path can succeed or include a default path. Alternatively, depend on the Try scope outcome rather than all branches to avoid scenarios where all predecessors are skipped/failed.
5) Harden for transient faults: Add retry policies with exponential backoff on connector actions to handle 429/5xx. For list operations that can return no items, explicitly handle empty arrays (e.g., conditionally skip downstream steps or provide defaults) so that at least one path can succeed when appropriate.
6) Improve observability: Log or propagate trackingId and clientTrackingId from result('Try') in your notifications or logs. This speeds correlation with Run history.
Expressions you can use:
- Aggregate results: result('Try')
- Filter Array condition: item()?['status'] is equal to 'Failed'
- Map details for notification: item()?['name'], item()?['outputs']?['statusCode'], item()?['outputs']?['body']?['code'], item()?['outputs']?['body']?['message'], item()?['trackingId'], item()?['clientTrackingId'], item()?['inputs']?['method'], item()?['inputs']?['uri']",0.4,"{""summary"": ""Fix for UNKNOWN_ERROR"", ""steps"": [{""step_number"": 1, ""title"": ""Review and adjust"", ""description"": ""Manual review required because automated fix generation failed."", ""sub_steps"": [""Inspect action inputs"", ""Validate payload"", ""Check API contract""], ""note"": ""No automated patch generated""}]}",,"[{""step"": ""Detected"", ""description"": ""CPI error detected and incident created."", ""status"": ""completed"", ""timestamp"": ""2026-06-06T01:53:31.955097+00:00""}]",,"{""name"": ""gdrive-logic-app"", ""artifact_id"": ""/subscriptions/f97c1b32-c56e-4616-bd76-0e1073a2c8c7/resourceGroups/Logic_app_auto-rg/providers/Microsoft.Logic/workflows/gdrive-logic-app"", ""version"": ""08584209467996871058"", ""package"": ""default"", ""deployed_on"": ""2026-06-04T09:21:51.1737617Z"", ""deployed_by"": ""unknown"", ""runtime_node"": ""southindia"", ""status"": ""Succeeded""}",,,,,,,,,,,,,,,,,,1,,,,,,,,,,0,0,,,,,,,,,,,,,logic_app_auto-rg,,,,
ORBLOGICAPPS-20260605-000020,f97c1b32-c56e-4616-bd76-0e1073a2c8c7,gdrive-logic-app,ActionFailed,An action failed. No dependent actions succeeded.,ACTION_FAILED,DETECTED,,,2026-06-05 17:27:48.207419,2026-06-05 17:43:33.492171,False,False,0,08584209464123024880534892148CU16,/subscriptions/f97c1b32-c56e-4616-bd76-0e1073a2c8c7/resourcegroups/logic_app_auto-rg/providers/microsoft.logic/workflows/gdrive-logic-app/runs/08584209464123024880534892148cu16,2026-06-05 11:54:35.039006,2026-06-05 11:57:42.041072,action_failed,,,,,,"[{""step"": ""Detected"", ""description"": ""CPI error detected and incident created."", ""status"": ""completed"", ""timestamp"": ""2026-06-05T12:13:30.978965+00:00""}]",,"{""name"": ""gdrive-logic-app"", ""artifact_id"": ""/subscriptions/f97c1b32-c56e-4616-bd76-0e1073a2c8c7/resourceGroups/Logic_app_auto-rg/providers/Microsoft.Logic/workflows/gdrive-logic-app"", ""version"": ""08584209467996871058"", ""package"": ""default"", ""deployed_on"": ""2026-06-04T09:21:51.1737617Z"", ""deployed_by"": ""unknown"", ""runtime_node"": ""southindia"", ""status"": ""Succeeded""}",,,,,,,,,,,,,,,,,,1,,,,,,,,,,0,0,,,,,,,,,,,,,logic_app_auto-rg,,,,
ORBLOGICAPPS-20260605-000019,f97c1b32-c56e-4616-bd76-0e1073a2c8c7,gdrive-logic-app,unknown,,UNKNOWN_ERROR,AUTO_FIXED,Run-after dependencies not met,,2026-06-05 16:46:30.742960,2026-06-05 17:18:08.093343,True,True,0,08584209488466999344015100447CU05,/subscriptions/f97c1b32-c56e-4616-bd76-0e1073a2c8c7/resourcegroups/logic_app_auto-rg/providers/microsoft.logic/workflows/gdrive-logic-app/runs/08584209488466999344015100447cu05/actions/condition,2026-06-05 11:13:59.676421,2026-06-05 11:16:23.832659,unknown_error,"The empty/""unknown"" failure is consistent with a misconfigured identity/connection setup in a Logic App deployment. The Google Drive connector requires Google OAuth and does not support Azure managed identity. If your Logic App/App Service plan or connections were recently deployed or updated with an identity block that’s incorrect (for example, identity.type set to UserAssigned without a valid userAssignedIdentities map, or the workflow/connection reference trying to use managedIdentity auth for a connector that only supports OAuth), the connector call can fail before a provider-level error is returned, surfacing as an ""unknown"" error. The snippet from the docs indicates that when you don’t intend to use a managed identity, you should explicitly set the identity object's type to ""None"". Conversely, if you do use a user-assigned identity for other actions, you must declare identity.type = ""UserAssigned"" and include the exact resource ID in userAssignedIdentities, which you typically reference from a template variable. Recent template/policy changes that toggle system-assigned identity on by default, omit the required userAssignedIdentities entry, or force managed identity auth in connections.json can all produce this symptom. Transient upstream issues (HTTP 502/504, throttling, expired Google token) remain possible but are less likely if the failure started after an infra/template change.","[""Confirm the failing step and collect correlation: Open Runs history, locate the first Failed action, and capture action().error, x-ms-client-request-id, and timestamps from Raw inputs/outputs."", ""Validate identity configuration on the Logic App resource: If you don\u2019t need managed identity for this workflow, set Identity to Off in the Portal (system-assigned off and no user-assigned) and redeploy with identity.type = \""None\"". If you need a user-assigned identity for other actions, set identity.type = \""UserAssigned\"" and include userAssignedIdentities with the exact resource ID (typically referenced from a variables() entry in your template). Do not leave identity.type as UserAssigned without the userAssignedIdentities map."", ""Fix connections/auth for Google Drive: The Google Drive connector must use Google OAuth. In Logic Apps Standard, ensure the googledrive entry in connections.json uses OAuth (not managedIdentity). In Consumption, recreate the API connection and reauthorize with the Google account. In Standard, reauthorize the connection reference. Confirm the Google account still has access to the target Drive/folders."", ""Redeploy templates safely: If you deploy via ARM/Bicep, explicitly set the identity object based on need: identity.type = \""None\"" when not using managed identity; or identity.type = \""UserAssigned\"" plus userAssignedIdentities = { <userAssignedIdentityResourceId>: {} } when you do. Define a variables() entry that resolves the user-assigned identity resource ID and reference it in userAssignedIdentities. Avoid mixing managed identity auth in connections for connectors that don\u2019t support it."", ""Check Azure Policy/CI baselines: If a policy forces managed identity on Logic Apps, create an exemption for this resource or satisfy the policy by providing a valid user-assigned identity and keep the Google Drive connection on OAuth."", ""Recreate and rebind the connection reference: After fixing identity/auth, delete and recreate the Google Drive connection, then update the workflow\u2019s connection reference if needed so it points to the new connection."", ""Networking sanity checks: If using VNET/ISE/custom outbound, allow outbound HTTPS 443 to oauth2.googleapis.com, www.googleapis.com, and content.googleapis.com, and verify DNS/proxy settings."", ""Harden for transients: Add an exponential retry policy (e.g., 4 retries, min interval ~5s) to Google Drive actions; reduce page/batch sizes; add backoff between list/download calls."", ""Improve diagnostics: Enable Diagnostic settings to Log Analytics (ActionRuntime/TriggerRuntime). In Standard, enable Application Insights and correlate via runId/x-ms-client-request-id. Wrap Google Drive calls in a Scope with a catch Scope (Configure run after = has failed) and log action().error."", ""Retest and confirm: Run again. If the error disappears when identity.type is set to None (or when a valid user-assigned identity block is provided) and the connection uses OAuth, the root cause was identity/connection mismatch. If failures persist with detailed errors, use the captured correlation IDs to open a support ticket with Azure (and Google if needed).""]",0.36,"{""summary"": ""Fix malformed Condition action, correct file content handling and path construction, validate trigger schema, and ensure connection references for Google Drive and Office 365 are properly configured to prevent UNKNOWN_ERROR and enable sending the requested file by email."", ""steps"": [{""step_number"": 1, ""title"": ""Repair malformed Condition action (missing/invalid expression)"", ""description"": ""The Condition action is truncated (ends at 'expressio') and lacks a valid 'expression' property. This breaks the workflow definition and can surface as UNKNOWN_ERROR. Recreate the Condition with a proper expression that allows only .xlsx and .csv files."", ""sub_steps"": [""Open the workflow in Code View."", ""Replace the existing Condition action with a valid block that includes an expression to validate the file extension."", ""Use this expression for the Condition.expression: @or(equals(last(split(triggerBody()?['fileName'], '.')), 'xlsx'), equals(last(split(triggerBody()?['fileName'], '.')), 'csv'))"", ""Keep the 'actions' (true branch) and 'else' as they are, but ensure the JSON is syntactically complete and valid.""], ""note"": ""A malformed or missing 'expression' in a Condition action prevents deployment/run-time compilation and often appears as an UNKNOWN_ERROR.""}, {""step_number"": 2, ""title"": ""Fix attachment ContentBytes mapping for Office 365 Send email (V2)"", ""description"": ""The Google Drive GetFileContentByPath action returns content in body['$content'] as base64. The current mapping uses base64(body('Get_file_content_using_path')), which double-encodes or passes the whole payload instead of the content field."", ""sub_steps"": [""In the Send_an_email_(V2) action, change Attachments[0].ContentBytes to: @{body('Get_file_content_using_path')?['$content']}"", ""Ensure Attachments[0].Name is a pure expression (not a literal string) by using: @{triggerBody()?['fileName']}""], ""note"": ""Supplying the correct base64 value prevents corrupted attachments and connector validation errors.""}, {""step_number"": 3, ""title"": ""Correct Google Drive path construction for GetFileContentByPath"", ""description"": ""The 'path' query currently concatenates folderPath and fileName without a separator, which can cause a not found error. Build a normalized absolute path with exactly one slash between folder and file, and ensure it starts with '/'."", ""sub_steps"": [""Update the Get_file_content_using_path.queries.path to: @{concat(if(startsWith(triggerBody()?['folderPath'], '/'), triggerBody()?['folderPath'], concat('/', triggerBody()?['folderPath'])), if(endsWith(triggerBody()?['folderPath'], '/'), '', '/'), triggerBody()?['fileName'])}"", ""Keep inferContentType: true. Leave queryParametersSingleEncoded as-is or remove if not required by your environment.""], ""note"": ""Google Drive GetFileContentByPath expects a valid path string. Incorrect concatenation leads to 404s or connector errors.""}, {""step_number"": 4, ""title"": ""Harden HTTP trigger schema and inputs"", ""description"": ""Ensure the incoming request includes both fileName and folderPath to avoid null-reference or path-construction issues."", ""sub_steps"": [""In the Request trigger schema, add: \""required\"": [\""fileName\"", \""folderPath\""]"", ""Optionally add minLength: 1 for both properties to block empty values.""], ""note"": ""Fail fast at the trigger if required data is missing; reduces downstream errors.""}, {""step_number"": 5, ""title"": ""Validate connection references for googledrive and office365"", ""description"": ""The actions reference parameters('$connections')['googledrive'] and ['office365']. Ensure these connection references exist and are authorized."", ""sub_steps"": [""Open the workflow connections blade and verify you have connections named 'googledrive' and 'office365' bound to this Logic App."", ""If missing, create or reauthorize the connections, then confirm that the $connections parameter has these entries with valid connectionId values."", ""Ensure the Google Drive connection has access to the specified folder/file path and the Office 365 connection has permission to send mail from the configured mailbox.""], ""note"": ""Missing or unauthorized connections can surface as UNKNOWN_ERROR during runtime.""}, {""step_number"": 6, ""title"": ""Normalize expression usage in properties"", ""description"": ""Use @{...} consistently when a property value should be an expression and not a literal string."", ""sub_steps"": [""Set Attachments[0].Name to: @{triggerBody()?['fileName']}"", ""Keep Subject and Body inline expressions as-is (e.g., 'Subject': 'Excel File - @{triggerBody()?['fileName']}')."", ""Optionally wrap Response_Success body message expression similarly if needed by your formatting rules.""], ""note"": ""Consistent expression syntax avoids ambiguous parsing and designer warnings.""}, {""step_number"": 7, ""title"": ""Add failure handling for Google Drive and email actions"", ""description"": ""Improve observability and user feedback beyond UNKNOWN_ERROR by handling connector failures explicitly."", ""sub_steps"": [""Add a parallel or scoped Try/Catch pattern: a Scope for main actions and a Scope for error handling configured with runAfter on Failed, TimedOut."", ""In the error handler, add a Response action returning statusCode 502 or 500 with a body describing which step failed (Google Drive fetch or Email send) and include outputs('...')?['body']?['error'] if available."", ""Enable action-level retry policies only if appropriate (e.g., transient network issues).""], ""note"": ""Clear error responses help distinguish validation failures from connector/runtime failures.""}, {""step_number"": 8, ""title"": ""Test end-to-end with representative inputs"", ""description"": ""Validate the updated workflow with both allowed and disallowed file types and various folder path formats."", ""sub_steps"": [""POST with fileName: 'report.xlsx' and folderPath: '/Shared/Monthly' expecting 200 and an email with the attachment."", ""POST with fileName: 'data.csv' and folderPath without leading slash (e.g., 'Shared/Monthly') to confirm the path normalization works."", ""POST with fileName: 'notes.txt' expecting 400 with ERR_INVALID_FILE_TYPE."", ""Test with a non-existent path to ensure error handling returns a meaningful 404/502-style response.""], ""note"": ""Confirm both success path and guardrails behave as intended.""}]}",,"[{""step"": ""Detected"", ""description"": ""CPI error detected and incident created."", ""status"": ""completed"", ""timestamp"": ""2026-06-05T11:44:00.365367+00:00""}]",,"{""name"": ""gdrive-logic-app"", ""artifact_id"": ""/subscriptions/f97c1b32-c56e-4616-bd76-0e1073a2c8c7/resourceGroups/Logic_app_auto-rg/providers/Microsoft.Logic/workflows/gdrive-logic-app"", ""version"": ""08584209488684833475"", ""package"": ""default"", ""deployed_on"": ""2026-06-04T09:21:51.1737617Z"", ""deployed_by"": ""unknown"", ""runtime_node"": ""southindia"", ""status"": ""Succeeded""}",,,,,,,,,,,,,,,,,,1,,,,,,,,,,0,0,,,,,,,,,,,,,logic_app_auto-rg,,,,
ORBLOGICAPPS-20260605-000018,f97c1b32-c56e-4616-bd76-0e1073a2c8c7,gdrive-logic-app,unknown,,UNKNOWN_ERROR,AUTO_FIXED,Missing file path input,,2026-06-05 16:20:57.357888,2026-06-05 16:31:06.282299,True,True,0,08584209504858782943596069208CU20,/subscriptions/f97c1b32-c56e-4616-bd76-0e1073a2c8c7/resourcegroups/logic_app_auto-rg/providers/microsoft.logic/workflows/gdrive-logic-app/runs/08584209504858782943596069208cu20/actions/condition,2026-06-05 10:46:40.975670,2026-06-05 10:50:50.109930,unknown_error,"The failure is surfacing as an 'unknown' error, which commonly happens when a managed connector (e.g., Google Drive) or a connection fails in a way the runtime can’t surface (timeout, 401/403, throttling), or when Secure Inputs/Outputs hide the real message. In addition to the usual Google Drive OAuth/permissions/quota causes, your deployment hints at an identity misconfiguration: the Logic App resource’s identity object is set to type = ""None"". Setting identity.type to ""None"" disables the workflow’s managed identity. If any action/connection in the workflow is configured to use a managed identity (system- or user-assigned), this mismatch results in opaque authorization failures (often shown as 'unknown'). If you intended to use a user-assigned identity, the template must set identity.type = ""UserAssigned"" and include userAssignedIdentities that reference the user-assigned identity’s resource ID (typically via a template variable). If the failing action is Google Drive, note that Google Drive connections use OAuth to Google (not Azure managed identity), so identity changes won’t fix an expired/revoked Google token, missing Drive permissions, bad IDs/paths, or quota limits.","1) Pinpoint the failing action and real error:
- Open the run in Runs history and inspect Raw inputs/outputs of each action. Temporarily disable Secure Inputs/Outputs to reveal the underlying message (re-enable afterward).

2) If the failing action is Google Drive:
- Reauthenticate the Google Drive API connection (Portal > API connections or Workflow > Connections). If it shows Unauthorized/Attention required, sign in again; if unstable, recreate it and rebind.
- Verify the Google account has access to the file/folder, IDs/paths are valid, the item isn’t in Trash, and file size fits within connector timeouts.
- Check Google API quota and errors (429/403). Add exponential retries (e.g., up to 4 retries, min interval ~5s) and increase the action timeout.

3) If any action/connection is configured to use Managed Identity (for Azure resources):
- Correct the Logic App identity configuration. Do NOT leave identity.type = ""None"" when MI is required.
  - For a user-assigned identity, set:
    identity.type = ""UserAssigned""
    identity.userAssignedIdentities = { [variables('uamiResourceId')]: {} }
    and define variables('uamiResourceId') to the resource ID of your user-assigned identity (for example, resourceId('Microsoft.ManagedIdentity/userAssignedIdentities','<uami-name>')).
  - For a system-assigned identity, set identity.type = ""SystemAssigned"".
- Redeploy the template and restart the Logic App (Standard) to pick up identity changes.
- Grant the identity the correct roles on target resources (e.g., Storage Blob Data Contributor, Service Bus Data Sender/Receiver, etc.).
- Ensure any connections that are meant to use MI are configured to authenticate with Managed Identity rather than keys/secrets.

4) Improve resiliency and observability:
- Wrap the failing actions in a Scope; add an On failure branch to capture outputs/workflow().run.name. Set an exponential retry policy and increase timeouts on transient operations.
- Enable Diagnostic settings to Log Analytics. Query Logic Apps runtime logs (WorkflowRuntime/WorkflowRuntimeAction for Standard; AzureDiagnostics for Consumption) to see code/message and correlation IDs.

5) Operational hygiene:
- Avoid editing/redeploying while runs are in-flight (to prevent cancellations). If the runtime appears unhealthy, restart the Logic App (Standard) and validate backing storage/hosting.

6) Escalation:
- If the Google Drive connection is healthy and identity/permissions are correctly configured but the issue persists, open an Azure support case with the Run ID, region, and correlation ID retrieved from logs.",0.32,"{""summary"": ""Fix malformed Condition action and correct path/content handling to resolve UNKNOWN_ERROR and ensure the Logic App reliably validates file type, retrieves Google Drive file content by path, and emails it via Office 365 Outlook."", ""steps"": [{""step_number"": 1, ""title"": ""Repair malformed Condition action (missing type/expression)"", ""description"": ""The Condition action is invalid/incomplete (truncated at 'expressio'). Add the required type and a valid expression to check the file extension before executing actions."", ""sub_steps"": [""Set the Condition action's type to \""If\""."", ""Add an expression to validate the file extension and presence of fileName using logical functions."", ""Keep the existing actions in the true branch and the existing 400 Response in the else branch.""], ""note"": ""Example expression: \""@and(not(empty(triggerBody()?['fileName'])), or(endsWith(toLower(triggerBody()?['fileName']), '.xlsx'), endsWith(toLower(triggerBody()?['fileName']), '.csv')))\""""}, {""step_number"": 2, ""title"": ""Fix Google Drive path concatenation"", ""description"": ""Ensure the file path passed to GetFileContentByPath includes proper slashes and no double slashes, combining folderPath and fileName robustly."", ""sub_steps"": [""Replace the current path expression that simply concatenates folderPath and fileName."", ""Use concat and trim to normalize slashes.""], ""note"": ""Replace queries.path with: \""@concat('/', trim(triggerBody()?['folderPath'], '/'), '/', trim(triggerBody()?['fileName'], '/'))\""""}, {""step_number"": 3, ""title"": ""Provide correct attachment ContentBytes"", ""description"": ""The Office 365 Send email (V2) action expects base64 in ContentBytes. The Google Drive connector returns base64 in the $content field; do not re-encode."", ""sub_steps"": [""Update the Attachments[0].ContentBytes from \""@base64(body('Get_file_content_using_path'))\"" to the $content field."", ""Verify the email sends correctly with the attachment.""], ""note"": ""Use: \""@body('Get_file_content_using_path')?['$content']\"" for Attachments[0].ContentBytes""}, {""step_number"": 4, ""title"": ""Validate connector references"", ""description"": ""Confirm that the $connections parameter includes valid entries for the Google Drive and Office 365 Outlook connectors and that the operation paths match the connector versions."", ""sub_steps"": [""Ensure parameters.$connections contains objects for keys \""googledrive\"" and \""office365\"" (or the actual connection keys used in your environment) with valid connectionId values."", ""Verify the Office 365 Outlook connector is the V2 action and the path \""/v2/Mail\"" is correct for your connection reference."", ""Reauthorize connections if needed.""], ""note"": ""Connector key names must match those used in host.connection.name expressions: @parameters('$connections')['googledrive']['connectionId'] and ['office365']['connectionId'].""}, {""step_number"": 5, ""title"": ""Strengthen the HTTP trigger schema"", ""description"": ""Require the expected inputs to prevent null/empty values from reaching the workflow."", ""sub_steps"": [""Add a required array to the trigger schema for fileName and folderPath."", ""Optionally include examples/defaults for easier manual testing.""], ""note"": ""Add: \""required\"": [\""fileName\"", \""folderPath\""] under triggers.When_an_HTTP_request_is_received.inputs.schema.""}, {""step_number"": 6, ""title"": ""Add error handling for file retrieval failures"", ""description"": ""Gracefully return a clear response when the file cannot be found or the Google Drive call fails, rather than bubbling up as UNKNOWN_ERROR."", ""sub_steps"": [""Wrap Get_file_content_using_path and Send_an_email_(V2) in a Scope or configure runAfter on a separate Response action for Failed/TimedOut."", ""On failure of Get_file_content_using_path, return a 404/400 Response with a descriptive error body (e.g., file not found at the computed path)."", ""Log the computed path in a Compose action for diagnostics (do not return internal paths to clients in production).""], ""note"": ""Example failure Response body: {\""status\"":\""failed\"",\""error\"":{\""code\"":\""ERR_FILE_NOT_FOUND\"",\""message\"":\""File not found at specified path.\""}}""}, {""step_number"": 7, ""title"": ""Verify dynamic content usage in strings"", ""description"": ""Confirm inline expressions in Subject, Body, and success Response message render correctly."", ""sub_steps"": [""Keep Subject: \""Excel File - @{triggerBody()?['fileName']}\""."", ""Keep Body with the inline fileName placeholder."", ""Confirm the success Response body includes the resolved fileName.""], ""note"": ""If any field does not support inline expressions, convert that field to a full expression using the string() and concat() functions.""}, {""step_number"": 8, ""title"": ""Test end-to-end scenarios"", ""description"": ""Run comprehensive tests to validate the fixes."", ""sub_steps"": [""Valid payload with .xlsx (expect 200 and email with attachment)."", ""Valid payload with .csv (expect 200 and email with attachment)."", ""Invalid extension (e.g., .txt) (expect 400 with ERR_INVALID_FILE_TYPE)."", ""Missing fields (expect 400 due to required schema)."", ""Non-existent file path (expect handled error response as configured)."", ""Folder/file path variations with/without leading/trailing slashes.""], ""note"": ""Capture run history to confirm the Condition evaluates correctly and the path expression resolves as intended.""}]}",,"[{""step"": ""Detected"", ""description"": ""CPI error detected and incident created."", ""status"": ""completed"", ""timestamp"": ""2026-06-05T10:58:31.842256+00:00""}]",,"{""name"": ""gdrive-logic-app"", ""artifact_id"": ""/subscriptions/f97c1b32-c56e-4616-bd76-0e1073a2c8c7/resourceGroups/Logic_app_auto-rg/providers/Microsoft.Logic/workflows/gdrive-logic-app"", ""version"": ""08584209510968791784"", ""package"": ""default"", ""deployed_on"": ""2026-06-04T09:21:51.1737617Z"", ""deployed_by"": ""unknown"", ""runtime_node"": ""southindia"", ""status"": ""Succeeded""}",,,,,,,,,,,,,,,,,,1,,,,,,,,,,0,0,,,,,,,,,,,,,logic_app_auto-rg,,,,
ORBLOGICAPPS-20260605-000017,f97c1b32-c56e-4616-bd76-0e1073a2c8c7,Invoice-app,ActionFailed,An action failed. No dependent actions succeeded.,ACTION_FAILED,DETECTED,,,2026-06-05 16:04:51.912035,2026-06-05 17:02:24.575836,False,False,0,08584209513210020652703450358CU03,/subscriptions/f97c1b32-c56e-4616-bd76-0e1073a2c8c7/resourcegroups/logic_app_auto-rg/providers/microsoft.logic/workflows/invoice-app/runs/08584209513210020653703450358cu14/triggers/when_a_new_email_arrives_in_a_shared_mailbox_(v2),2026-06-05 10:32:45.835741,2026-06-05 10:34:46.844663,action_failed,,,,,,"[{""step"": ""Detected"", ""description"": ""CPI error detected and incident created."", ""status"": ""completed"", ""timestamp"": ""2026-06-05T11:32:19.379413+00:00""}]",,"{""name"": ""Invoice-app"", ""artifact_id"": ""/subscriptions/f97c1b32-c56e-4616-bd76-0e1073a2c8c7/resourceGroups/Logic_app_auto-rg/providers/Microsoft.Logic/workflows/Invoice-app"", ""version"": ""08584209514913983288"", ""package"": ""default"", ""deployed_on"": ""2026-06-05T05:27:13.9316515Z"", ""deployed_by"": ""unknown"", ""runtime_node"": ""southindia"", ""status"": ""Succeeded""}",,,,,,,,,,,,,,,,,,1,,,,,,,,,,0,0,,,,,,,,,,,,,logic_app_auto-rg,,,,
ORBLOGICAPPS-20260605-000016,f97c1b32-c56e-4616-bd76-0e1073a2c8c7,InvoiceProcessorMinimal,unknown,,UNKNOWN_ERROR,DETECTED,,,2026-06-05 16:04:35.491472,2026-06-05 17:02:07.872658,False,False,0,08584209513859680781194237858CU07,/subscriptions/f97c1b32-c56e-4616-bd76-0e1073a2c8c7/resourcegroups/logic_app_auto-rg/providers/microsoft.logic/workflows/invoiceprocessorminimal/runs/08584209514019834486554578575cu12/triggers/when_a_new_email_arrives_(v3),2026-06-05 10:31:47.702719,2026-06-05 10:34:30.436553,unknown_error,,,,,,"[{""step"": ""Detected"", ""description"": ""CPI error detected and incident created."", ""status"": ""completed"", ""timestamp"": ""2026-06-05T11:32:02.656210+00:00""}]",,"{""name"": ""InvoiceProcessorMinimal"", ""artifact_id"": ""/subscriptions/f97c1b32-c56e-4616-bd76-0e1073a2c8c7/resourceGroups/Logic_app_auto-rg/providers/Microsoft.Logic/workflows/InvoiceProcessorMinimal"", ""version"": ""08584209713877330917"", ""package"": ""default"", ""deployed_on"": ""2026-06-04T08:53:34.9378307Z"", ""deployed_by"": ""unknown"", ""runtime_node"": ""southindia"", ""status"": ""Succeeded""}",,,,,,,,,,,,,,,,,,1,,,,,,,,,,0,0,,,,,,,,,,,,,logic_app_auto-rg,,,,
ORBLOGICAPPS-20260605-000015,f97c1b32-c56e-4616-bd76-0e1073a2c8c7,gdrive-logic-app,unknown,,UNKNOWN_ERROR,AUTO_FIXED,Unmet runAfter dependencies,,2026-06-05 15:25:59.991300,2026-06-05 16:06:30.406343,True,True,0,08584209537357686156072677712CU17,/subscriptions/f97c1b32-c56e-4616-bd76-0e1073a2c8c7/resourcegroups/logic_app_auto-rg/providers/microsoft.logic/workflows/gdrive-logic-app/runs/08584209537357686156072677712cu17/actions/condition,2026-06-05 09:52:30.692315,2026-06-05 09:55:52.908530,unknown_error,"The run is failing at trigger/connector initialization and surfacing as error code 'unknown' because the Logic App resource is deployed with no managed identity (identity.type is set to 'None') while the workflow and/or its connection/parameterization expects a managed identity (for example, Key Vault secret references, secure parameters, private endpoints, or connection authorization that relies on a user-assigned identity). The template snippet and docs you referenced indicate a variable that points to the user-assigned identity resource ID, but the identity block in the Logic App is currently disabled, so the runtime cannot resolve Key Vault references or identity-backed connection settings. This results in opaque failures that appear as 'unknown' in the portal. A secondary possibility remains a bad Google Drive OAuth connection or network egress restrictions, but the identity misconfiguration is the most likely root cause given the template detail.","[""Verify the Logic App resource definition used for deployment (ARM/Bicep/Terraform). If the identity block shows identity: { \""type\"": \""None\"" }, change it to the intended identity type."", ""If you require a user-assigned identity (recommended when your template defines a variable for the UAMI resource ID), set: identity.type = 'UserAssigned' and include userAssignedIdentities with the exact resource ID key you defined in variables (for example, identity: { type: 'UserAssigned', userAssignedIdentities: { \""[variables('userAssignedIdentityResourceId')]\"": {} } }). Ensure the variables('userAssignedIdentityResourceId') resolves to the correct resource ID."", ""If you prefer a system-assigned identity, set identity.type = 'SystemAssigned' and update any Key Vault access/role assignments and connection settings to use that identity."", ""Re-deploy the Logic App with the corrected identity block. After deployment, open the Logic App in the portal and click Save to ensure the designer and backend metadata are in sync."", ""Grant the managed identity the required permissions: for Key Vault, assign Key Vault Secrets User or appropriate RBAC role (or legacy access policy) with get/list on secrets; for any other Azure resources accessed via managed identity (Storage, Service Bus, etc.), assign corresponding roles."", ""If your connections or parameters reference @Microsoft.KeyVault() or identity-backed secret resolution, verify those references now succeed (no red underlines in designer; test secret retrieval)."", ""Refresh the Google Drive connection if used: open the API connection (or Connections in Standard) and reauthenticate to ensure tokens/scopes are valid. Save the workflow and run again."", ""If you intentionally do not want to use managed identity, remove any Key Vault references or identity-dependent settings from connections/parameters, or switch them to use explicit secrets (not recommended) and keep identity.type = 'None'."", ""Enable diagnostics to surface the exact failure: For Consumption, enable Diagnostic settings and send WorkflowRuntime/ActionRuntime/TriggerRuntime logs to Log Analytics; For Standard, enable Application Insights for the Logic App (App Service) and review exceptions/traces with correlation IDs."", ""Re-run a minimal test (for example, a simple Google Drive 'List files' action). If it now fails with 401/403/404/429, address those specific issues (token invalid, permissions/policy, wrong IDs, throttling) and configure retries."", ""Confirm outbound network access if running in an ISE/VNET-restricted environment: allow accounts.google.com, oauth2.googleapis.com, www.googleapis.com, *.googleapis.com, and Logic Apps connector endpoints. Temporarily relax egress to validate."", ""If failures still appear as 'unknown', use the Microsoft.Logic REST APIs to fetch run and operation details, capture the correlationId/code/message, and share with Microsoft Support if needed.""]",0.29,"{""summary"": ""Fix for UNKNOWN_ERROR"", ""steps"": [{""step_number"": 1, ""title"": ""Review and adjust"", ""description"": ""Manual review required because automated fix generation failed."", ""sub_steps"": [""Inspect action inputs"", ""Validate payload"", ""Check API contract""], ""note"": ""No automated patch generated""}]}",,"[{""step"": ""Detected"", ""description"": ""CPI error detected and incident created."", ""status"": ""completed"", ""timestamp"": ""2026-06-05T10:30:40.959108+00:00""}]",,"{""name"": ""gdrive-logic-app"", ""artifact_id"": ""/subscriptions/f97c1b32-c56e-4616-bd76-0e1073a2c8c7/resourceGroups/Logic_app_auto-rg/providers/Microsoft.Logic/workflows/gdrive-logic-app"", ""version"": ""08584209531338959335"", ""package"": ""default"", ""deployed_on"": ""2026-06-04T09:21:51.1737617Z"", ""deployed_by"": ""unknown"", ""runtime_node"": ""southindia"", ""status"": ""Succeeded""}",,,,,,,,,,,,,,,,,,1,,,,,,,,,,0,0,,,,,,,,,,,,,logic_app_auto-rg,,,,
ORBLOGICAPPS-20260605-000014,f97c1b32-c56e-4616-bd76-0e1073a2c8c7,gdrive-logic-app,unknown,,UNKNOWN_ERROR,DETECTED,,,2026-06-05 15:20:26.195375,2026-06-05 16:17:37.396819,False,False,0,08584209540241254297522684258CU00,/subscriptions/f97c1b32-c56e-4616-bd76-0e1073a2c8c7/resourcegroups/logic_app_auto-rg/providers/microsoft.logic/workflows/gdrive-logic-app/runs/08584209540241254297522684258cu00/actions/condition,2026-06-05 09:47:42.294732,2026-06-05 09:50:21.242791,unknown_error,,,,,,"[{""step"": ""Detected"", ""description"": ""CPI error detected and incident created."", ""status"": ""completed"", ""timestamp"": ""2026-06-05T10:47:31.962039+00:00""}]",,"{""name"": ""gdrive-logic-app"", ""artifact_id"": ""/subscriptions/f97c1b32-c56e-4616-bd76-0e1073a2c8c7/resourceGroups/Logic_app_auto-rg/providers/Microsoft.Logic/workflows/gdrive-logic-app"", ""version"": ""08584209510968791784"", ""package"": ""default"", ""deployed_on"": ""2026-06-04T09:21:51.1737617Z"", ""deployed_by"": ""unknown"", ""runtime_node"": ""southindia"", ""status"": ""Succeeded""}",,,,,,,,,,,,,,,,,,1,,,,,,,,,,0,0,,,,,,,,,,,,,logic_app_auto-rg,,,,
ORBLOGICAPPS-20260605-000013,f97c1b32-c56e-4616-bd76-0e1073a2c8c7,gdrive-logic-app,unknown,,UNKNOWN_ERROR,AUTO_FIXED,Null input to endsWith in Condition,,2026-06-05 15:18:40.834374,2026-06-05 15:32:34.160916,True,True,0,08584209540671335899449947670CU02,/subscriptions/f97c1b32-c56e-4616-bd76-0e1073a2c8c7/resourcegroups/logic_app_auto-rg/providers/microsoft.logic/workflows/gdrive-logic-app/runs/08584209540671335899449947670cu02,2026-06-05 09:46:59.055584,2026-06-05 09:48:35.465176,action_failed,"The run-level error is generic and only indicates that at least one top-level action in a scope failed and dependent actions were skipped. The actionable root cause is in the first failed action’s outputs. Use @result('YourScopeName') to enumerate the top-level action results from that scope and inspect each object’s outputs (statusCode, headers, body.code, body.message) along with trackingId/clientTrackingId. In the documented pattern, a failed action may return 404 ResourceNotFound with a message like '/docs/folder-name/resource-name does not exist', which means the target resource was not found (e.g., wrong path/ID, missing item, wrong drive). For Google Drive workflows, this commonly maps to an invalid or non-existent file/folder ID/path or a mismatch with Shared Drive vs My Drive. Note: result() only returns results for top-level actions, not actions nested inside a switch/condition.","[""Locate the true failing action quickly: In your catch/compensation path, add Filter array with From = @result('YourScopeName') and Condition = equals(item()?['status'], 'Failed'). Optionally add a Select to shape the payload (name, inputs.uri, inputs.method, outputs.statusCode, outputs.body.code, outputs.body.message, trackingId, clientTrackingId, startTime, endTime)."", ""Choose an exception-handling pattern: Option A) Send one notification/HTTP POST with the entire filtered array (no For each). Option B) If you need per-action handling, loop a For each over the filtered array."", ""Act on common failure types: 404 ResourceNotFound \u2013 For Google Drive actions, verify the file/folder really exists at runtime and that you\u2019re using the correct fileId (prefer IDs over paths), correct Drive (Shared Drive vs My Drive), and that any upstream step that produces the ID succeeded. For generic HTTP calls, verify the URI/route, method, and parameters. Decide whether 404 should be treated as non-fatal (skip) or terminal (Terminate with a clear message)."", ""Act on auth issues: 401/403 \u2013 Reauthorize the Google Drive/API connection; confirm OAuth scopes and that the account has permissions to the specific file/folder/shared drive. Update or recreate the API connection if it shows Needs attention."", ""Act on throttling/transient errors: 429/5xx \u2013 Add an explicit retry policy (exponential), reduce trigger/ForEach concurrency, and add delay/backoff as needed."", ""Prevent cascade failures: Wrap critical work in a Scope and add a Catch scope configured with Configure run after = hasFailed() or hasTimedOut(). Add guards (coalesce/empty checks) so Drive/HTTP actions aren\u2019t called with null or invalid inputs."", ""Log and correlate: Include name, status, inputs.uri/method, outputs.statusCode, outputs.body.code/message, trackingId and clientTrackingId in your alert/log to speed troubleshooting."", ""Mind result() limits: result() only returns top-level actions in the specified scope. If failures occur inside a condition/switch, add handling within each branch or surface errors at the top level."", ""Validate the fix: After correcting IDs/paths/auth or adding policies, resubmit a failed run (or trigger a new run) and monitor subsequent runs.""]",0.44,"{""summary"": ""Fix for UNKNOWN_ERROR"", ""steps"": [{""step_number"": 1, ""title"": ""Review and adjust"", ""description"": ""Manual review required because automated fix generation failed."", ""sub_steps"": [""Inspect action inputs"", ""Validate payload"", ""Check API contract""], ""note"": ""No automated patch generated""}]}",,"[{""step"": ""Detected"", ""description"": ""CPI error detected and incident created."", ""status"": ""completed"", ""timestamp"": ""2026-06-05T09:59:29.178861+00:00""}]",,"{""name"": ""gdrive-logic-app"", ""artifact_id"": ""/subscriptions/f97c1b32-c56e-4616-bd76-0e1073a2c8c7/resourceGroups/Logic_app_auto-rg/providers/Microsoft.Logic/workflows/gdrive-logic-app"", ""version"": ""08584209537446538757"", ""package"": ""default"", ""deployed_on"": ""2026-06-04T09:21:51.1737617Z"", ""deployed_by"": ""unknown"", ""runtime_node"": ""southindia"", ""status"": ""Succeeded""}",,,,,,,,,,,,,,,,,,1,,,,,,,,,,0,0,,,,,,,,,,,,,logic_app_auto-rg,,,,
ORBLOGICAPPS-20260605-000012,f97c1b32-c56e-4616-bd76-0e1073a2c8c7,gdrive-logic-app,unknown,,UNKNOWN_ERROR,DETECTED,,,2026-06-05 15:11:38.731051,2026-06-05 16:09:48.809445,False,False,0,08584209545346993958445211515CU07,/subscriptions/f97c1b32-c56e-4616-bd76-0e1073a2c8c7/resourcegroups/logic_app_auto-rg/providers/microsoft.logic/workflows/gdrive-logic-app/runs/08584209545346993958445211515cu07/actions/condition,2026-06-05 09:39:12.252881,2026-06-05 09:41:33.284019,unknown_error,,,,,,"[{""step"": ""Detected"", ""description"": ""CPI error detected and incident created."", ""status"": ""completed"", ""timestamp"": ""2026-06-05T10:39:42.028871+00:00""}]",,"{""name"": ""gdrive-logic-app"", ""artifact_id"": ""/subscriptions/f97c1b32-c56e-4616-bd76-0e1073a2c8c7/resourceGroups/Logic_app_auto-rg/providers/Microsoft.Logic/workflows/gdrive-logic-app"", ""version"": ""08584209510968791784"", ""package"": ""default"", ""deployed_on"": ""2026-06-04T09:21:51.1737617Z"", ""deployed_by"": ""unknown"", ""runtime_node"": ""southindia"", ""status"": ""Succeeded""}",,,,,,,,,,,,,,,,,,1,,,,,,,,,,0,0,,,,,,,,,,,,,logic_app_auto-rg,,,,
ORBLOGICAPPS-20260605-000011,f97c1b32-c56e-4616-bd76-0e1073a2c8c7,gdrive-logic-app,unknown,,UNKNOWN_ERROR,AUTO_FIXED,Null value passed to endsWith,,2026-06-05 14:54:59.316856,2026-06-05 15:17:00.088790,True,True,0,08584209554676038483348226365CU11,/subscriptions/f97c1b32-c56e-4616-bd76-0e1073a2c8c7/resourcegroups/logic_app_auto-rg/providers/microsoft.logic/workflows/gdrive-logic-app/runs/08584209554676038483348226365cu11/actions/condition,2026-06-05 09:23:38.247759,2026-06-05 09:24:53.682982,null_reference_error,"The Condition action fails with InvalidTemplate because endsWith() is invoked on a null value. The token you use for the file name/path (for example triggerBody()?['name'] or a prior action’s output) is empty or missing in some runs, so the first parameter to endsWith() isn’t a string. This typically occurs when the trigger doesn’t emit a name field (only a path), the property path is incorrect, or the upstream action failed/was skipped. When this expression error occurs, the run fails and downstream steps don’t execute. To improve resiliency and observability, wrap your processing in a Scope and capture failures with result('My_Scope') so you can log them, and configure an Azure Monitor alert on the Triggers Failed signal. If you rely on exported diagnostic logs for troubleshooting and some logs are missing, verify that trigger, action, and workflow run names contain only non-Unicode characters, because Unicode names aren’t permitted for exported logs.","1) Identify the null token:
- Open the failed run’s history, inspect the Condition inputs, and see which property evaluates to null. Confirm the correct source for the file name/path (for example triggerBody()?['name'], triggerBody()?['path'], or body('Get_file_metadata')?['name']).

2) Make the expression null-safe and case-insensitive:
- If the trigger provides name:
  @and(
    not(empty(triggerBody()?['name'])),
    endsWith(toLower(concat('', triggerBody()?['name'])), '.csv')
  )
- If the name comes from a prior action (for example Get_file_metadata):
  @and(
    not(empty(body('Get_file_metadata')?['name'])),
    endsWith(toLower(concat('', body('Get_file_metadata')?['name'])), '.csv')
  )
- If only a path is available, derive the name safely:
  @and(
    not(empty(triggerBody()?['path'])),
    endsWith(
      toLower(last(split(concat('', triggerBody()?['path']), '/'))),
      '.csv'
    )
  )
- Note: concat('', ...) coerces null to an empty string so endsWith() always receives a string.

3) If the trigger doesn’t supply a name, add a Get file metadata action and use its name output in the Condition.

4) Add failure handling using a Scope and result():
- Put your main actions in a scope named My_Scope.
- After it, add a Filter array (type: Query):
  from: @result('My_Scope')
  where: @equals(item()['status'], 'Failed')
- Add a For_each over @body('Filter_array') to log each failed action (for example, HTTP POST with body @item()['outputs']['body'] and headers x-failed-action-name: @item()['name'], x-failed-tracking-id: @item()['clientTrackingId']).

5) Add an Azure Monitor alert to catch future failures:
- Signal: Triggers Failed
- Aggregation: Count, Operator: Greater than or equal to, Threshold: 1
- Evaluation: Check every 1 minute, Lookback: 5 minutes

6) If exported diagnostic logs are missing/dropped, ensure trigger, action, and workflow run names do not contain Unicode characters.",0.82,"{""summary"": ""Fix the malformed Condition action and harden the Logic App by validating inputs, correcting the Google Drive path concatenation, and ensuring connector references are properly configured. Add robust condition logic for file extensions, improve error handling, and validate via end-to-end tests."", ""steps"": [{""step_number"": 1, ""title"": ""Repair malformed Condition action (missing/invalid expression, missing type)"", ""description"": ""The Condition action is truncated (\""expressio\"") and missing its required \""type\"": \""If\"" and a valid \""expression\"" block, which can cause UNKNOWN_ERROR during parsing/compilation."", ""sub_steps"": [""Open the workflow in code view."", ""Replace the existing Condition skeleton with a valid If action that includes a complete expression and correct structure."", ""Ensure the properties order is not critical, but the presence and spelling of keys are exact.""], ""note"": ""Malformed JSON in actions is a common cause of UNKNOWN_ERROR at design-time or run-time.""}, {""step_number"": 2, ""title"": ""Add explicit file extension validation in Condition.expression"", ""description"": ""Gate the processing so only .xlsx and .csv files are processed; otherwise return a 400 with ERR_INVALID_FILE_TYPE via the existing else branch."", ""sub_steps"": [""Set Condition.type to \""If\""."", ""Set Condition.expression to an expression that evaluates to true only when fileName ends with .xlsx or .csv."", ""Example replacement for Condition (structure only, keep your existing inner actions/else):"", ""{ \""type\"": \""If\"", \""expression\"": { \""or\"": [ { \""endsWith\"": [ \""@{triggerBody()?['fileName']}\"", \"".xlsx\"" ] }, { \""endsWith\"": [ \""@{triggerBody()?['fileName']}\"", \"".csv\"" ] } ] }, \""actions\"": { /* existing actions: Get_file_content_using_path, Send_an_email_(V2), Response_Success */ }, \""else\"": { /* existing Response_1 */ }, \""runAfter\"": {} }""], ""note"": ""Using endsWith avoids brittle substring parsing and clearly expresses the intent.""}, {""step_number"": 3, ""title"": ""Correct Google Drive file path concatenation"", ""description"": ""Ensure the Google Drive connector receives a properly joined path that has exactly one slash between folderPath and fileName."", ""sub_steps"": [""Update queries.path:"", ""\""path\"": \""@{if(endsWith(triggerBody()?['folderPath'],'/'), concat(triggerBody()?['folderPath'], triggerBody()?['fileName']), concat(triggerBody()?['folderPath'],'/', triggerBody()?['fileName']))}\"""", ""Keep queryParametersSingleEncoded=true as configured to avoid double-encoding."", ""Validate that the target Google Drive path matches the actual folder/file structure.""], ""note"": ""Missing or extra slashes are a frequent cause of 404/BadRequest from GetFileContentByPath.""}, {""step_number"": 4, ""title"": ""Strengthen the HTTP trigger schema"", ""description"": ""Require both inputs and prevent empty values at the entry point."", ""sub_steps"": [""Add a required array to the trigger schema:"", ""\""schema\"": { \""type\"": \""object\"", \""properties\"": { \""fileName\"": { \""type\"": \""string\"", \""minLength\"": 1 }, \""folderPath\"": { \""type\"": \""string\"", \""minLength\"": 1 } }, \""required\"": [\""fileName\"", \""folderPath\""] }"", ""Optionally document expected folderPath format (with or without trailing slash) since the workflow now normalizes it.""], ""note"": ""Failing fast at the trigger reduces downstream connector calls and improves error clarity.""}, {""step_number"": 5, ""title"": ""Verify and rebind connector references"", ""description"": ""Ensure $connections contains valid entries for googledrive and office365 and that both connections are authenticated in the environment."", ""sub_steps"": [""Open the Logic App\u2019s connections.json and confirm entries for googledrive and office365 exist with valid connectionId and connectionRuntimeUrl."", ""In the workflow definition, ensure host.connection.name matches: \""@parameters('$connections')['googledrive']['connectionId']\"" and \""@parameters('$connections')['office365']['connectionId']\""."", ""In the portal, reauthorize both connectors (Google Drive and Office 365 Outlook) to refresh tokens if needed.""], ""note"": ""Missing or expired connections can surface as opaque UNKNOWN_ERRORs depending on runtime.""}, {""step_number"": 6, ""title"": ""Harden error handling for connector failures"", ""description"": ""Return meaningful HTTP responses if Google Drive fetch or email send fails."", ""sub_steps"": [""For Get_file_content_using_path, add a Response action configured with runAfter on [\""Failed\"", \""TimedOut\""] returning 404 or 502 with a descriptive body."", ""For Send_an_email_(V2), add a Response action configured with runAfter on [\""Failed\"", \""TimedOut\""] returning 502 with an error message indicating email send failure."", ""Ensure only one terminal Response is sent per execution by using separate scopes or careful runAfter conditions.""], ""note"": ""This prevents silent failures and avoids default 500s when an inner action fails.""}, {""step_number"": 7, ""title"": ""Validate dynamic content usage and encodings"", ""description"": ""Confirm expressions are evaluated and content is correctly encoded for attachments and response."", ""sub_steps"": [""Keep attachment content as base64: \""ContentBytes\"": \""@base64(body('Get_file_content_using_path'))\""."", ""Confirm the Response_Success body message uses in-line expressions like \""File @{triggerBody()?['fileName']} sent successfully\"" which are supported in string literals."", ""If the Google Drive action returns already-base64 content (rare), remove the extra base64() to avoid double-encoding.""], ""note"": ""Mismatched encodings are a common source of corrupt attachments.""}, {""step_number"": 8, ""title"": ""Test end-to-end and monitor"", ""description"": ""Run through positive and negative scenarios to ensure the Logic App behaves as expected."", ""sub_steps"": [""Positive test: POST with {\""folderPath\"":\""/Shared/Test\"",\""fileName\"":\""sample.xlsx\""} where the file exists. Expect 200 and email received with valid attachment."", ""Extension gate test: POST with fileName \""not_allowed.txt\"". Expect 400 with ERR_INVALID_FILE_TYPE."", ""Missing input test: POST with empty body. Expect 400 due to trigger schema validation."", ""Not found test: Valid extension but non-existent file. Expect failure path Response (404/502) from hardened handling."", ""Monitor Run History and enable diagnostics logs to verify step-by-step execution and catch any residual issues.""], ""note"": ""Capture run IDs and connector call details to quickly iterate if further issues appear.""}]}",,"[{""step"": ""Detected"", ""description"": ""CPI error detected and incident created."", ""status"": ""completed"", ""timestamp"": ""2026-06-05T09:45:41.754657+00:00""}]",,"{""name"": ""gdrive-logic-app"", ""artifact_id"": ""/subscriptions/f97c1b32-c56e-4616-bd76-0e1073a2c8c7/resourceGroups/Logic_app_auto-rg/providers/Microsoft.Logic/workflows/gdrive-logic-app"", ""version"": ""08584209554748337630"", ""package"": ""default"", ""deployed_on"": ""2026-06-04T09:21:51.1737617Z"", ""deployed_by"": ""unknown"", ""runtime_node"": ""southindia"", ""status"": ""Succeeded""}",,,,,,,,,,,,,,,,,,1,,,,,,,,,,0,0,,,,,,,,,,,,,logic_app_auto-rg,,,,
ORBLOGICAPPS-20260605-000010,f97c1b32-c56e-4616-bd76-0e1073a2c8c7,gdrive-logic-app,unknown,,UNKNOWN_ERROR,AUTO_FIXED,Missing/invalid File Path input,,2026-06-05 14:15:29.205243,2026-06-05 14:53:39.655924,True,True,0,08584209579018647877344157190CU00,/subscriptions/f97c1b32-c56e-4616-bd76-0e1073a2c8c7/resourcegroups/logic_app_auto-rg/providers/microsoft.logic/workflows/gdrive-logic-app/runs/08584209579018647877344157190cu00/actions/condition,2026-06-05 08:43:04.624419,2026-06-05 08:45:21.314537,unknown_error,"- The deployment sets the Logic App's identity block to type None (""identity"": { ""type"": ""None"" }), which removes any managed identity from the app.
- If your workflow, connections, or app settings rely on the Logic App's managed identity (for example, to resolve Azure Key Vault references for a Google OAuth client secret, or to access storage/integration resources), those lookups fail. With Secure inputs/outputs enabled, the portal often shows an empty/unknown error, matching the symptom.
- Your template notes a variable that should hold the user-assigned identity resource ID, but that variable isn't actually used in the identity block, so the identity is never attached.
- Other common Google Drive causes (expired token, quota/throttle, timeouts, network egress, connector incident) can still apply, but the identity misconfiguration should be corrected first because it can mask the real error.","1) Assign a managed identity in your template:
- System-assigned MI:
  identity: { ""type"": ""SystemAssigned"" }
- User-assigned MI:
  identity: {
    ""type"": ""UserAssigned"",
    ""userAssignedIdentities"": {
      ""[variables('uamiResourceId')]"": {}
    }
  }
Ensure variables('uamiResourceId') resolves to the full resource ID of your user-assigned identity (for example, resourceId('Microsoft.ManagedIdentity/userAssignedIdentities', '<name>')).

2) Redeploy the Logic App with the corrected identity and restart the runtime (Logic Apps Standard) so the identity is active.

3) Grant the identity required permissions:
- Key Vault: assign an appropriate role (e.g., Key Vault Secrets User via RBAC) or add an access policy for Get/List secrets, depending on your vault permission model.
- Any other Azure resource the workflow accesses (Storage, Service Bus, etc.): assign the minimal required RBAC roles.

4) Reauthorize or recreate dependent connections so they pick up the new identity:
- If the Google Drive connection uses a Key Vault reference for its client secret or other settings, verify the secret now resolves. If not, fix Key Vault permissions or secret URIs.
- Open the Google Drive connection and reauthenticate; confirm status is Connected.

5) Surface actionable errors while validating:
- Temporarily disable Secure inputs/outputs on the failing action (non-production) and rerun to view raw error details.
- Enable diagnostics (Consumption: send WorkflowRuntime/ActionRuntime to Log Analytics; Standard: enable Application Insights) to capture errors.

6) If identity is now correct but errors persist, handle connector-specific issues:
- Check Google API quotas and recent errors; add exponential retry (e.g., count=5, minInterval≈20s) for 429/5xx.
- If you see 401/403 on the action, re-consent the Google Drive connection or correct scopes.
- Validate egress/DNS if using VNET/ISE: allow outbound 443 and resolve accounts.google.com and www.googleapis.com.
- For long operations, increase action timeout or break work into smaller chunks.

7) Re-run and confirm the failing action now returns structured errors or succeeds. If issues remain, collect runId/timestamps and open a Microsoft support ticket, including diagnostics output.",0.33,"{""summary"": ""Fix for UNKNOWN_ERROR"", ""steps"": [{""step_number"": 1, ""title"": ""Review and adjust"", ""description"": ""Manual review required because automated fix generation failed."", ""sub_steps"": [""Inspect action inputs"", ""Validate payload"", ""Check API contract""], ""note"": ""No automated patch generated""}]}",,"[{""step"": ""Detected"", ""description"": ""CPI error detected and incident created."", ""status"": ""completed"", ""timestamp"": ""2026-06-05T09:21:34.032693+00:00""}]",,"{""name"": ""gdrive-logic-app"", ""artifact_id"": ""/subscriptions/f97c1b32-c56e-4616-bd76-0e1073a2c8c7/resourceGroups/Logic_app_auto-rg/providers/Microsoft.Logic/workflows/gdrive-logic-app"", ""version"": ""08584209579900635069"", ""package"": ""default"", ""deployed_on"": ""2026-06-04T09:21:51.1737617Z"", ""deployed_by"": ""unknown"", ""runtime_node"": ""southindia"", ""status"": ""Succeeded""}",,,,,,,,,,,,,,,,,,1,,,,,,,,,,0,0,,,,,,,,,,,,,logic_app_auto-rg,,,,
ORBLOGICAPPS-20260605-000009,f97c1b32-c56e-4616-bd76-0e1073a2c8c7,gdrive-logic-app,unknown,,UNKNOWN_ERROR,DETECTED,,,2026-06-05 13:45:45.396034,2026-06-05 14:36:24.965680,False,False,0,08584209597130911445306757324CU06,/subscriptions/f97c1b32-c56e-4616-bd76-0e1073a2c8c7/resourcegroups/logic_app_auto-rg/providers/microsoft.logic/workflows/gdrive-logic-app/runs/08584209597130911445306757324cu06/actions/condition,2026-06-05 08:12:53.884607,2026-06-05 08:15:39.041023,unknown_error,"Your ARM/Bicep template configures the Logic App identity as ""type"": ""None"" while also referencing a user-assigned identity (via a variable that points to its resource ID). With identity disabled, any workflow feature that expects a managed identity (for example: pulling secrets from Key Vault, identity-based storage access, references in connections.json, or runtime encryption) cannot authenticate. In Logic Apps, this often surfaces as an Unknown/empty error at trigger/action initialization. In a Google Drive scenario, even though the connector ultimately uses OAuth to Google, the Logic App or its connection references may still rely on the app’s managed identity to resolve secrets or storage settings; with identity set to None, the handshake fails before a clear connector error is emitted. Secondary/common causes like expired/revoked Google OAuth or lost Drive permissions can still apply, but the primary blocker here is the identity misconfiguration.","1) Enable a valid managed identity on the Logic App resource:
- Logic App Consumption (Microsoft.Logic/workflows):
  ""identity"": {
    ""type"": ""UserAssigned"",
    ""userAssignedIdentities"": {
      ""[resourceId('Microsoft.ManagedIdentity/userAssignedIdentities', variables('userAssignedIdentityName'))]"": {}
    }
  }
  Or use system-assigned: ""identity"": { ""type"": ""SystemAssigned"" }.

- Logic App Standard (Microsoft.Web/sites with kind ""workflowapp""):
  ""identity"": {
    ""type"": ""UserAssigned"",
    ""userAssignedIdentities"": {
      ""[resourceId('Microsoft.ManagedIdentity/userAssignedIdentities', variables('userAssignedIdentityName'))]"": {}
    }
  }
  Or: ""identity"": { ""type"": ""SystemAssigned"" }.

Ensure variables('userAssignedIdentityName') exists and the UAMI resource is deployed.

2) Grant the identity required permissions:
- If using Key Vault for connection secrets or app settings references: assign Key Vault Secrets User (get/list) or a suitable custom role to the vault.
- If using identity-based storage for Logic App Standard: grant Storage Blob Data Contributor on the storage account used by AzureWebJobsStorage.
- Grant any other target resource roles your workflow needs (Service Bus, Event Hubs, etc.).

3) If Logic App Standard uses identity-based storage or Key Vault references, set app settings accordingly and redeploy:
- AzureWebJobsStorage__credential=managedIdentity
- AzureWebJobsStorage__accountName=<storageAccountName>
- WORKFLOWS_TENANT_ID=<AAD tenant ID>
(Adjust per your environment; restart the app after changes.)

4) Reauthenticate and validate the Google Drive connection (separate from MSI):
- Consumption: Resource group -> API connections -> your google-drive connection -> Edit -> Reauthorize/Login -> Save.
- Standard: Logic App -> Connections -> select Google Drive -> Reconnect (or update connections.json and redeploy).
- Ensure the Google OAuth app is allowed by your org and required scopes (drive/drive.readonly) are granted.

5) Validate configuration and permissions:
- Confirm the target Drive/folder exists and is shared with the signed-in Google account. Reselect the folder in the trigger/action to refresh internal IDs.
- Add a quick test action (List files) to confirm access.

6) Enable diagnostics to capture details if issues persist:
- Consumption: Diagnostic settings -> send LogicAppsWorkflowRuntime and LogicAppsWorkflowRun to Log Analytics/Storage.
- Standard: Enable Application Insights and workflow runtime logging; reproduce and review connector/HTTP errors.

7) Reliability hardening and networking:
- Configure exponential retry on Google Drive actions (e.g., max 4, min 5s).
- If behind VNET/Firewall/ISE, allow egress to accounts.google.com and *.googleapis.com and ensure proper DNS resolution.

8) If problems remain after fixing identity and reauth:
- Recreate the Google Drive connection and rebind actions.
- Check Azure Service Health for regional incidents.
- Open a support ticket with runId, x-ms-client-request-id, timestamp, and region.",0.32,"{""summary"": ""Fix for UNKNOWN_ERROR"", ""steps"": [{""step_number"": 1, ""title"": ""Review and adjust"", ""description"": ""Manual review required because automated fix generation failed."", ""sub_steps"": [""Inspect action inputs"", ""Validate payload"", ""Check API contract""], ""note"": ""No automated patch generated""}]}",,"[{""step"": ""Detected"", ""description"": ""CPI error detected and incident created."", ""status"": ""completed"", ""timestamp"": ""2026-06-05T09:06:21.141633+00:00""}]",,"{""name"": ""gdrive-logic-app"", ""artifact_id"": ""/subscriptions/f97c1b32-c56e-4616-bd76-0e1073a2c8c7/resourceGroups/Logic_app_auto-rg/providers/Microsoft.Logic/workflows/gdrive-logic-app"", ""version"": ""08584209579900635069"", ""package"": ""default"", ""deployed_on"": ""2026-06-04T09:21:51.1737617Z"", ""deployed_by"": ""unknown"", ""runtime_node"": ""southindia"", ""status"": ""Succeeded""}",,,,,,,,,,,,,,,,,,1,,,,,,,,,,0,0,,,,,,,,,,,,,logic_app_auto-rg,,,,
ORBLOGICAPPS-20260605-000008,f97c1b32-c56e-4616-bd76-0e1073a2c8c7,gdrive-logic-app,unknown,,UNKNOWN_ERROR,DETECTED,,,2026-06-05 12:09:48.478933,2026-06-05 12:28:00.767234,False,False,0,08584209654128743879198841430CU07,/subscriptions/f97c1b32-c56e-4616-bd76-0e1073a2c8c7/resourcegroups/logic_app_auto-rg/providers/microsoft.logic/workflows/gdrive-logic-app/runs/08584209654128743879198841430cu07/actions/condition,2026-06-05 06:37:53.559402,2026-06-05 06:39:43.528930,unknown_error,"The 'unknown' error most likely originates in the connector/auth layer. Besides an expired/invalid Google Drive OAuth token or transient Google API faults, a common root cause in recent deployments is a misconfigured managed identity on the Logic App or its connection host. If your ARM/Bicep template set identity incorrectly (for example, leaving a SystemAssigned identity in place when you don’t use it, or switching to a user-assigned identity without correctly referencing its resource ID), the runtime may fail to resolve Key Vault–backed secrets for the connection, and the Google Drive connector surfaces that as an 'unknown' failure. The current guidance is: if you aren’t using managed identity, explicitly set the identity object’s type to 'None' (""identity"": { ""type"": ""None"" }). If you are using a user-assigned identity, ensure your template variables reference the correct user-assigned identity resource ID and that the identity has the necessary Key Vault permissions. Networking constraints (VNET/ISE egress/DNS) and Drive resource access (Shared Drives, item IDs) can still contribute but are secondary here.","- Identify your runtime and identity posture:
  1) Logic Apps Standard: Check identity on the workflow app (Microsoft.Web/sites). Logic Apps Consumption: Check identity on the workflow (Microsoft.Logic/workflows).
  2) If you don’t intentionally use managed identity for connections/secrets, set identity to None in your template and redeploy.

- Correct the identity configuration in ARM/Bicep:
  • Not using MI: ensure the resource has: ""identity"": { ""type"": ""None"" }.
  • Using a user-assigned MI: ensure both are true:
    - identity.type = ""UserAssigned"" and identity.userAssignedIdentities includes the exact resource ID of your UAMI (use a template variable that points to the UAMI resourceId).
    - The UAMI has Key Vault permissions (RBAC or access policy) to get/list secrets used by your connections.

- Reconcile Key Vault references and permissions:
  1) If your Google Drive connection or app settings use Key Vault references, grant the configured identity Secret Get/List on the vault (Azure RBAC: Key Vault Secrets User or access policy equivalent).
  2) After changing identity/permissions, restart the workflow app (Standard) or re-save the workflow (Consumption) so secret resolution re-hydrates.

- Recreate or reauthorize the Google Drive connection:
  1) In Portal: Connections/API Connections -> your Google Drive connection -> Test. If attention is required, click Edit/Authorize and sign in. If that fails, delete and recreate the connection with the required scopes (drive or drive.readonly).
  2) If the connection stores secrets in Key Vault, confirm the secret URI and version are valid and readable by the chosen identity.

- Add resilience and verify configuration:
  1) Set Drive actions Retry policy to Exponential (e.g., max 6, min 5s, max 60s) and, if needed, limit concurrency.
  2) Validate Drive access: correct Drive (My Drive vs Shared Drive), item IDs/paths, and permissions of the signed-in Google account.
  3) If using VNET/ISE, ensure outbound HTTPS to *.googleapis.com and DNS resolution; test with an HTTP action to https://www.googleapis.com/drive/v3/about.

- Improve visibility and confirm fix:
  1) Enable Diagnostics to Log Analytics/App Insights and review connector error details.
  2) Rerun the workflow. If failures persist, open the first failed action’s Outputs to capture statusCode/headers/error, and adjust identity/Key Vault permissions or reauth as indicated.",0.32,"{""summary"": ""Fix for UNKNOWN_ERROR"", ""steps"": [{""step_number"": 1, ""title"": ""Review and adjust"", ""description"": ""Manual review required because automated fix generation failed."", ""sub_steps"": [""Inspect action inputs"", ""Validate payload"", ""Check API contract""], ""note"": ""No automated patch generated""}]}",,"[{""step"": ""Detected"", ""description"": ""CPI error detected and incident created."", ""status"": ""completed"", ""timestamp"": ""2026-06-05T06:57:57.139208+00:00""}]",,"{""name"": ""gdrive-logic-app"", ""artifact_id"": ""/subscriptions/f97c1b32-c56e-4616-bd76-0e1073a2c8c7/resourceGroups/Logic_app_auto-rg/providers/Microsoft.Logic/workflows/gdrive-logic-app"", ""version"": ""08584209656582158936"", ""package"": ""default"", ""deployed_on"": ""2026-06-04T09:21:51.1737617Z"", ""deployed_by"": ""unknown"", ""runtime_node"": ""southindia"", ""status"": ""Succeeded""}",,,,,,,,,,,,,,,,,,1,,,,,,,,,,0,0,,,,,,,,,,,,,logic_app_auto-rg,,,,
ORBLOGICAPPS-20260605-000007,f97c1b32-c56e-4616-bd76-0e1073a2c8c7,gdrive-logic-app,unknown,,UNKNOWN_ERROR,PIPELINE_FIXER,,,2026-06-05 11:32:06.754283,2026-06-05 12:15:23.535739,True,False,0,08584209678458271296147470733CU19,/subscriptions/f97c1b32-c56e-4616-bd76-0e1073a2c8c7/resourcegroups/logic_app_auto-rg/providers/microsoft.logic/workflows/gdrive-logic-app/runs/08584209678458271296147470733cu19/actions/condition,2026-06-05 05:57:21.027643,2026-06-05 06:02:00.782767,unknown_error,"The Logic App is likely missing its managed identity due to an ARM/Bicep deployment that set identity.type to ""None"" and didn’t follow up with a deployment that adds the intended user-assigned identity. When the Logic App has no managed identity, any actions, connections, or secret references that rely on it (for example, Key Vault references or managed-identity-based connectors) can fail early and bubble up to the runtime as an ""unknown"" error. This aligns with the provided note about the identity object showing ""identity"": { ""type"": ""None"" } and the need to reference the user-assigned identity’s resource ID from a template variable. While an unhealthy Google Drive API connection can also cause unknown errors, the presence of identity.type = ""None"" is a higher-confidence root cause to address first.","- Confirm identity state:
  - Azure Portal > Logic Apps > gdrive-logic-app > Identity. If it shows no system or user-assigned identity, the app currently has identity.type = ""None"".

- Correct the ARM/Bicep identity configuration and redeploy:
  - If you intend to use a user-assigned identity (UAMI):
    - ARM template:
      - Add a variable for the UAMI resource ID, for example:
        - variables.userAssignedIdentityResourceId = [resourceId('Microsoft.ManagedIdentity/userAssignedIdentities', parameters('uamiName'))]
      - Set the resource identity to:
        - identity = {
            type: 'UserAssigned',
            userAssignedIdentities: {
              ""[variables('userAssignedIdentityResourceId')]"": {}
            }
          }
    - Bicep example:
      - var uamiId = resourceId('Microsoft.ManagedIdentity/userAssignedIdentities', uamiName)
      - identity: {
          type: 'UserAssigned'
          userAssignedIdentities: {
            '${uamiId}': {}
          }
        }
  - If you need a system-assigned identity instead:
    - identity: { type: 'SystemAssigned' }
  - If you need both:
    - identity: { type: 'SystemAssigned, UserAssigned', userAssignedIdentities: { '<UAMI resourceId>': {} } }
  - Note: Setting identity.type to 'None' is only a temporary step to remove existing identities when switching modes. Ensure you follow it with a deployment that applies the correct identity configuration.

- Grant permissions to the identity:
  - Assign RBAC roles or Key Vault access policies to the UAMI/System-assigned identity as required by your actions and connectors.

- Rebind/update connections that depend on managed identity:
  - For any connections configured to use MI, open the connection resource and reselect the intended identity after redeploying.

- Validate the Google Drive connection (in case there is a secondary issue):
  - Logic App > API connections/Connections > Google Drive. If it shows Attention required/Expired, repair (re-authenticate) or recreate the connection with the correct Google account and scopes.

- Re-run and capture concrete details if issues persist:
  - Runs history > failed run > failed action > Raw outputs to confirm whether errors shift from ""unknown"" to specific 401/403/429/5xx. Enable Application Insights/Diagnostic logs for deeper traces.

- After remediation, resubmit failed runs and add retry and error handling (Scopes + run-after) to improve resiliency.",0.22,"{""summary"": ""Fix for UNKNOWN_ERROR"", ""steps"": [{""step_number"": 1, ""title"": ""Review and adjust"", ""description"": ""Manual review required because automated fix generation failed."", ""sub_steps"": [""Inspect action inputs"", ""Validate payload"", ""Check API contract""], ""note"": ""No automated patch generated""}]}",,"[{""step"": ""Detected"", ""description"": ""CPI error detected and incident created."", ""status"": ""completed"", ""timestamp"": ""2026-06-05T06:28:22.102395+00:00""}]",,"{""name"": ""gdrive-logic-app"", ""artifact_id"": ""/subscriptions/f97c1b32-c56e-4616-bd76-0e1073a2c8c7/resourceGroups/Logic_app_auto-rg/providers/Microsoft.Logic/workflows/gdrive-logic-app"", ""version"": ""08584209678809514103"", ""package"": ""default"", ""deployed_on"": ""2026-06-04T09:21:51.1737617Z"", ""deployed_by"": ""unknown"", ""runtime_node"": ""southindia"", ""status"": ""Succeeded""}",,,,,,,,,,,,,,,,,,1,,,,,,,,,,0,0,,,,,,,,,,,,,logic_app_auto-rg,,,,
ORBLOGICAPPS-20260605-000006,f97c1b32-c56e-4616-bd76-0e1073a2c8c7,TrialFlow,InvalidTemplate,,bad_request,AUTO_FIXED,Wrong connection key in $connections,,2026-06-05 10:25:47.196798,2026-06-05 11:24:30.139692,True,True,0,08584209717015363158584520375CU10,/subscriptions/f97c1b32-c56e-4616-bd76-0e1073a2c8c7/resourcegroups/logic_app_auto-rg/providers/microsoft.logic/workflows/trialflow/runs/08584209717015363158584520375cu10/actions/send_an_email_(v2),2026-06-05 04:53:04.338146,2026-06-05 04:55:42.301600,unknown_error,"The run-level message ""No dependent actions succeeded"" is a symptom: a downstream action or Scope required one or more predecessors to succeed, but none did. The root cause is an upstream failed action. Based on the @result() example, an HTTP action (name: Example_Action_That_Failed) returned 404 NotFound with body.code=ResourceNotFound and message=""/docs/folder-name/resource-name does not exist"". That failure (status=Failed, code=NotFound, outputs.statusCode=404) caused all dependents configured to runAfter=Succeeded to be skipped/failed. Note: @result() returns only top-level actions (or top-level actions within a Scope when you call result('<scopeName>')); it won’t include actions nested inside Switch/Condition. Wrap branch logic in Scopes if you need their failures surfaced by result().","1) Correct the 404 root cause:
- Verify the target resource actually exists and the URI/ID is correct (path segments, casing, environment/tenant, subscription, and base URL).
- Validate HTTP method, required headers, auth, and payload. If the path can be empty/null, guard before calling.

2) Add structured exception handling with result():
- Wrap risky steps in a Scope (e.g., My_Scope).
- Add a Filter array with From = ""@result('My_Scope')"" and condition = ""@equals(item()?['status'],'Failed')"" to collect only failures.
- Option A (aggregate): Remove For each and send one handler (HTTP POST/log/Alert) that takes the entire filtered array.
- Option B (per-item): Use For each over the filtered array for itemized handling.
- Include useful fields from each failed item: name, status, code, inputs.uri/method, outputs.statusCode, outputs.body.code, outputs.body.message, trackingId, clientTrackingId, startTime, endTime.
- Remember: result() doesn’t return nested Switch/Condition actions. Place those actions inside their own Scopes and call result('<thatScope>').

3) Fix run-after so dependents don’t cascade-fail:
- For the action that shows ""No dependent actions succeeded"", set Configure run after to proceed when any intended predecessor Succeeded (not all), or add a Catch scope with run-after = Failed, TimedOut, Skipped for cleanup/notification.

4) Retry policy and guards:
- Do not retry hard 404s; set retry policy to None for this action or handle only transient errors (5xx/429). Add pre-call validations (coalesce/if/empty checks) and encodeUriComponent when building paths.

5) Validate and test:
- Re-run with a known-good resource to confirm success, and with an invalid resource to verify the catch path logs the filtered @result('My_Scope') failures. Monitor Runs history (and App Insights, if enabled) for recurrence.",0.37,"{""summary"": ""Fix for UNKNOWN_ERROR"", ""steps"": [{""step_number"": 1, ""title"": ""Review and adjust"", ""description"": ""Manual review required because automated fix generation failed."", ""sub_steps"": [""Inspect action inputs"", ""Validate payload"", ""Check API contract""], ""note"": ""No automated patch generated""}]}",,"[{""step"": ""Detected"", ""description"": ""CPI error detected and incident created."", ""status"": ""completed"", ""timestamp"": ""2026-06-05T05:10:01.240762+00:00""}]",,"{""name"": ""TrialFlow"", ""artifact_id"": ""/subscriptions/f97c1b32-c56e-4616-bd76-0e1073a2c8c7/resourceGroups/Logic_app_auto-rg/providers/Microsoft.Logic/workflows/TrialFlow"", ""version"": ""08584209728837362696"", ""package"": ""default"", ""deployed_on"": ""2026-06-04T08:53:16.4610069Z"", ""deployed_by"": ""unknown"", ""runtime_node"": ""southindia"", ""status"": ""Succeeded""}",,,,,,,,,,,,,,,,,,1,,,,,,,,,,0,0,,,,,,,,,,,,,logic_app_auto-rg,,,,
ORBLOGICAPPS-20260605-000005,f97c1b32-c56e-4616-bd76-0e1073a2c8c7,InvoiceProcessorMinimal,unknown,,UNKNOWN_ERROR,AUTO_FIXED,Invalid For_each items (null/non-array),,2026-06-05 10:19:37.570079,2026-06-05 10:28:26.169379,True,True,0,08584209720651622871475026881CU01,/subscriptions/f97c1b32-c56e-4616-bd76-0e1073a2c8c7/resourcegroups/logic_app_auto-rg/providers/microsoft.logic/workflows/invoiceprocessorminimal/runs/08584209720651622871475026881cu01/actions/analyze_invoice,2026-06-05 04:47:08.413742,2026-06-05 04:49:32.557728,unknown_error,"The run failed with an 'unknown' error because the workflow (or one of its API connections/actions) is configured to use a Managed Identity, but the resource has no identity enabled. Your template/ARM shows identity.type = ""None"", which removes both system-assigned and user-assigned identities. When an action attempts MSI-based auth (Key Vault, Storage, SQL, ARM/Graph, HTTP with Managed Identity), token acquisition fails (401/403/No MSI endpoint), and because inputs/outputs are often secured, the portal surfaces this as an 'unknown' failure with an empty message. This frequently happens after IaC deployments that default identity to None or omit userAssignedIdentities, or when switching to a user-assigned identity without wiring its resource ID/client ID into the action/connection. The missing identity also explains why diagnostics may show no clear failureReason unless workflow runtime logs are enabled.","- Ensure the Logic App resource actually has a managed identity enabled before using MSI in actions/connections.
  • Consumption (Microsoft.Logic/workflows) or Standard (Microsoft.Web/sites for the Logic App Standard app): set identity.type appropriately.
    - System-assigned only: ""identity"": { ""type"": ""SystemAssigned"" }
    - User-assigned only: ""identity"": { ""type"": ""UserAssigned"", ""userAssignedIdentities"": { ""<uamiResourceId>"": {} } }
    - Both: ""identity"": { ""type"": ""SystemAssigned,UserAssigned"", ""userAssignedIdentities"": { ""<uamiResourceId>"": {} } }
  • Do NOT deploy with ""identity"": { ""type"": ""None"" } if any step uses Managed Identity.

- If using a user-assigned identity, reference it correctly in IaC:
  • ARM/Bicep variable pattern:
    - var uamiId = resourceId('Microsoft.ManagedIdentity/userAssignedIdentities', '<UAMI-Name>')
    - identity.userAssignedIdentities[variables('uamiId')] = {}
  • Verify the UAMI exists in the same subscription/tenant and the resourceId string matches exactly.

- Rebind actions/connections to the intended identity:
  • For HTTP/Managed Identity auth: set authentication.type = ManagedServiceIdentity and specify identity.type = UserAssigned with the clientId of the UAMI when applicable; set audience appropriately (e.g., https://vault.azure.net, https://storage.azure.com, https://management.azure.com).
  • For connectors that support MSI (Key Vault, Storage, SQL, Service Bus, Event Hubs, ARM): edit the connection in the portal, choose Managed Identity, and pick System-assigned or the specific User-assigned identity (client ID).

- Grant the identity the required permissions on target resources:
  • Example roles: Key Vault Secrets User (or access policy for Consumption), Storage Blob Data Contributor, SQL AAD permissions, Reader/Contributor on ARM scopes, etc.
  • Scope assignments at the narrowest needed resource or RG level; wait a few minutes for RBAC propagation.

- Redeploy and validate:
  • After enabling identity, restart the Logic App (and the App Service for Standard) so MSI is provisioned.
  • Reauthorize API connections after the identity change.
  • Run again; if still failing, temporarily disable Secure inputs/outputs on the failing action (or test in a non-prod clone) to reveal the concrete 401/403 error.

- Add diagnostics focused on identity failures:
  • Consumption: send WorkflowRuntime logs to Log Analytics and query for identity-related messages:
    AzureDiagnostics
    | where ResourceProvider == ""MICROSOFT.LOGIC"" and Category == ""WorkflowRuntime""
    | where workflowName == ""InvoiceProcessorMinimal"" and (Status =~ ""Failed"" or ResultType =~ ""Failed"")
    | project TimeGenerated, runId, actionName, tostring(Properties.failureReason), tostring(Properties.code), tostring(Properties.message), correlationId
  • Standard: enable Application Insights (Microsoft.Azure.Workflows logs) and check traces/exceptions for ""managed identity"", ""MSI"", or 401/403.

- If you intentionally need no identity: change affected actions/connections to use an alternate auth method (service principal/connection) instead of Managed Identity.",0.22,"{""summary"": ""Fix for UNKNOWN_ERROR"", ""steps"": [{""step_number"": 1, ""title"": ""Review and adjust"", ""description"": ""Manual review required because automated fix generation failed."", ""sub_steps"": [""Inspect action inputs"", ""Validate payload"", ""Check API contract""], ""note"": ""No automated patch generated""}]}",,"[{""step"": ""Detected"", ""description"": ""CPI error detected and incident created."", ""status"": ""completed"", ""timestamp"": ""2026-06-05T04:56:53.066254+00:00""}]",,"{""name"": ""InvoiceProcessorMinimal"", ""artifact_id"": ""/subscriptions/f97c1b32-c56e-4616-bd76-0e1073a2c8c7/resourceGroups/Logic_app_auto-rg/providers/Microsoft.Logic/workflows/InvoiceProcessorMinimal"", ""version"": ""08584209720673870292"", ""package"": ""default"", ""deployed_on"": ""2026-06-04T08:53:34.9378307Z"", ""deployed_by"": ""unknown"", ""runtime_node"": ""southindia"", ""status"": ""Succeeded""}",,,,,,,,,,,,,,,,,,1,,,,,,,,,,0,0,,,,,,,,,,,,,logic_app_auto-rg,,,,
ORBLOGICAPPS-20260605-000004,f97c1b32-c56e-4616-bd76-0e1073a2c8c7,TrialFlow,InvalidTemplate,"Unable to process template language expressions in action 'Send_an_email_(V2)' inputs at line '0' and column '0': 'The template language expression 'parameters('$connections')['office365x']['connectionId']' cannot be evaluated because property 'office365x' doesn't exist, available properties are 'teams-1, office365'. Please see https://aka.ms/logicexpressions for usage details.'.",UNKNOWN_ERROR,DETECTED,,,2026-06-05 10:06:20.397357,2026-06-05 11:58:10.483607,False,False,0,08584209728476259535383466023CU22,/subscriptions/f97c1b32-c56e-4616-bd76-0e1073a2c8c7/resourcegroups/logic_app_auto-rg/providers/microsoft.logic/workflows/trialflow/runs/08584209728476259535383466023cu22/actions/send_an_email_(v2),2026-06-05 04:33:59.588556,2026-06-05 04:36:15.245385,unknown_error,,,,,,"[{""step"": ""Detected"", ""description"": ""CPI error detected and incident created."", ""status"": ""completed"", ""timestamp"": ""2026-06-05T06:28:05.888516+00:00""}]",,"{""name"": ""TrialFlow"", ""artifact_id"": ""/subscriptions/f97c1b32-c56e-4616-bd76-0e1073a2c8c7/resourceGroups/Logic_app_auto-rg/providers/Microsoft.Logic/workflows/TrialFlow"", ""version"": ""08584209680171306697"", ""package"": ""default"", ""deployed_on"": ""2026-06-04T08:53:16.4610069Z"", ""deployed_by"": ""unknown"", ""runtime_node"": ""southindia"", ""status"": ""Succeeded""}",,,,,,,,,,,,,,,,,,1,,,,,,,,,,0,0,,,,,,,,,,,,,logic_app_auto-rg,,,,
ORBLOGICAPPS-20260605-000003,f97c1b32-c56e-4616-bd76-0e1073a2c8c7,gdrive-logic-app,ActionFailed,An action failed. No dependent actions succeeded.,ACTION_FAILED,DETECTED,,,2026-06-05 09:55:13.085692,2026-06-05 11:57:53.018963,False,False,0,08584209735605501116786134220CU06,/subscriptions/f97c1b32-c56e-4616-bd76-0e1073a2c8c7/resourcegroups/logic_app_auto-rg/providers/microsoft.logic/workflows/gdrive-logic-app/runs/08584209735605501116786134220cu06,2026-06-05 04:22:05.410832,2026-06-05 04:25:06.532627,action_failed,,,,,,"[{""step"": ""Detected"", ""description"": ""CPI error detected and incident created."", ""status"": ""completed"", ""timestamp"": ""2026-06-05T06:27:48.478179+00:00""}]",,"{""name"": ""gdrive-logic-app"", ""artifact_id"": ""/subscriptions/f97c1b32-c56e-4616-bd76-0e1073a2c8c7/resourceGroups/Logic_app_auto-rg/providers/Microsoft.Logic/workflows/gdrive-logic-app"", ""version"": ""08584209678809514103"", ""package"": ""default"", ""deployed_on"": ""2026-06-04T09:21:51.1737617Z"", ""deployed_by"": ""unknown"", ""runtime_node"": ""southindia"", ""status"": ""Succeeded""}",,,,,,,,,,,,,,,,,,1,,,,,,,,,,0,0,,,,,,,,,,,,,logic_app_auto-rg,,,,
ORBLOGICAPPS-20260605-000002,f97c1b32-c56e-4616-bd76-0e1073a2c8c7,gdrive-logic-app,unknown,,UNKNOWN_ERROR,AUTO_FIXED,Missing or invalid file path input,,2026-06-05 09:31:13.566710,2026-06-05 09:52:06.858861,True,True,0,08584209749404677201104995179CU21,/subscriptions/f97c1b32-c56e-4616-bd76-0e1073a2c8c7/resourcegroups/logic_app_auto-rg/providers/microsoft.logic/workflows/gdrive-logic-app/runs/08584209749404677201104995179cu21,2026-06-05 03:59:06.805081,2026-06-05 04:01:09.060091,action_failed,"The visible error (ActionFailed – No dependent actions succeeded) is a downstream control failure, not the root cause. It occurs when a Scope or action is configured to run after Succeeded, but every dependency either Failed or was Skipped. The actual root cause is in the failed upstream action(s) inside the scope.
Key points from the workflow semantics:
- Use @result('ScopeName') to get an array of results for the immediate child actions in that scope and drive exception handling. The array items include name, inputs, outputs (statusCode/body), startTime, endTime, trackingId, clientTrackingId, code, and status.
- result() returns results for top-level actions only (and for actions directly inside the referenced scope). It does not return deeper nested actions within a Switch/Condition; wrap such logic in a sub-scope if you need to capture their results.
- Filter the @result('ScopeName') array to only those with status == 'Failed' to identify true root failures.
Evidence pattern: A common failure shape is outputs.statusCode 404 with body.code ResourceNotFound and a message like '/docs/folder-name/resource-name does not exist', which indicates a bad path/ID or missing resource. For a gdrive-logic-app, likely root causes include: invalid/expired auth (401), insufficient permissions (403), item not found (404), or throttling (429). Any such upstream failure causes the downstream scope/action to show the generic dependency-failure message.","1) Isolate the root failure in run history:
- Open the failed run, expand the parent Scope (e.g., Try/My_Scope), and inspect its child actions. Confirm the downstream action’s runAfter expects Succeeded while all dependencies Failed/Skipped.
- Add a temporary diagnostic path: use a Compose or Filter array over @result('My_Scope') to capture failures at runtime.

2) Programmatic failure harvesting with expressions:
- Filter failed actions: add 'Filter array' with From = @result('My_Scope'); Condition = @equals(item()?['status'], 'Failed'). Optionally include TimedOut.
- For each failed item (or as a single aggregate), extract details you need for triage/alerting:
  • name: item()?['name']
  • code/status: item()?['code'], item()?['status']
  • statusCode: item()?['outputs']?['statusCode']
  • message: coalesce(item()?['outputs']?['body']?['message'], string(item()?['outputs']))
  • trackingId/clientTrackingId: item()?['trackingId'], item()?['clientTrackingId']
  • inputs summary: item()?['inputs']
- You can send the entire filtered array to a single exception handling action (HTTP/Teams/Email) and remove a For each, or keep the For each to handle items individually.

3) Fix the underlying connector/action issue (common cases):
- 404 NotFound/ResourceNotFound: Verify the file/folder path or ID is correct. For Google Drive, prefer fileId over URL; ensure the item exists at runtime and the dynamic content mapping resolves to a valid ID.
- 401 unauthorized/invalid_grant: Reauthorize the connection, ensure correct account, and required scopes are granted; for service accounts, verify domain-wide delegation and consent.
- 403 forbidden: Ensure the connection account has access to the target Drive/folder/file; share it appropriately and confirm the Drive API is enabled.
- 429/5xx: Add retry policy with exponential backoff on the action, reduce For each concurrency, add Delay/backoff, and consider batching.

4) Harden control flow:
- Configure run after on catch/finally actions to run on Failed and TimedOut (and optionally Skipped) instead of only Succeeded.
- Wrap nested Switch/Condition branches inside sub-scopes if you need their results in @result().
- Guard references to possibly-failing outputs with conditions/defaults (coalesce, null checks) to avoid cascading skips.
- Implement Try/Catch/Finally with Scopes: Try = main work; Catch (runAfter: Failed/TimedOut) = handle/log/notify using the filtered results; Finally (runAfter: Succeeded, Failed, Skipped) = cleanup/Terminate.

5) Validate and monitor:
- Run with a known-good test and a negative test (missing item) to confirm correct behavior and informative alerts.
- Monitor runs; if throttling recurs, tune retry/backoff and concurrency.

By using @result('My_Scope') + Filter array to capture failures and correcting the specific upstream error (e.g., wrong Drive ID/path or auth), the downstream dependency-failure condition will be resolved and your exception handling will produce actionable diagnostics (statusCode, message, tracking IDs, inputs/outputs).",0.62,"{""summary"": ""Resolve ACTION_FAILED by completing the missing Condition expression, fixing the Google Drive path concatenation, correctly supplying attachment bytes to Office 365, validating connections, adding explicit failure responses, and testing end-to-end."", ""steps"": [{""step_number"": 1, ""title"": ""Identify the exact failing action"", ""description"": ""Open the Logic App run history and locate the failed run to determine which action failed first (likely the Condition due to missing expression, or Get_file_content_using_path due to an invalid path or connection). Capture the error details (status code, message) for that action."", ""sub_steps"": [""Navigate to Logic App > Runs history > Select the failed run."", ""Expand each action to see inputs/outputs."", ""Note the first action with a red failure icon and its error details.""], ""note"": ""This confirms whether the primary failure is the missing Condition expression, an invalid Google Drive path, or a connector authorization issue.""}, {""step_number"": 2, ""title"": ""Complete the Condition expression to validate file type"", ""description"": ""Add an expression to the Condition action so that only .xlsx and .csv proceed. Without this, the Condition is malformed and can cause runtime failure."", ""sub_steps"": [""Open the workflow in Code View."", ""Within actions.Condition, add the expression property:"", ""expression: \""@or(endsWith(tolower(triggerBody()?['fileName']), '.xlsx'), endsWith(tolower(triggerBody()?['fileName']), '.csv'))\"""", ""Ensure the existing else branch (Response_1 with ERR_INVALID_FILE_TYPE) remains unchanged.""], ""note"": ""This enforces the intended gate for allowed file types and prevents processing of unsupported files.""}, {""step_number"": 3, ""title"": ""Fix Google Drive GetFileContentByPath path concatenation"", ""description"": ""Build the file path with exactly one slash between folderPath and fileName. The current concatenation lacks a separator, causing 404/BadRequest."", ""sub_steps"": [""In Get_file_content_using_path.inputs.queries.path, replace the value with:"", ""\""@{if(endsWith(triggerBody()?['folderPath'], '/'), concat(triggerBody()?['folderPath'], triggerBody()?['fileName']), concat(triggerBody()?['folderPath'], '/', triggerBody()?['fileName']))}\"""", ""Verify that triggerBody().folderPath is an absolute path expected by the Google Drive connector (for example, \""/MyDrive/Reports\""). Add the leading slash in the caller if missing.""], ""note"": ""Google Drive GetFileContentByPath requires a valid absolute path. An incorrect path results in action failure and stops dependent actions.""}, {""step_number"": 4, ""title"": ""Pass the correct file content to Office 365 attachment"", ""description"": ""Use the $content (already base64) from the Google Drive output if present; otherwise base64-encode the binary body. Also standardize the dynamic content expressions."", ""sub_steps"": [""In Send_an_email_(V2).inputs.body.Attachments[0].Name, set:"", ""\""@{triggerBody()?['fileName']}\"""", ""In Send_an_email_(V2).inputs.body.Attachments[0].ContentBytes, set:"", ""\""@{coalesce(body('Get_file_content_using_path')?['$content'], base64(body('Get_file_content_using_path')))}\"""", ""Leave Importance and other fields unchanged.""], ""note"": ""Using $content prevents double-encoding. If the connector returns raw binary, the fallback base64() ensures Office 365 receives the expected base64 string.""}, {""step_number"": 5, ""title"": ""Validate and reauthorize API connections"", ""description"": ""Ensure the $connections parameter contains valid, authorized connectors for googledrive and office365, and that the connection names match."", ""sub_steps"": [""Open Logic App > API connections and confirm both googledrive and office365 show Connected."", ""If disconnected, reauthorize each connection."", ""In the workflow parameters, verify parameters('$connections')['googledrive']['connectionId'] and parameters('$connections')['office365']['connectionId'] exist and match the actual connection resource IDs.""], ""note"": ""Invalid or expired connections will cause the action to fail before any dependent actions can run.""}, {""step_number"": 6, ""title"": ""Add explicit failure responses for robustness"", ""description"": ""Return a clear HTTP response when Google Drive content retrieval or email sending fails, so callers are not left with a generic failure and the run completes deterministically."", ""sub_steps"": [""Under actions.Condition.actions, add:"", ""Response_GetFileError with runAfter: { \""Get_file_content_using_path\"": [\""Failed\"", \""TimedOut\""] }, inputs: { statusCode: 502, body: { status: \""failed\"", error: { code: \""ERR_SOURCE_READ\"", message: \""Failed to read file content from Google Drive.\"" }, details: \""@{coalesce(actions('Get_file_content_using_path')?['error']?['message'], 'Unknown error')}\"" } }"", ""Response_EmailError with runAfter: { \""Send_an_email_(V2)\"": [\""Failed\"", \""TimedOut\""] }, inputs: { statusCode: 502, body: { status: \""failed\"", error: { code: \""ERR_EMAIL_SEND\"", message: \""Failed to send email with attachment.\"" }, details: \""@{coalesce(actions('Send_an_email_(V2)')?['error']?['message'], 'Unknown error')}\"" } }"", ""Ensure the existing Response_Success remains with runAfter: { \""Send_an_email_(V2)\"": [\""Succeeded\""] }""], ""note"": ""This guarantees the Request trigger receives a response for all execution paths.""}, {""step_number"": 7, ""title"": ""Test with multiple scenarios"", ""description"": ""Run end-to-end tests to validate the fixed workflow behavior in success and failure cases."", ""sub_steps"": [""Valid .xlsx: POST to trigger with { \""folderPath\"": \""/MyDrive/Reports\"", \""fileName\"": \""sample.xlsx\"" } and verify 200 response and email received with a valid, openable attachment."", ""Valid .csv: POST with a CSV file and verify success."", ""Invalid extension: POST with fileName: \""notes.txt\"" and verify 400 with ERR_INVALID_FILE_TYPE."", ""Non-existent file: POST with a missing file and verify 502 with ERR_SOURCE_READ."", ""Connection negative test: Temporarily revoke a connection to confirm ERR_SOURCE_READ or ERR_EMAIL_SEND returns appropriately.""], ""note"": ""Open the received attachments to confirm the file is not corrupted (confirms correct ContentBytes handling).""}]}",,"[{""step"": ""Detected"", ""description"": ""CPI error detected and incident created."", ""status"": ""completed"", ""timestamp"": ""2026-06-05T04:19:14.463118+00:00""}]",,"{""name"": ""gdrive-logic-app"", ""artifact_id"": ""/subscriptions/f97c1b32-c56e-4616-bd76-0e1073a2c8c7/resourceGroups/Logic_app_auto-rg/providers/Microsoft.Logic/workflows/gdrive-logic-app"", ""version"": ""08584210395483492165"", ""package"": ""default"", ""deployed_on"": ""2026-06-04T09:21:51.1737617Z"", ""deployed_by"": ""unknown"", ""runtime_node"": ""southindia"", ""status"": ""Succeeded""}",,,,,,,,,,,,,,,,,,1,,,,,,,,,,0,0,,,,,,,,,,,,,logic_app_auto-rg,,,,
ORBLOGICAPPS-20260605-000001,f97c1b32-c56e-4616-bd76-0e1073a2c8c7,gdrive-logic-app,unknown,,UNKNOWN_ERROR,DETECTED,,,2026-06-05 09:05:42.158396,2026-06-05 11:58:40.068994,False,False,0,08584210395126277987917466683CU04,/subscriptions/f97c1b32-c56e-4616-bd76-0e1073a2c8c7/resourcegroups/logic_app_auto-rg/providers/microsoft.logic/workflows/gdrive-logic-app/runs/08584210395126277987917466683cu04/actions/condition,2026-06-04 10:02:54.012892,2026-06-05 03:35:37.275132,unknown_error,,,,,,"[{""step"": ""Detected"", ""description"": ""CPI error detected and incident created."", ""status"": ""completed"", ""timestamp"": ""2026-06-05T06:28:36.905247+00:00""}]",,"{""name"": ""gdrive-logic-app"", ""artifact_id"": ""/subscriptions/f97c1b32-c56e-4616-bd76-0e1073a2c8c7/resourceGroups/Logic_app_auto-rg/providers/Microsoft.Logic/workflows/gdrive-logic-app"", ""version"": ""08584209678809514103"", ""package"": ""default"", ""deployed_on"": ""2026-06-04T09:21:51.1737617Z"", ""deployed_by"": ""unknown"", ""runtime_node"": ""southindia"", ""status"": ""Succeeded""}",,,,,,,,,,,,,,,,,,1,,,,,,,,,,0,0,,,,,,,,,,,,,logic_app_auto-rg,,,,
ORBLOGICAPPS-20260604-000001,f97c1b32-c56e-4616-bd76-0e1073a2c8c7,InvoiceProcessorMinimal,ActionFailed,An action failed. No dependent actions succeeded.,ACTION_FAILED,DETECTED,,,2026-06-04 23:25:31.759326,2026-06-05 11:57:36.833256,False,False,0,08584210121433575511972215082CU19,/subscriptions/f97c1b32-c56e-4616-bd76-0e1073a2c8c7/resourcegroups/logic_app_auto-rg/providers/microsoft.logic/workflows/invoiceprocessorminimal/runs/08584210121433575511972215082cu19,2026-06-04 17:39:10.260693,2026-06-04 17:55:23.702186,action_failed,"The run failed due to orchestration, not a connector defect. A downstream action in InvoiceProcessorMinimal is configured to run only after one or more upstream actions succeed, but every referenced dependency either failed or was skipped, yielding ActionFailed: ""No dependent actions succeeded."" At least one upstream HTTP call returned a hard failure (example: 404 ResourceNotFound with message ""/docs/folder-name/resource-name does not exist""), and no default/else or tolerant run-after path allowed the workflow to continue. Additionally, failure handling isn’t aggregating context correctly: result() isn’t being used on a scope (or is expected to surface nested switch/condition results), but result() only returns results for top-level actions within the given scope, not deeper nested actions. As a result, failed actions’ details (status, inputs, outputs, tracking IDs) aren’t collected, and the join step cannot proceed when no branch succeeds.","1) Inspect run-after dependencies:
- Azure Portal > Logic Apps > InvoiceProcessorMinimal > Runs history > open the failed run.
- Find the first action with ""ActionFailed. No dependent actions succeeded"" and review its runAfter (Designer: Configure run after; Code view: runAfter property).

2) Ensure at least one path can complete:
- If using Switch/Condition, add a Default/Else branch so one path always executes, or move the downstream action inside the branch that must always run.
- If joining parallel branches, avoid depending on actions that may not execute. Either:
  • Add a no-op ""Compose"" at the end of each branch and set the final action to run after all of them with conditions including Succeeded and Skipped; or
  • Wrap each branch in a Scope and have a final Scope run after all branch scopes complete (configure run after to include Succeeded/Skipped and, if appropriate, Failed).

3) Implement robust failure aggregation with result():
- Wrap the relevant steps in a Scope (for example, My_Scope) so their actions are top-level within that scope.
- Add a downstream handler action (for example, Handle_Failures) and configure its run after to trigger on My_Scope Succeeded or Failed (and Skipped if needed) so it always runs.
- In Handle_Failures, use the expression @result('My_Scope') to obtain an array of top-level action results from the scope. Note: result() does not include actions nested inside Switch/Condition; keep items you want to inspect as top-level within the scope.
- To isolate failures, add a Filter array with From = @result('My_Scope') and condition item()?['status'] == 'Failed' (optionally also check item()?['outputs']?['statusCode'] >= 400).
- Either iterate with For each over the filtered array to process each failed action individually, or remove For each and send the entire filtered array to a single action (e.g., an HTTP POST to your diagnostics endpoint). Include useful properties such as name, status, inputs, outputs, startTime, endTime, trackingId, and clientTrackingId in your payload.

4) Address concrete 404/ResourceNotFound cases:
- Verify the URI, path, casing, and resource existence (e.g., ""/docs/folder-name/resource-name"") for upstream HTTP calls.
- If 404 is acceptable, handle it explicitly: set the downstream logic’s run after to include Failed for the specific action, or branch on outputs().statusCode to treat 404 as a handled condition rather than a hard failure.
- Add existence checks or a preflight GET/HEAD before POST, as appropriate.

5) Improve resiliency:
- Add retries with backoff for transient faults; tune timeouts.
- Add error handling scopes (Try/Catch pattern) and clear logging/notifications using the filtered failures from result().

6) Re-run the workflow:
- Confirm that at least one dependency reaches Succeeded, or that the final action is allowed to run after Skipped/Failed as intended. Validate that failed action details are captured by the result()-based handler.",0.56,"{""summary"": ""Fix for UNKNOWN_ERROR"", ""steps"": [{""step_number"": 1, ""title"": ""Review and adjust"", ""description"": ""Manual review required because automated fix generation failed."", ""sub_steps"": [""Inspect action inputs"", ""Validate payload"", ""Check API contract""], ""note"": ""No automated patch generated""}]}",,"[{""step"": ""Detected"", ""description"": ""CPI error detected and incident created."", ""status"": ""completed"", ""timestamp"": ""2026-06-05T06:27:27.269527+00:00""}]",,"{""name"": ""InvoiceProcessorMinimal"", ""artifact_id"": ""/subscriptions/f97c1b32-c56e-4616-bd76-0e1073a2c8c7/resourceGroups/Logic_app_auto-rg/providers/Microsoft.Logic/workflows/InvoiceProcessorMinimal"", ""version"": ""08584209713877330917"", ""package"": ""default"", ""deployed_on"": ""2026-06-04T08:53:34.9378307Z"", ""deployed_by"": ""unknown"", ""runtime_node"": ""southindia"", ""status"": ""Succeeded""}",,,,,,,,,,,,,,,,,,1,,,,,,,,,,0,0,,,,,,,,,,,,,logic_app_auto-rg,,,,
ORBLOGICAPPS-20260603-000011,4876617b-2198-4d34-8548-850ce504e7c8,testflow,InvalidTemplate,Unable to process template language expressions for action 'Condition' at line '0' and column '0': 'The template language function 'endsWith' expects its first parameter to be of type string. The provided value is of type 'Null'. Please see https://aka.ms/logicexpressions#endswith for usage details.'.,NULL_REFERENCE_ERROR,DETECTED,,,2026-06-03 17:53:03.179846,2026-06-03 17:55:23.364435,False,False,0,08584211176488099102954184100CU03,/subscriptions/4876617b-2198-4d34-8548-850ce504e7c8/resourcegroups/logic-app-rg/providers/microsoft.logic/workflows/testflow/runs/08584211176488099102954184100cu03/actions/condition,2026-06-03 12:20:37.173643,2026-06-03 12:22:56.525946,null_reference_error,,,,,,"[{""step"": ""Detected"", ""description"": ""CPI error detected and incident created."", ""status"": ""completed"", ""timestamp"": ""2026-06-03T12:25:19.725672+00:00""}]",,"{""name"": ""testflow"", ""artifact_id"": ""/subscriptions/4876617b-2198-4d34-8548-850ce504e7c8/resourceGroups/logic-app-rg/providers/Microsoft.Logic/workflows/testflow"", ""version"": ""08584211176575717202"", ""package"": ""default"", ""deployed_on"": ""2026-05-19T07:22:27.9030725Z"", ""deployed_by"": ""unknown"", ""runtime_node"": ""southindia"", ""status"": ""Succeeded""}",,,,,,,,,,,,,,,,,,1,,,,,,,,,,0,0,,,,,,,,,,,,,logic-app-rg,,,,
ORBLOGICAPPS-20260603-000010,4876617b-2198-4d34-8548-850ce504e7c8,testflow,unknown,,UNKNOWN_ERROR,AUTO_FIXED,Invalid or empty file path sent to action,,2026-06-03 17:34:10.490044,2026-06-03 17:50:40.023736,True,True,0,08584211187704590242497362760CU09,/subscriptions/4876617b-2198-4d34-8548-850ce504e7c8/resourcegroups/logic-app-rg/providers/microsoft.logic/workflows/testflow/runs/08584211187704590242497362760cu09/actions/condition,2026-06-03 12:01:56.607128,2026-06-03 12:04:04.174197,unknown_error,"The workflow is likely failing before surfacing a concrete action error because the Logic App’s managed identity is misconfigured. The resource’s identity.type is set to ""None"" (or lacks the correct userAssignedIdentities mapping) while one or more actions/connections are configured to authenticate with Managed Identity. This mismatch causes authentication to fail at startup/connection binding, often resulting in an ""unknown"" run failure with empty message.
Common patterns seen:
- ARM/Bicep template sets identity: {""type"":""None""} or omits userAssignedIdentities, but connections/workflows use ManagedServiceIdentity.
- For user-assigned identity, the template doesn’t include identity.userAssignedIdentities with the exact resource ID, or the variable that should reference the user-assigned identity ID isn’t used in the identity block.
- In Logic Apps Standard, identity is set on the hosting site (Microsoft.Web/sites). If only the workflow was updated, the host still has no identity and actions fail.
- RBAC not granted to the identity on target resources, or API connections were created under a prior identity and now point to a non-existent/None identity.","1) Pick the required identity mode and align templates/connections:
- If actions need Managed Identity, do not set identity.type to ""None"".
- Use SystemAssigned or UserAssigned and ensure connections reference ManagedServiceIdentity.
2) Fix the ARM/Bicep template.
- Consumption (Microsoft.Logic/workflows):
  - System-assigned:
    ""identity"": { ""type"": ""SystemAssigned"" }
  - User-assigned:
    variables: { ""uaIdentityId"": ""/subscriptions/<sub>/resourceGroups/<rg>/providers/Microsoft.ManagedIdentity/userAssignedIdentities/<name>"" }
    ""identity"": {
      ""type"": ""UserAssigned"",
      ""userAssignedIdentities"": {
        ""[variables('uaIdentityId')]"": {}
      }
    }
- Standard (Microsoft.Web/sites for your Logic App):
  - System-assigned:
    ""identity"": { ""type"": ""SystemAssigned"" }
  - User-assigned:
    variables: { ""uaIdentityId"": ""/subscriptions/<sub>/resourceGroups/<rg>/providers/Microsoft.ManagedIdentity/userAssignedIdentities/<name>"" }
    ""identity"": {
      ""type"": ""UserAssigned"",
      ""userAssignedIdentities"": {
        ""[variables('uaIdentityId')]"": {}
      }
    }
3) Redeploy the template and restart the app (Standard):
- For Standard: restart the site after identity changes to ensure the host picks up the new identity.
4) Grant RBAC to the identity on target resources and reauthorize connections as needed:
- Get principalId from the resource’s identity.principalId (or list the user-assigned identity’s principalId).
- Assign roles at the correct scope (e.g., Key Vault Secrets User, Storage Blob Data Reader, etc.).
- For existing API connections created with a previous identity, open each connection and Reauthorize using Managed Identity (or recreate the connection) so it binds to the current identity.
5) Align workflow/connection auth settings:
- Ensure actions using managed identity specify the correct auth (e.g., ""authentication"": { ""type"": ""ManagedServiceIdentity"" }).
- If you intentionally set identity.type to ""None"", switch those actions/connections to use alternative auth (service principal/OAuth/keys) and remove MSI auth blocks.
6) Validate and monitor:
- Run a test workflow and check Runs history Raw outputs for HTTP status 401/403 or connector errors.
- Enable diagnostics to Log Analytics/App Insights and verify the identity is used (look for tokens/claims audience) and no auth exceptions are thrown.",0.22,"{""summary"": ""Fix for UNKNOWN_ERROR"", ""steps"": [{""step_number"": 1, ""title"": ""Review and adjust"", ""description"": ""Manual review required because automated fix generation failed."", ""sub_steps"": [""Inspect action inputs"", ""Validate payload"", ""Check API contract""], ""note"": ""No automated patch generated""}]}",,"[{""step"": ""Detected"", ""description"": ""CPI error detected and incident created."", ""status"": ""completed"", ""timestamp"": ""2026-06-03T12:17:14.318265+00:00""}]",,"{""name"": ""testflow"", ""artifact_id"": ""/subscriptions/4876617b-2198-4d34-8548-850ce504e7c8/resourceGroups/logic-app-rg/providers/Microsoft.Logic/workflows/testflow"", ""version"": ""08584211187890798746"", ""package"": ""default"", ""deployed_on"": ""2026-05-19T07:22:27.9030725Z"", ""deployed_by"": ""unknown"", ""runtime_node"": ""southindia"", ""status"": ""Succeeded""}",,,,,,,,,,,,,,,,,,1,,,,,,,,,,0,0,,,,,,,,,,,,,logic-app-rg,,,,
ORBLOGICAPPS-20260603-000009,4876617b-2198-4d34-8548-850ce504e7c8,gdrive-logic-app,unknown,,UNKNOWN_ERROR,AUTO_FIXED,Null value passed to endsWith function,,2026-06-03 16:43:45.684711,2026-06-03 17:03:20.227082,True,True,0,08584211219330213396194138214CU24,/subscriptions/4876617b-2198-4d34-8548-850ce504e7c8/resourcegroups/logic-app-rg/providers/microsoft.logic/workflows/gdrive-logic-app/runs/08584211219330213396194138214cu24/actions/condition,2026-06-03 11:09:12.965887,2026-06-03 11:13:38.878259,null_reference_error,"The Condition uses endsWith on a property that can be null because of how items from @result('My_Scope') are shaped and when actions fail. Items returned by result('My_Scope') are action-result objects with keys like name, status, outputs, and clientTrackingId; failed actions often have no outputs.body or the expected field, so a path like item()['outputs']['body']['name'] resolves to null. Calling endsWith on null causes InvalidTemplate. A common mistake is also using the wrong path (for example item()['body/name'] instead of item()['outputs']['body']['name']) when iterating @body('Filter_array') over scope results. Guarding endsWith with and/not(empty()) won’t help because Logic Apps still evaluates its arguments. Additionally, if diagnostic logs are exported, Unicode characters in trigger/action/workflow names can cause missing or dropped logs.","- Use the correct shape for scope results: when iterating @body('Filter_array') built from @result('My_Scope'), access properties via item()?['outputs']?['body']?['<field>'] or item()?['name'], not item()['body/...'].
- Make the endsWith expression null-safe by coercing and defaulting the value:
  @endsWith(toLower(string(coalesce(item()?['outputs']?['body']?['name'], item()?['name'], ''))), '.xlsx')
- Pre-filter before the Condition so endsWith only runs on items with a value:
  Filter_array:
    from: @result('My_Scope')
    where: @and(equals(item()['status'], 'Failed'), not(empty(coalesce(item()?['outputs']?['body']?['name'], item()?['name']))))
  For_each:
    foreach: @body('Filter_array')
- If your Condition is outside a scope-based pattern, verify the property path resolves for all cases (e.g., triggerOutputs()?['body/name'] or items('For_each')?['name']). A wrong path returns null and breaks endsWith.
- Prefer using status from @result('My_Scope') to drive failure handling rather than relying on name-based checks; endsWith should be used only for extension logic after values are validated.
- Ensure runAfter is configured correctly so Filter_array runs when My_Scope fails, and For_each runs only after Filter_array succeeds:
  Filter_array.runAfter: { 'My_Scope': ['Failed'] }
  For_each.runAfter: { 'Filter_array': ['Succeeded'] }
- If you export diagnostic logs, remove Unicode characters from trigger/action/workflow run names to prevent missing or dropped logs.",0.86,"{""summary"": ""Fix null-reference in Condition action by guarding against missing fileName and hardening string handling. Update the condition expression to coalesce nulls, add input validation before file-type checks, enforce required fields in the HTTP trigger schema, correct expression formatting in actions, and normalize path concatenation to prevent future runtime errors."", ""steps"": [{""step_number"": 1, ""title"": ""Locate and review the existing Condition expression"", ""description"": ""Identify the Condition action that evaluates the file extension using endsWith and confirm it references triggerBody()?['fileName'] directly."", ""sub_steps"": [""Open the workflow in Code View."", ""Search for the action named \""Condition\""."", ""Inspect the expression using endsWith that checks the file extension.""], ""note"": ""The error indicates the first parameter to endsWith is null because fileName was missing or null in the request.""}, {""step_number"": 2, ""title"": ""Patch the Condition to be null-safe and case-insensitive"", ""description"": ""Replace the endsWith checks with a null-safe expression that handles both .xls and .xlsx extensions."", ""sub_steps"": [""Update the Condition expression to: \""@or(endsWith(toLower(coalesce(triggerBody()?['fileName'], '')), '.xls'), endsWith(toLower(coalesce(triggerBody()?['fileName'], '')), '.xlsx'))\"""", ""Optionally rename the action to \""Is_valid_file_type\"" for clarity.""], ""note"": ""Using coalesce ensures endsWith receives a string even when fileName is null. Using toLower makes the check case-insensitive.""}, {""step_number"": 3, ""title"": ""Add an early input validation guard"", ""description"": ""Prevent file-type checks from running when required inputs are missing or empty by inserting a pre-condition."", ""sub_steps"": [""Insert a new Condition before the file-type Condition with expression: \""@or(empty(triggerBody()?['fileName']), empty(triggerBody()?['folderPath']))\"""", ""On the 'true' branch, return a 400 Response with a body like: {\""status\"":\""failed\"",\""error\"":{\""code\"":\""ERR_MISSING_FIELDS\"",\""message\"":\""fileName and folderPath are required.\""}}"", ""On the 'false' branch, continue to the file-type Condition (Step 2).""], ""note"": ""This ensures endsWith is never evaluated with a null input.""}, {""step_number"": 4, ""title"": ""Enforce required fields in the HTTP trigger schema"", ""description"": ""Strengthen the request contract so the runtime rejects invalid payloads earlier."", ""sub_steps"": [""Modify the trigger schema to include: \""required\"": [\""fileName\"", \""folderPath\""]."", ""Final schema section: {\""type\"":\""object\"",\""required\"":[\""fileName\"",\""folderPath\""],\""properties\"":{\""fileName\"":{\""type\"":\""string\""},\""folderPath\"":{\""type\"":\""string\""}}}""], ""note"": ""For HTTP Request triggers, schema validation helps return 400 for missing required properties.""}, {""step_number"": 5, ""title"": ""Fix expression interpolation in email attachment name"", ""description"": ""Correct the expression syntax so the attachment name resolves properly."", ""sub_steps"": [""Change the Attachments Name from \""@triggerBody()?['fileName']\"" to \""@{triggerBody()?['fileName']}\""."", ""Verify Subject and Body already use the @{...} form correctly.""], ""note"": ""Incorrect interpolation can lead to literal '@triggerBody()' text instead of the actual file name.""}, {""step_number"": 6, ""title"": ""Harden file path concatenation for Google Drive connector"", ""description"": ""Ensure the path query is built safely even when parts are missing or slashes are absent."", ""sub_steps"": [""Replace queries.path with a concat that tolerates nulls: \""@{concat(coalesce(triggerBody()?['folderPath'], ''), '/', coalesce(triggerBody()?['fileName'], ''))}\"""", ""Keep inferContentType and queryParametersSingleEncoded as currently configured.""], ""note"": ""Using concat with coalesce prevents null concatenation errors and ensures a slash is present between folderPath and fileName.""}, {""step_number"": 7, ""title"": ""Clean up Response action configuration"", ""description"": ""Align the Response action with supported properties and ensure failure messaging is complete."", ""sub_steps"": [""Remove the unsupported \""uri\"" property from the Response actions if present."", ""Complete the failure message body (currently truncated) to include both .xls and .xlsx, e.g., {\""status\"":\""failed\"",\""error\"":{\""code\"":\""ERR_INVALID_FILE_TYPE\"",\""message\"":\""Only .xls or .xlsx files are allowed.\""}}""], ""note"": ""Response actions should define statusCode, headers (optional), and body.""}, {""step_number"": 8, ""title"": ""Validate with test cases and monitor"", ""description"": ""Run through key scenarios to ensure the workflow behaves as expected."", ""sub_steps"": [""Valid input: {\""fileName\"":\""report.xlsx\"",\""folderPath\"":\""/team/reports\""} -> Expect success email and 200 response."", ""Valid input (.xls): {\""fileName\"":\""legacy.xls\"",\""folderPath\"":\""/team/reports\""} -> Expect success."", ""Missing fileName: {\""folderPath\"":\""/team/reports\""} -> Expect 400 with ERR_MISSING_FIELDS."", ""Invalid extension: {\""fileName\"":\""notes.txt\"",\""folderPath\"":\""/team/reports\""} -> Expect 400 with ERR_INVALID_FILE_TYPE."", ""Null/empty fields: {\""fileName\"":\""\"",\""folderPath\"":\""/team/reports\""} -> Expect 400 with ERR_MISSING_FIELDS."", ""Monitor run history for any remaining null-reference or expression errors.""], ""note"": ""Testing both positive and negative paths confirms the null guards and extension checks are working.""}]}",,"[{""step"": ""Detected"", ""description"": ""CPI error detected and incident created."", ""status"": ""completed"", ""timestamp"": ""2026-06-03T11:30:08.231199+00:00""}]",,"{""name"": ""gdrive-logic-app"", ""artifact_id"": ""/subscriptions/4876617b-2198-4d34-8548-850ce504e7c8/resourceGroups/logic-app-rg/providers/Microsoft.Logic/workflows/gdrive-logic-app"", ""version"": ""08584211219386251033"", ""package"": ""default"", ""deployed_on"": ""2026-05-04T07:03:14.7409242Z"", ""deployed_by"": ""unknown"", ""runtime_node"": ""southindia"", ""status"": ""Succeeded""}",,,,,,,,,,,,,,,,,,1,,,,,,,,,,0,0,,,,,,,,,,,,,logic-app-rg,,,,
ORBLOGICAPPS-20260603-000008,4876617b-2198-4d34-8548-850ce504e7c8,gdrive-logic-app,unknown,,UNKNOWN_ERROR,AUTO_FIXED,Misconfigured run-after dependencies,,2026-06-03 15:59:02.460121,2026-06-03 16:39:15.854518,True,True,0,08584211245297924195636948201CU15,/subscriptions/4876617b-2198-4d34-8548-850ce504e7c8/resourcegroups/logic-app-rg/providers/microsoft.logic/workflows/gdrive-logic-app/runs/08584211245297924195636948201cu15/actions/condition,2026-06-03 10:25:56.716322,2026-06-03 10:28:55.904098,unknown_error,"The run failed with code ""unknown"" and no message, which often indicates the runtime or a connector returned an unstructured error or that diagnostic details were hidden by secure I/O. In addition to common Google Drive causes (expired OAuth, permissions, quota, network), the deployment appears to have a managed identity misconfiguration: the resource’s identity object is set to { ""type"": ""None"" } while the template also defines a variable that references a user‑assigned identity resource ID. With identity disabled, any steps that rely on managed identity (for example, Key Vault secret references for connection parameters, Azure connectors using MSI, or HTTP actions with MSI auth) will fail and can surface as generic/unknown errors. This can indirectly break the Google Drive connection if its secrets are being resolved from Key Vault or if other upstream actions using MSI fail first, causing the whole run to report an unknown failure. Secure inputs/outputs may be obscuring the underlying auth error.","- Locate the failing action: Logic App > Runs history > open the failed run > expand actions to identify the first failure. If Secure inputs/outputs are enabled, temporarily disable them on the failing action for troubleshooting and re-run.
- Fix the identity configuration in your deployment template:
  - If you require a managed identity, do not set identity.type to ""None"". Configure either SystemAssigned or UserAssigned:
    - User-assigned example (Consumption: Microsoft.Logic/workflows; Standard: Microsoft.Web/sites for the workflow app):
      ""identity"": {
        ""type"": ""UserAssigned"",
        ""userAssignedIdentities"": {
          ""[variables('userAssignedIdentityResourceId')]"": {}
        }
      }
    - System-assigned example:
      ""identity"": { ""type"": ""SystemAssigned"" }
  - Remove any occurrences of ""identity"": { ""type"": ""None"" } from the Logic App resource and (for Standard) the workflow app site resource.
- Grant the identity required access:
  - If using Key Vault references for connection secrets, grant the identity Key Vault Secrets User (RBAC) or appropriate access policies (get/list secrets) on the vault.
  - Grant roles to any Azure resources accessed via MSI (Storage, Service Bus, etc.).
- Redeploy the template and restart the workflow app (Standard) or save the workflow (Consumption). Verify in the portal that Identity is enabled and the intended user-assigned identity is attached.
- Reauthorize and validate the Google Drive connection:
  - Portal > API connections (Consumption) or Connections (Standard) > Google Drive > Edit > Re-authenticate with a Google account that still has access to the target Drive/folders. Confirm the connection status is Healthy.
  - If you are not using managed identity at all, ensure the connection doesn’t rely on Key Vault references and that secrets are configured directly; keep identity set to None only if no steps depend on MSI.
- Harden and test:
  - Add action-level retries (exponential backoff) to Drive actions; reduce concurrency to avoid Google API rate limits; prefer file IDs over paths; keep files within connector size/time limits, or switch large uploads to a resumable upload via Function/Custom Connector.
  - Network: Ensure outbound 443 and DNS resolution to accounts.google.com, oauth2.googleapis.com, www.googleapis.com are allowed; no TLS interception.
  - Diagnostics: Send WorkflowRuntime/AllMetrics to Log Analytics (Consumption) or enable App Service logs and set Workflows.RuntimeLogLevel=Information (Standard). Reproduce and inspect logs for auth/KeyVault/connector errors.
- After changes, resubmit the failed run. If failures persist with unknown errors, capture x-ms-client-request-id and timestamps from the failing action and open a support ticket with Azure including Log Analytics/App Service logs.",0.28,"{""summary"": ""Fix for UNKNOWN_ERROR"", ""steps"": [{""step_number"": 1, ""title"": ""Review and adjust"", ""description"": ""Manual review required because automated fix generation failed."", ""sub_steps"": [""Inspect action inputs"", ""Validate payload"", ""Check API contract""], ""note"": ""No automated patch generated""}]}",,"[{""step"": ""Detected"", ""description"": ""CPI error detected and incident created."", ""status"": ""completed"", ""timestamp"": ""2026-06-03T11:09:04.797738+00:00""}]",,"{""name"": ""gdrive-logic-app"", ""artifact_id"": ""/subscriptions/4876617b-2198-4d34-8548-850ce504e7c8/resourceGroups/logic-app-rg/providers/Microsoft.Logic/workflows/gdrive-logic-app"", ""version"": ""08584211245402985037"", ""package"": ""default"", ""deployed_on"": ""2026-05-04T07:03:14.7409242Z"", ""deployed_by"": ""unknown"", ""runtime_node"": ""southindia"", ""status"": ""Succeeded""}",,,,,,,,,,,,,,,,,,1,,,,,,,,,,0,0,,,,,,,,,,,,,logic-app-rg,,,,
ORBLOGICAPPS-20260603-000007,4876617b-2198-4d34-8548-850ce504e7c8,InvoiceProcessorApp,unknown,,UNKNOWN_ERROR,DETECTED,,,2026-06-03 15:22:23.214199,2026-06-03 16:15:19.263915,False,False,0,08584211267447549425456562729CU06,/subscriptions/4876617b-2198-4d34-8548-850ce504e7c8/resourcegroups/logic-app-rg/providers/microsoft.logic/workflows/invoiceprocessorapp/runs/08584211267447549425456562729cu06/actions/for_each,2026-06-03 09:49:02.597933,2026-06-03 10:26:17.502610,unknown_error,"The failure is likely caused by a misconfigured managed identity in the deployment template. The identity object is set to ""identity"": { ""type"": ""None"" }, which disables the Logic App’s managed identity. If your workflow/actions or API connections are configured to authenticate with a managed identity (MSI), the runtime will fail to obtain tokens and can surface an ""unknown"" or empty error. If you’re using a user‑assigned identity, the template must include the userAssignedIdentities map (keyed by the identity’s resource ID that you define in the template’s variables) and an appropriate identity.type (UserAssigned or SystemAssigned,UserAssigned).","1) Decide whether the Logic App should use a managed identity:
- If you intend to use MSI, do NOT set identity.type to None.
- If you do not use MSI anywhere, keep type=None and ensure connections are not configured for MSI.

2) Correct the ARM/Bicep identity block and redeploy:
- User‑assigned identity example (ARM):
  ""variables"": {
    ""userIdentityResourceId"": ""[resourceId('Microsoft.ManagedIdentity/userAssignedIdentities', parameters('userIdentityName'))]""
  },
  ""identity"": {
    ""type"": ""UserAssigned"",
    ""userAssignedIdentities"": {
      ""[variables('userIdentityResourceId')]"": {}
    }
  }
- System‑assigned identity example:
  ""identity"": { ""type"": ""SystemAssigned"" }
- Both:
  ""identity"": { ""type"": ""SystemAssigned, UserAssigned"", ""userAssignedIdentities"": { ""[variables('userIdentityResourceId')]"": {} } }

3) Post‑deployment validation:
- Portal > Logic App (Standard or Consumption) > Identity: confirm the expected identity is On and (for user‑assigned) the correct identity is attached.
- Ensure role assignments/permissions for that identity on Key Vault/Storage/SQL/SharePoint, etc.

4) Align connections/auth settings:
- For connections using MSI, reauthorize/select Managed Identity after the identity is corrected.
- If you kept identity.type=None, switch affected connections to use OAuth/service principal/API key as applicable.

5) Reproduce with diagnostics enabled and verify success:
- Enable runtime logs (Log Analytics/App Insights) and rerun a failed instance to confirm token acquisition and connector calls succeed.

6) If failures persist after correcting identity:
- Recheck RBAC/access policies, firewall/VNET rules, and retry/timeout settings as per the original troubleshooting steps.",0.22,"{""summary"": ""Fix for UNKNOWN_ERROR"", ""steps"": [{""step_number"": 1, ""title"": ""Review and adjust"", ""description"": ""Manual review required because automated fix generation failed."", ""sub_steps"": [""Inspect action inputs"", ""Validate payload"", ""Check API contract""], ""note"": ""No automated patch generated""}]}",,"[{""step"": ""Detected"", ""description"": ""CPI error detected and incident created."", ""status"": ""completed"", ""timestamp"": ""2026-06-03T10:45:14.147873+00:00""}]",,"{""name"": ""InvoiceProcessorApp"", ""artifact_id"": ""/subscriptions/4876617b-2198-4d34-8548-850ce504e7c8/resourceGroups/logic-app-rg/providers/Microsoft.Logic/workflows/InvoiceProcessorApp"", ""version"": ""08584211260853705756"", ""package"": ""default"", ""deployed_on"": ""2026-05-29T05:10:14.0606371Z"", ""deployed_by"": ""unknown"", ""runtime_node"": ""southindia"", ""status"": ""Succeeded""}",,,,,,,,,,,,,,,,,,1,,,,,,,,,,0,0,,,,,,,,,,,,,logic-app-rg,,,,
ORBLOGICAPPS-20260603-000006,,InvoiceProcessorApp,ActionFailed,An action failed. No dependent actions succeeded.,UNKNOWN_ERROR,DETECTED,,,2026-06-03 14:44:38.805557,2026-06-03 15:13:40.466514,False,False,0,08584211289551142203235367364CU01,,,,,"The run status 'unknown' is likely caused by a misconfigured managed identity in the deployment template for your Logic App/Connections, which leads to silent authentication failures and suppressed error details (especially when Secure inputs/outputs or Secure run history is enabled). The template currently attaches an identity to the Logic App resource incorrectly or inconsistently with how your connections authenticate. Per current guidance, the Logic App resource should have identity.type set to 'None' when you intend to authenticate connectors with a user‑assigned managed identity at the connection level. Additionally, the user‑assigned identity must be referenced correctly (by resource ID) in the connections’ authentication configuration. When identity.type is set to an incompatible value (for example, SystemAssigned without an identity, or UserAssigned without the proper mapping), the runtime may surface an 'unknown' failure instead of a clear exception.","1) Normalize the Logic App resource identity
- In your ARM/Bicep template for the Logic App resource, set the identity type to None:
  ""identity"": { ""type"": ""None"" }
- Redeploy so the Logic App itself doesn’t present a conflicting system/user identity.

2) Reference the user-assigned identity at the connection level
- Define a variable in the template that holds your user-assigned identity resource ID (UAI):
  variables: {
    ""userAssignedIdentityResourceId"": ""/subscriptions/<subId>/resourceGroups/<rg>/providers/Microsoft.ManagedIdentity/userAssignedIdentities/<uaiName>""
  }
- Update each API connection (or connections.json for Standard) to authenticate via managed identity using that resource ID. Example (adjust to the connector’s schema):
  ""authentication"": {
    ""type"": ""ManagedIdentity"",
    ""identity"": {
      ""type"": ""UserAssigned"",
      ""userAssignedIdentity"": ""[variables('userAssignedIdentityResourceId')]""
    }
  }
- Recreate/reauthorize connections after deployment to ensure tokens are issued with the intended UAI.

3) Surface the real error while validating
- Temporarily disable Secure inputs/outputs (or Secure run history) on the failing action/workflow, re-run, and capture the first error.
- Enable diagnostics: send WorkflowRuntime/WorkflowManagement logs (Consumption) or use Application Insights and Functions host logs (Standard) to verify the identity token acquisition succeeds.

4) Re-test and harden
- Re-run a minimal test (trigger concurrency 1) and confirm the connection now authenticates and the run completes.
- If you must attach a managed identity to the Logic App resource for other needs, set identity.type and mappings correctly (SystemAssigned or UserAssigned with userAssignedIdentities) and keep connection auth consistent with that choice.

If the run still reports 'unknown', export the run details and open a support case with the run ID, workflow name, timestamp, and diagnostics, as the issue may be a runtime bug after the identity configuration is corrected.",0.33,"{""summary"": ""Fix for UNKNOWN_ERROR"", ""steps"": [{""step_number"": 1, ""title"": ""Review and adjust"", ""description"": ""Manual review required because automated fix generation failed."", ""sub_steps"": [""Inspect action inputs"", ""Validate payload"", ""Check API contract""], ""note"": ""No automated patch generated""}]}",,"[{""step"": ""Detected"", ""description"": ""Failure detected from Log Analytics."", ""status"": ""completed"", ""timestamp"": ""2026-06-03T09:43:39.131303+00:00""}]",,"{""name"": ""InvoiceProcessorApp"", ""artifact_id"": ""/subscriptions/4876617b-2198-4d34-8548-850ce504e7c8/resourceGroups/logic-app-rg/providers/Microsoft.Logic/workflows/InvoiceProcessorApp"", ""version"": ""08584212935250089498"", ""package"": ""default"", ""deployed_on"": ""2026-05-29T05:10:14.0606371Z"", ""deployed_by"": ""unknown"", ""runtime_node"": ""southindia"", ""status"": ""Succeeded""}",,,,,,,,,,,,,,,,,,1,,,,,,,,,,0,0,,,,,,,,,,,,,,,,,
ORBLOGICAPPS-20260603-000005,,testflow,unknown,,UNKNOWN_ERROR,AUTO_FIXED,,Fix applied and deployed successfully.,2026-06-03 14:34:31.971399,2026-06-03 15:13:35.225533,True,True,0,08584211295562908753683126745CU05,,,,,"The Logic App was deployed with the identity object misconfigured as ""identity"": { ""type"": ""None"" }, which disables any managed identity on the workflow/app. When actions or API connections are configured to authenticate with a managed identity, the runtime can’t acquire a token and the call fails very early. In many cases this surfaces in the portal as a failed/cancelled action with no error message, especially if the connector preflight/handshake aborts before a detailed payload is returned. Evidence to confirm: (1) Export the Logic App (or App Service for Standard) and check that identity.type is ""None"" and principalId is null; (2) Portal > Identity blade shows Off; (3) Connections using Managed Identity show Needs attention or fail without detailed error; (4) Diagnostics may show errors like ManagedServiceIdentityNotEnabled or an AAD token acquisition failure.","1) Verify identity configuration:
- Consumption (Microsoft.Logic/workflows): Open the Logic App resource > Identity. If System assigned/User assigned is Off, turn it On.
- Standard (Microsoft.Web/sites hosting your workflows): Open the App Service > Identity. Enable System assigned and/or attach the required user-assigned identity.

2) Fix your IaC (ARM/Bicep/Terraform) so identity.type isn’t None:
- System-assigned:
  ARM: ""identity"": { ""type"": ""SystemAssigned"" }
  Bicep: identity: { type: 'SystemAssigned' }
- User-assigned (reference the UAI resource ID you define in template variables):
  ARM:
  ""identity"": {
    ""type"": ""UserAssigned"",
    ""userAssignedIdentities"": {
      ""[variables('userAssignedIdentityResourceId')]"": {}
    }
  }
  Bicep:
  identity: {
    type: 'UserAssigned'
    userAssignedIdentities: {
      (${uaiResourceId}): {}
    }
  }
- Both:
  ARM: ""identity"": { ""type"": ""SystemAssigned, UserAssigned"", ""userAssignedIdentities"": { ""[variables('userAssignedIdentityResourceId')]"": {} } }

3) Redeploy/update the resource:
- Apply the updated template or enable identity via Portal. Confirm principalId is populated and, for UAI, that the correct identity is attached.

4) Re-authorize and align connections:
- For each API connection/action configured to use Managed Identity, open it in the portal and click Edit/Authorize (Consumption managed connectors) or update connection references (Standard built-in connectors) so they use the now-enabled identity. Ensure the connection state is Connected.

5) Role assignments:
- Grant the enabled identity the required roles (e.g., Storage Blob Data Contributor, Key Vault Secrets User) on target resources. If UAI was previously assigned roles but not attached to the app, those roles will take effect once attached.

6) Re-run and validate:
- Trigger the workflow and verify actions authenticate successfully. If diagnostics are enabled, confirm no ManagedServiceIdentityNotEnabled or token acquisition errors appear.

7) If you intentionally don’t want a managed identity:
- Keep identity.type as None, but switch affected actions/connections to use an alternate auth method (service principal, OAuth connection) so they don’t expect an MI.",0.34,"{""summary"": ""The UNKNOWN_ERROR is likely caused by malformed actions and an incomplete workflow definition: an undefined Get_file_content_using_path action, an invalid Response action schema (unexpected properties and truncated expression), a misplaced path expression under Send_an_email_(V2).queries, and an incomplete Condition block. The plan below restructures the workflow, defines missing actions, relocates expressions to the correct action, corrects the Response schema, and adds error handling and connection parameters."", ""steps"": [{""step_number"": 1, ""title"": ""Collect full workflow definition and validate against schema"", ""description"": ""Ensure you have the complete JSON (the provided snippet is truncated within Response_success.queries). Validate the full definition against the 2016-06-01 schema to list all structural issues before editing."", ""sub_steps"": [""Export the full Logic App definition via ARM template or Code view."", ""Run schema validation (e.g., VS Code with Azure Logic Apps extension or ARM template validator)."", ""Note any errors related to missing types, unexpected properties, or invalid expressions.""], ""note"": ""Working with a partial definition risks missing additional issues; ensure the full JSON is available.""}, {""step_number"": 2, ""title"": ""Define the file content retrieval action"", ""description"": ""Add a Get_file_content_using_path action using the correct connector (SharePoint or OneDrive for Business) to retrieve the file bytes based on folderPath and fileName from the HTTP trigger."", ""sub_steps"": [""Choose the storage connector that matches where the file resides (SharePoint or OneDrive for Business)."", ""Create action name: Get_file_content_using_path."", ""Set the connection host to the chosen connector connectionId (e.g., @parameters('$connections')['onedriveforbusiness']['connectionId'] or ['sharepointonline']['connectionId'])."", ""Configure the Path (or File Path) input with the combined path expression from the trigger (see step 3)."", ""Ensure this action runs after the trigger (or first in the action chain).""], ""note"": ""The email action depends on this action to populate Attachments.ContentBytes.""}, {""step_number"": 3, ""title"": ""Relocate and fix the path expression"", ""description"": ""Move the dynamic path expression currently placed under Send_an_email_(V2).queries.path into the Path (or File Path) input of Get_file_content_using_path. This expression ensures a single leading slash and no double slashes."", ""sub_steps"": [""Use this expression for the file path: @{if(startsWith(replace(concat(coalesce(triggerBody()?['folderPath'], ''), '/', coalesce(triggerBody()?['fileName'], '')), '//', '/'), '/'), replace(concat(coalesce(triggerBody()?['folderPath'], ''), '/', coalesce(triggerBody()?['fileName'], '')), '//', '/'), concat('/', replace(concat(coalesce(triggerBody()?['folderPath'], ''), '/', coalesce(triggerBody()?['fileName'], '')), '//', '/')))}"", ""Ensure the storage connector expects a leading slash; if not, adjust accordingly."", ""Remove any usage of this expression from the Send_an_email_(V2) action.""], ""note"": ""The path expression belongs to the file retrieval action, not the email connector.""}, {""step_number"": 4, ""title"": ""Correct Send_an_email_(V2) action"", ""description"": ""Remove invalid 'queries' from the email action and confirm required fields are correctly configured for the Office 365 Outlook connector."", ""sub_steps"": [""Delete the 'queries' object under Send_an_email_(V2)."", ""Ensure 'host.connection.name' references @parameters('$connections')['office365']['connectionId']."", ""Keep 'method': 'post' and 'path': '/v2/Mail'."", ""Confirm 'body' includes: To, Subject, Body, Importance, and Attachments."", ""Keep Attachments.ContentBytes as @base64(body('Get_file_content_using_path')).""], ""note"": ""Office 365 Send an email (V2) does not accept a 'queries.path' for file retrieval.""}, {""step_number"": 5, ""title"": ""Fix the Response_success action schema"", ""description"": ""Replace the malformed Response_success action with a valid Response action that only includes supported properties."", ""sub_steps"": [""Remove 'kind': 'Http' from the Response action."", ""Remove 'uri' and any 'queries' from the Response action."", ""Define inputs with fields: statusCode (e.g., 200) and body (e.g., { status: 'success', message: \""File @{triggerBody()?['fileName']} sent successfully\"" })."", ""Keep runAfter so that Response_success runs after Send_an_email_(V2) Succeeded.""], ""note"": ""The Response action only supports statusCode, body, and optional headers.""}, {""step_number"": 6, ""title"": ""Resolve or remove the incomplete Condition block"", ""description"": ""The 'Condition' container lacks a 'type' and 'expression'. Either define it properly or simplify by removing it and using straightforward runAfter chaining."", ""sub_steps"": [""Option A (simplify): Remove the 'Condition' wrapper and place actions sequentially: Get_file_content_using_path -> Send_an_email_(V2) -> Response_success."", ""Option B (keep a condition): Add \""type\"": \""If\"", supply a valid \""expression\"" (e.g., to assert trigger inputs are present), and place 'actions' inside its 'actions' branch. Add 'else' branch for failure response."", ""If Option A is chosen, ensure each action has the appropriate runAfter configuration.""], ""note"": ""An incomplete Condition block can cause runtime or deployment errors.""}, {""step_number"": 7, ""title"": ""Set explicit runAfter dependencies"", ""description"": ""Ensure a clear execution chain to avoid race conditions and to manage action outcomes."", ""sub_steps"": [""Get_file_content_using_path: runs after trigger (no runAfter needed if first)."", ""Send_an_email_(V2): runAfter Get_file_content_using_path == Succeeded."", ""Response_success: runAfter Send_an_email_(V2) == Succeeded.""], ""note"": ""Explicit runAfter improves reliability and readability of the workflow.""}, {""step_number"": 8, ""title"": ""Add failure handling and a Response_failed action"", ""description"": ""Return meaningful responses on failure paths and avoid dangling executions."", ""sub_steps"": [""Create Response_failed with statusCode 400 or 500 based on context."", ""Set a descriptive body including any error message (e.g., from outputs().errors or action().error)."", ""Configure runAfter for Response_failed to run on Failed or Skipped outcomes of critical actions (Get_file_content_using_path and Send_an_email_(V2))."", ""Optionally, add a Terminate action for explicit failure semantics.""], ""note"": ""Clear failure responses help callers diagnose issues quickly.""}, {""step_number"": 9, ""title"": ""Update $connections parameters for all connectors"", ""description"": ""Ensure connection references exist for Office 365 and the chosen storage connector."", ""sub_steps"": [""Add/verify parameters.$connections.office365 with connectionId, connectionName, and id for the Outlook connector."", ""Add/verify parameters.$connections for sharepointonline or onedriveforbusiness matching the Get_file_content_using_path action."", ""Confirm the Logic App has API connections created and authorized in the resource group.""], ""note"": ""Missing or incorrect connection parameters will cause runtime connection errors.""}, {""step_number"": 10, ""title"": ""Validate trigger schema and inputs"", ""description"": ""Confirm the HTTP trigger schema matches expected inputs and add basic validation if needed."", ""sub_steps"": [""Keep trigger schema with properties: fileName (string), folderPath (string)."", ""Optionally, add required: ['fileName', 'folderPath'] in the trigger schema."", ""Add a simple guard (Condition or Compose) to check that both values are provided; return 400 if not.""], ""note"": ""Input validation prevents downstream connector errors due to missing values.""}, {""step_number"": 11, ""title"": ""Test end-to-end with sample payloads"", ""description"": ""Verify both success and failure paths work as intended."", ""sub_steps"": [""Send a POST request to the trigger URL with a body like: { \""fileName\"": \""report.xlsx\"", \""folderPath\"": \""/Shared Documents/Reports\"" }."", ""Confirm Get_file_content_using_path retrieves content and the email is sent with the attachment."", ""Observe Response_success returns status 200 with the success message."", ""Test with invalid path or missing file to ensure Response_failed triggers with appropriate error.""], ""note"": ""Use Logic App run history to inspect inputs, outputs, and expressions for each action.""}, {""step_number"": 12, ""title"": ""Hygiene and optional enhancements"", ""description"": ""Improve maintainability and resilience."", ""sub_steps"": [""Sanitize and constrain folderPath to approved directories to avoid path traversal."", ""Externalize recipient email (To) as a parameter or use trigger input for flexibility."", ""Add retry policies on Get_file_content_using_path and Send_an_email_(V2) if transient errors are expected."", ""Add logging via tracked properties or Append to array variable for audit trails.""], ""note"": ""Small improvements reduce future operational issues and simplify maintenance.""}]}",,"[{""step"": ""Detected"", ""description"": ""CPI error detected and incident created."", ""status"": ""completed"", ""timestamp"": ""2026-06-03T09:43:31.439698+00:00""}]",,"{""name"": ""testflow"", ""artifact_id"": ""/subscriptions/4876617b-2198-4d34-8548-850ce504e7c8/resourceGroups/logic-app-rg/providers/Microsoft.Logic/workflows/testflow"", ""version"": ""08584211296056764017"", ""package"": ""default"", ""deployed_on"": ""2026-05-19T07:22:27.9030725Z"", ""deployed_by"": ""unknown"", ""runtime_node"": ""southindia"", ""status"": ""Succeeded""}",,,,,,,,,,,,,,,,,,1,,,,,,,,,,0,0,,,,,,,,,,,,,,,,,
ORBLOGICAPPS-20260603-000004,4876617b-2198-4d34-8548-850ce504e7c8,testflow,unknown,,UNKNOWN_ERROR,FIX_FAILED,Upstream dependency failure,,2026-06-03 12:55:45.613405,2026-06-03 19:12:25.921900,True,False,0,08584211354508621918755495851CU26,/subscriptions/4876617b-2198-4d34-8548-850ce504e7c8/resourcegroups/logic-app-rg/providers/microsoft.logic/workflows/testflow/runs/08584211354508621918755495851cu26,2026-06-03 07:23:56.411394,2026-06-03 07:25:38.669181,action_failed,"The run surfaced the aggregate error 'ActionFailed: An action failed. No dependent actions succeeded' because a merge/Scope step was configured to run only after all upstream actions were Succeeded. At least one top-level action in the scope failed, so none of the required dependencies met Succeeded and the engine raised the aggregation error. The example failure shows a top-level HTTP action returning 404 ResourceNotFound on POST https://myfailedaction.azurewebsites.net with message '/docs/folder-name/resource-name does not exist', which blocked the downstream step. If you tried to inspect failures with result() against nested actions (e.g., inside switch/condition), note that result() returns only top-level actions within a scope, so deeply nested failures won’t appear and can obscure the root cause unless each branch is wrapped in its own Scope.","1) Fix the root cause of the failing action: for the 404 ResourceNotFound, verify and correct the HTTP action’s URI/path, ensure the target resource exists (or create it), and confirm routing/auth. If 404 is an accepted outcome, explicitly handle it in your logic instead of letting the action fail.
2) Correct run-after dependencies on the merge/downstream step: if partial success is acceptable, depend only on mandatory actions, or set optional dependencies to run after Succeeded or Skipped. For always-run cleanup/notification steps, include Failed/TimedOut/Skipped so they are not blocked by all-failed dependencies.
3) Add structured error handling with Scopes:
   - Try: main work.
   - Catch: run after Try (Failed, TimedOut) to handle/report errors.
   - Finally: run after Try (Succeeded, Failed, TimedOut, Skipped) for cleanup.
4) In the Catch/monitoring path, use @result('Try') to collect context for top-level failures, then filter:
   - Add a Filter array over @result('Try') where item()?['status'] == 'Failed'.
   - Either iterate with For each over the filtered array to handle each failed action, or send one action that accepts the entire filtered array. Include useful fields such as item().name, item().inputs.uri/method, item().outputs.statusCode, item().outputs.body.code/message, trackingId/clientTrackingId, startTime/endTime.
5) Respect result() limitations: it returns only top-level actions within the referenced scope, not actions nested inside switch/condition. If failures occur in those branches, wrap each branch in its own Scope so @result('<branch-scope>') exposes their results.
6) Re-run after fixing the 404 or handling it gracefully. Confirm at least one required dependency now succeeds, or that Catch/Finally steps execute so the run no longer surfaces the aggregate 'No dependent actions succeeded' error.",0.56,"{""summary"": ""Resolve ACTION_FAILED by ensuring the prerequisite file content action exists and succeeds, correcting invalid properties on actions, validating connector references, and adding success/failure responses and error handling."", ""steps"": [{""step_number"": 1, ""title"": ""Identify the failing action and dependency chain"", ""description"": ""Use the run history to locate which action failed and which were skipped due to dependencies."", ""sub_steps"": [""Open the Logic App run history for the failing run."", ""Check the status of 'Send_an_email_(V2)' and confirm it was skipped due to 'Get_file_content_using_path' not succeeding or not being present."", ""Note any additional errors from the Office 365 connection or malformed action definitions (e.g., Response action).""], ""note"": ""The error 'An action failed. No dependent actions succeeded.' typically indicates a prior dependency failure that caused downstream steps to skip.""}, {""step_number"": 2, ""title"": ""Add or fix the 'Get_file_content_using_path' action"", ""description"": ""Ensure the workflow retrieves the file content before sending an email with an attachment."", ""sub_steps"": [""Insert a 'Get file content using path' action using the correct connector (SharePoint or OneDrive for Business) depending on the file storage."", ""Name the action exactly 'Get_file_content_using_path' to match existing references."", ""Configure connection reference in 'host.connection.name' to the proper $connections key (e.g., 'sharepointonline' or 'onedriveforbusiness')."", ""Set the file path using the trigger inputs. Example expression: if(startsWith(replace(concat(coalesce(triggerBody()?['folderPath'], ''), '/', coalesce(triggerBody()?['fileName'], '')), '//', '/'), '/'), replace(concat(coalesce(triggerBody()?['folderPath'], ''), '/', coalesce(triggerBody()?['fileName'], '')), '//', '/'), concat('/', replace(concat(coalesce(triggerBody()?['folderPath'], ''), '/', coalesce(triggerBody()?['fileName'], '')), '//', '/')))"", ""Verify the action outputs 'body' with the file content."", ""Ensure any site/drive/tenant parameters are set correctly for the chosen connector.""], ""note"": ""The email action attaches ContentBytes from this step; if it\u2019s missing or fails, the email step will skip.""}, {""step_number"": 3, ""title"": ""Correct the 'Send_an_email_(V2)' action definition"", ""description"": ""Remove invalid properties and align with the Outlook connector\u2019s contract."", ""sub_steps"": [""Ensure 'runAfter' references 'Get_file_content_using_path' with status 'Succeeded'."", ""Remove the 'queries' property from this action; it is not applicable to 'Send an email (V2)'."", ""Keep 'host', 'method': 'post', and 'path' to the correct API (commonly '/v3/Mail' for newer connections or '/v2/Mail' as currently set)."", ""Verify the connection reference '@parameters('$connections')['office365']['connectionId']' exists and is authorized."", ""Validate the body schema: To, Subject, Body, Attachments[].Name, Attachments[].ContentBytes."", ""Confirm the attachment content expression: \""@{base64(body('Get_file_content_using_path'))}\"".""], ""note"": ""Extraneous 'queries' and path-building expressions in this action can cause runtime errors.""}, {""step_number"": 4, ""title"": ""Fix the 'Response_success' action"", ""description"": ""Align the Response action to the Response connector schema."", ""sub_steps"": [""Keep type 'Response' (kind 'Http' is fine)."", ""Remove 'uri' and 'queries' properties; they are invalid for a Response action."", ""Set 'statusCode': 200."", ""Set 'body' to include status and message fields, referencing the trigger inputs safely (e.g., \""File @{triggerBody()?['fileName']} sent successfully\"")."", ""Ensure 'runAfter' waits on 'Send_an_email_(V2)' with status 'Succeeded'.""], ""note"": ""Response actions can only define statusCode, headers, and body.""}, {""step_number"": 5, ""title"": ""Add a failure response path"", ""description"": ""Return a clear HTTP response when email sending fails."", ""sub_steps"": [""Add a new 'Response_failure' action of type 'Response'."", ""Set 'statusCode': 500 and body with status 'failure' and an error message including the fileName if available."", ""Set 'runAfter' on 'Response_failure' to trigger on 'Send_an_email_(V2)' statuses: Failed, TimedOut, or Skipped.""], ""note"": ""This ensures the caller receives a deterministic result even when downstream actions fail.""}, {""step_number"": 6, ""title"": ""Validate and update $connections parameter"", ""description"": ""Ensure all connectors referenced by actions are defined and authorized."", ""sub_steps"": [""Open the workflow parameters and locate '$connections'."", ""Verify that 'office365' exists with a valid 'connectionId' and 'connectionName'."", ""Add entries for 'sharepoint' or 'onedriveforbusiness' (matching the action used for file content) with valid connection IDs."", ""Reauthorize connectors if credentials have expired or permissions are insufficient.""], ""note"": ""Mismatched or missing connection references cause immediate action failures.""}, {""step_number"": 7, ""title"": ""Replace or correct the 'Condition' wrapper"", ""description"": ""Ensure the container action is valid. If the intention is just grouping, use 'Scope'."", ""sub_steps"": [""If no conditional logic is required, replace the 'Condition' action with a 'Scope' action and move 'Send_an_email_(V2)' and responses inside the Scope."", ""If a Condition is intended, provide a valid 'expression' and organize 'actions' under 'ifTrue'/'ifFalse' branches per schema."", ""Validate the definition against the 2016-06-01 Logic Apps schema to avoid deployment/runtime issues.""], ""note"": ""A Condition without a proper expression or branches may lead to definition errors or unexpected skips.""}, {""step_number"": 8, ""title"": ""Test with sample inputs and review run history"", ""description"": ""Verify the end-to-end flow succeeds and returns correct responses."", ""sub_steps"": [""Trigger the Logic App with a payload including 'fileName' and 'folderPath' that points to an existing file."", ""Confirm 'Get_file_content_using_path' succeeds and returns content."", ""Confirm 'Send_an_email_(V2)' succeeds and the email is received with the correct attachment."", ""Check 'Response_success' returns HTTP 200 with the expected body."", ""Trigger a negative test (invalid path or missing file) and validate 'Response_failure' returns HTTP 500 with a useful message.""], ""note"": ""Use the Outputs of each action to ensure expressions such as ContentBytes resolve correctly.""}, {""step_number"": 9, ""title"": ""Harden with retries and diagnostics"", ""description"": ""Improve resiliency and observability."", ""sub_steps"": [""Set a retry policy on 'Get_file_content_using_path' and 'Send_an_email_(V2)' (e.g., exponential backoff)."", ""Add a 'Scope' with runAfter to capture failures and append diagnostic details to the failure response if desired."", ""Enable workflow logging and diagnostics in Azure Monitor for ongoing visibility.""], ""note"": ""Transient connector issues are common; retries can prevent unnecessary failures.""}]}",,"[{""step"": ""Detected"", ""description"": ""Failure detected from Log Analytics."", ""status"": ""completed"", ""timestamp"": ""2026-06-03T08:23:22.610024+00:00""}]",,"{""name"": ""testflow"", ""artifact_id"": ""/subscriptions/4876617b-2198-4d34-8548-850ce504e7c8/resourceGroups/logic-app-rg/providers/Microsoft.Logic/workflows/testflow"", ""version"": ""08584211348701825291"", ""package"": ""default"", ""deployed_on"": ""2026-05-19T07:22:27.9030725Z"", ""deployed_by"": ""unknown"", ""runtime_node"": ""southindia"", ""status"": ""Succeeded""}",,,,,,,,,,,,,,,,,,1,,,,,,,,,,0,0,,,,,,,,,,,,,logic-app-rg,,,,
ORBLOGICAPPS-20260603-000003,,gdrive-logic-app,unknown,,UNKNOWN_ERROR,AUTO_FIXED,All runAfter dependencies failed or skipped,,2026-06-03 11:48:47.010186,2026-06-03 12:04:25.230428,True,True,0,08584211395281924895544430002CU30,,,,,,,,,,"[{""step"": ""Detected"", ""description"": ""Failure detected from Log Analytics."", ""status"": ""completed"", ""timestamp"": ""2026-06-03T06:33:04.260297+00:00""}]",,"{""name"": ""gdrive-logic-app"", ""artifact_id"": ""/subscriptions/4876617b-2198-4d34-8548-850ce504e7c8/resourceGroups/logic-app-rg/providers/Microsoft.Logic/workflows/gdrive-logic-app"", ""version"": ""08584211387403022526"", ""package"": ""default"", ""deployed_on"": ""2026-05-04T07:03:14.7409242Z"", ""deployed_by"": ""unknown"", ""runtime_node"": ""southindia"", ""status"": ""Succeeded""}",,,,,,,,,,,,,,,,,,1,,,,,,,,,,0,0,,,,,,,,,,,,,,,,,
ORBLOGICAPPS-20260603-000002,,testflow,unknown,,UNKNOWN_ERROR,AUTO_FIXED,,Fix applied and deployed successfully.,2026-06-03 09:49:26.989504,2026-06-03 09:55:45.408777,True,True,0,08584211469123440456441770368CU05,,,,,"The run is failing because the Logic App/connection is deployed with a mismatched or missing managed identity configuration. In your template, the identity object isn’t aligned with how the connections authenticate: either (a) a previously attached managed identity wasn’t removed (runtime still tries MI) or (b) a user‑assigned identity was intended but the userAssignedIdentities mapping to the identity’s resource ID is missing. This causes low‑level auth handshakes to fail and the portal may surface it as an ""unknown"" error. If you don’t want MI, the identity.type must be explicitly set to ""None"". If you do want MI, identity.type must be ""UserAssigned"" and must reference the user‑assigned identity’s resource ID defined in a template variable.","- Decide how the workflow should authenticate:
  1) If you DO NOT want to use a managed identity, explicitly remove it in the resource by setting the identity object to:
     ""identity"": { ""type"": ""None"" }
     Redeploy so the runtime stops attempting MI-based auth.
  2) If you DO want to use a user-assigned managed identity, add a variable that references the UAMI resource ID and map it in identity:
     ""variables"": {
       ""userIdentityResourceId"": ""[resourceId('Microsoft.ManagedIdentity/userAssignedIdentities', '<<uamiName>>')]""
     },
     ""identity"": {
       ""type"": ""UserAssigned"",
       ""userAssignedIdentities"": {
         ""[variables('userIdentityResourceId')]"": {}
       }
     }
     Redeploy. Then grant this identity the required RBAC/permissions on target resources (e.g., Storage Blob Data Contributor, Service Bus Data Sender/Receiver, Key Vault access/RBAC) and reauthorize any API connections to use Managed Identity.
  3) If you want a system-assigned identity, use:
     ""identity"": { ""type"": ""SystemAssigned"" }
     Then assign roles and reauthorize connections accordingly.
- After redeploy:
  - Open the failed run in Runs history and check Show raw inputs/outputs to confirm the connector now returns a proper 2xx or a clear 4xx/5xx.
  - Re-run (Resubmit) to validate. If errors persist, verify the identity has the correct roles and that each connection is set to use the intended identity.",0.19,"{""summary"": ""Fix for UNKNOWN_ERROR"", ""steps"": [{""step_number"": 1, ""title"": ""Review and adjust"", ""description"": ""Manual review required because automated fix generation failed."", ""sub_steps"": [""Inspect action inputs"", ""Validate payload"", ""Check API contract""], ""note"": ""No automated patch generated""}]}",,"[{""step"": ""Detected"", ""description"": ""Failure detected from Log Analytics."", ""status"": ""completed"", ""timestamp"": ""2026-06-03T04:25:41.333455+00:00""}]",,"{""name"": ""testflow"", ""artifact_id"": ""/subscriptions/4876617b-2198-4d34-8548-850ce504e7c8/resourceGroups/logic-app-rg/providers/Microsoft.Logic/workflows/testflow"", ""version"": ""08584211462614925319"", ""package"": ""default"", ""deployed_on"": ""2026-05-19T07:22:27.9030725Z"", ""deployed_by"": ""unknown"", ""runtime_node"": ""southindia"", ""status"": ""Succeeded""}",,,,,,,,,,,,,,,,,,1,,,,,,,,,,0,0,,,,,,,,,,,,,,,,,
08584211469123440456441770368CU05,,,unknown,,UNKNOWN_ERROR,SKIPPED,,,2026-06-03 09:44:41.823288,2026-06-03 10:03:16.727818,True,False,0,,,,2026-06-03 04:14:41.487000,,,,,,,"[{""step"": ""Detected"", ""description"": ""CPI error detected and incident created."", ""status"": ""completed"", ""timestamp"": ""2026-06-03T04:33:12.251808+00:00""}]",,"{""name"": ""testflow"", ""artifact_id"": ""/subscriptions/4876617b-2198-4d34-8548-850ce504e7c8/resourceGroups/logic-app-rg/providers/Microsoft.Logic/workflows/testflow"", ""version"": ""08584211461137922671"", ""package"": ""default"", ""deployed_on"": ""2026-05-19T07:22:27.9030725Z"", ""deployed_by"": ""unknown"", ""runtime_node"": ""southindia"", ""status"": ""Succeeded""}",,,,,,,,,,,,,,,,,,1,,,,,,,,,,0,0,,,,,,,,,,,,,,,,,
ORBLOGICAPPS-20260603-000001,4876617b-2198-4d34-8548-850ce504e7c8,gdrive-logic-app,unknown,,UNKNOWN_ERROR,SKIPPED,,,2026-06-03 09:40:16.492181,2026-06-04 10:07:17.157279,True,False,0,08584211477667970601260485755CU17,,,,,"The Google Drive connector in your Logic App likely threw a connector-level exception that surfaced as an unknown error with an empty message. Common root causes include: (1) an expired or revoked Google OAuth connection; (2) missing permissions to the target Drive/folder (especially Shared Drives); (3) Google Drive API not enabled or quota/throttling limits exceeded; (4) invalid path/file ID or item not found; (5) large file/timeouts exceeding connector limits; (6) transient service or regional outages; or (7) details hidden due to Secure Inputs/Outputs. With no error body, the most probable issues are a broken connection or permissions on the target resource.","1) Inspect the failed run: open Run history, select the failed action, and view Raw outputs to get statusCode and any hidden details. If masked, temporarily disable Secure inputs/outputs on that action or clone the workflow without it and re-run. 2) Reauthorize the Google Drive connection: in the Logic App resource open API connections (Consumption) or Connections (Standard), select the Google Drive connection, and sign in again. Confirm the connection shows ‘Connected’. 3) Verify access: ensure the signed-in account has access to the specific folder/file. For Shared Drives, enable the action’s shared drive settings (e.g., Use shared drive/Drive ID) and confirm the item is shared with the account. 4) Validate configuration: confirm correct folderId/fileId/path, and test with a List files step to verify visibility. 5) Check size/timeouts: keep file sizes within connector limits; for large files use Google Drive resumable upload via HTTP action or stage content in Azure Blob. Increase action timeout if applicable and add retry policy with exponential backoff for 429/5xx. 6) Confirm Google side: ensure the Google Drive API is enabled for the OAuth app and that quotas are not exhausted; review Google Workspace admin policies. 7) Enable deeper logging: add Diagnostic settings to send WorkflowRuntime logs to Log Analytics and enable runtime tracing (Standard). Reproduce the failure and trace via correlation IDs. 8) If the connection remains unstable, delete and recreate the Google Drive API connection and redeploy the workflow. Also check Azure Status and Google Workspace Status dashboards for ongoing incidents.",0.4,"{""summary"": ""Fix for UNKNOWN_ERROR"", ""steps"": [{""step_number"": 1, ""title"": ""Review and adjust"", ""description"": ""Manual review required because automated fix generation failed."", ""sub_steps"": [""Inspect action inputs"", ""Validate payload"", ""Check API contract""], ""note"": ""No automated patch generated""}]}",,"[{""step"": ""Detected"", ""description"": ""Failure detected from Log Analytics."", ""status"": ""completed"", ""timestamp"": ""2026-06-03T04:19:02.667471+00:00""}]",,"{""name"": ""gdrive-logic-app"", ""artifact_id"": ""/subscriptions/4876617b-2198-4d34-8548-850ce504e7c8/resourceGroups/logic-app-rg/providers/Microsoft.Logic/workflows/gdrive-logic-app"", ""version"": ""08584211475536555402"", ""package"": ""default"", ""deployed_on"": ""2026-05-04T07:03:14.7409242Z"", ""deployed_by"": ""unknown"", ""runtime_node"": ""southindia"", ""status"": ""Succeeded""}",,,,,,,,,,,,,,,,,,1,,,,,,,,,,0,0,,,,,,,,,,,,,logic-app-rg,,,,
08584211477667970601260485755CU17,,,unknown,,UNKNOWN_ERROR,SKIPPED,,,2026-06-03 09:30:57.619398,2026-06-03 09:47:40.881399,True,False,0,,,,2026-06-03 04:00:57.338000,,,,,,,"[{""step"": ""Detected"", ""description"": ""CPI error detected and incident created."", ""status"": ""completed"", ""timestamp"": ""2026-06-03T04:17:36.057485+00:00""}]",,"{""name"": ""gdrive-logic-app"", ""artifact_id"": ""/subscriptions/4876617b-2198-4d34-8548-850ce504e7c8/resourceGroups/logic-app-rg/providers/Microsoft.Logic/workflows/gdrive-logic-app"", ""version"": ""08584211475536555402"", ""package"": ""default"", ""deployed_on"": ""2026-05-04T07:03:14.7409242Z"", ""deployed_by"": ""unknown"", ""runtime_node"": ""southindia"", ""status"": ""Succeeded""}",,,,,,,,,,,,,,,,,,1,,,,,,,,,,0,0,,,,,,,,,,,,,,,,,
ORBLOGICAPPS-20260602-000021,,InvoiceProcessorApp,unknown,,UNKNOWN_ERROR,TICKET_CREATED,,No applicable fix changes generated,2026-06-02 16:32:50.478397,2026-06-02 14:09:11.224000,True,False,0,08584212089902607288330464841CU30,,,,,"The Logic App is deployed with its managed identity disabled by setting the identity.type property to ""None"". When identity is off, any action or connector configured to authenticate via Managed Identity (e.g., Key Vault, Azure Storage, SQL, Service Bus, Graph/SharePoint, HTTP with Managed Identity) cannot acquire tokens and typically fails with 401/403. Because many of these actions have secure inputs/outputs, the run history often surfaces an unknown or empty error. Additionally, if a user-assigned identity is intended but the template doesn’t populate identity.userAssignedIdentities with the correct resource ID (referenced via a variables entry), the identity isn’t attached and the same failures occur.","Enable and correctly attach a managed identity in the deployment template and assign appropriate RBAC: 1) In the Logic App resource, change identity.type from ""None"" to either ""SystemAssigned"" or ""UserAssigned"". 2) If using UserAssigned, add identity.userAssignedIdentities with the user-assigned identity’s resource ID. Define a variable in the template’s variables section that resolves the identity’s resource ID (for example, a variable that uses resourceId for Microsoft.ManagedIdentity/userAssignedIdentities), and reference that variable under identity.userAssignedIdentities. 3) Redeploy the Logic App so the identity is created/attached. 4) Grant the identity the required roles on target resources (e.g., Key Vault Secrets User, Storage Blob Data Contributor, SQL Database Contributor, Service Bus Data Sender/Receiver). 5) Update connections/actions to use Managed Identity authentication instead of user tokens and reauthorize if needed. 6) Verify in the portal that the identity is enabled (Identity blade) and test a run; if issues persist, enable diagnostics (Workflow runtime/trigger logs or App Insights) to confirm token acquisition and permissions.",0.42,"{""summary"": ""The workflow is failing with an UNKNOWN_ERROR likely due to a combination of malformed/incomplete JSON in the Analyze Document action, a missing type on the For_each action, an incorrect attachments array reference, an incorrect Azure Blob dataset path placeholder, and passing blob metadata (not file content or URL) into the Form Recognizer Analyze endpoint. The plan below repairs the definition, corrects connector usage, and adds reliability and testing guidance."", ""steps"": [{""step_number"": 1, ""title"": ""Repair malformed and incomplete JSON in the Analyze Document action"", ""description"": ""The Analyze_Document_for_Prebuilt_or_Custom_models_(v3.x_API) action appears truncated (\""que...\"") and the overall JSON may not be valid. Invalid JSON can cause runtime UNKNOWN_ERROR or deployment failures."", ""sub_steps"": [""Open the Logic App in Code View and ensure all objects and arrays are properly closed with matching braces/brackets."", ""Rebuild the Analyze_Document_for_Prebuilt_or_Custom_models_(v3.x_API) action if needed by deleting it and re-adding the Form Recognizer action in the designer to guarantee a valid schema."", ""Ensure all property names are complete (e.g., if using queries, the property must be fully written as \""queries\"": { ... }).""], ""note"": ""A malformed action definition is a primary source of UNKNOWN_ERROR. Fix this before other changes.""}, {""step_number"": 2, ""title"": ""Add the missing type property to the For_each action"", ""description"": ""The For_each container is missing its required type. Logic Apps requires the \""type\"": \""Foreach\"" property for foreach loops."", ""sub_steps"": [""In actions.For_each, add \""type\"": \""Foreach\""."", ""Optionally set concurrency controls (e.g., limit to 1) to avoid throttling downstream services like Form Recognizer.""], ""note"": ""Without the correct type, the action is invalid and can cause runtime or deployment errors.""}, {""step_number"": 3, ""title"": ""Fix attachments array reference for the Outlook trigger"", ""description"": ""The foreach expression references @triggerBody()?['attachments'] (lowercase). The Outlook V3 trigger typically exposes attachments as 'Attachments' (uppercase) when includeAttachments is true."", ""sub_steps"": [""Update foreach to: @triggerBody()?['Attachments']"", ""If uncertain about property casing, run a test trigger and inspect outputs to confirm the exact property name."", ""As a defensive alternative, use: @coalesce(triggerBody()?['Attachments'], triggerBody()?['attachments']) (ensure it returns an array).""], ""note"": ""Incorrect property casing leads to a null foreach source. Even if it doesn\u2019t hard-fail, it prevents attachment processing.""}, {""step_number"": 4, ""title"": ""Correct the Azure Blob Create file (V2) path and content"", ""description"": ""The path uses a placeholder 'AccountNameFromSettings' and content is passed as a base64 string; ensure a valid dataset segment and properly typed content."", ""sub_steps"": [""Replace the dataset segment with the connector default: path = \""/v2/datasets/@{encodeURIComponent(encodeURIComponent('default'))}/files\""."", ""Ensure the request body is binary: change body to @base64ToBinary(item()?['ContentBytes'])."", ""Keep folderPath = \""invoices\"" and name with your desired date-based structure; slashes in name are acceptable for virtual folders."", ""Retain queryParametersSingleEncoded = true (typical for connector paths).""], ""note"": ""Using 'default' aligns with the connector\u2019s dataset alias and avoids hard-coded, invalid path placeholders.""}, {""step_number"": 5, ""title"": ""Provide valid input to Form Recognizer (content or SAS URL), not blob metadata"", ""description"": ""The current body for Analyze uses @body('Create_blob_(V2)'), which is metadata. Form Recognizer requires either the document content or a SAS URL."", ""sub_steps"": [""Option A (recommended): After Create blob, add Azure Blob action \""Create SAS URI by path\"" for the created file, then use the SAS URL as the document URL in the Form Recognizer action."", ""Option B: Add Azure Blob action \""Get blob content using path\"" and pass the binary content to the Form Recognizer action."", ""Replace the raw REST path-based Form Recognizer call with the connector action \""Analyze document (V3)\"" (or equivalent), set Model ID to \""prebuilt-invoice\""."", ""If using URL, set the action\u2019s documentUrl property; if using content, ensure Content-Type is application/octet-stream and provide the binary."", ""Set or confirm API version to a supported one (e.g., 2023-07-31) if exposed by the connector as a parameter.""], ""note"": ""Passing metadata will fail the analyze call. Using the connector\u2019s first-class action simplifies required fields and content handling.""}, {""step_number"": 6, ""title"": ""Adjust runAfter dependencies"", ""description"": ""Ensure the Analyze action runs after the step that supplies its input (SAS URL or content), not just after the blob create."", ""sub_steps"": [""If using SAS URL: set Analyze runAfter to the \""Create SAS URI by path\"" action (Succeeded)."", ""If using content: set Analyze runAfter to the \""Get blob content using path\"" action (Succeeded)."", ""Keep Create blob as the predecessor of the SAS/content retrieval action.""], ""note"": ""Correct dependencies prevent timing issues and missing inputs.""}, {""step_number"": 7, ""title"": ""Verify and, if needed, refine the trigger splitOn expression"", ""description"": ""While @triggerBody()?['value'] is common, using @triggerOutputs()?['body/value'] is often more robust."", ""sub_steps"": [""Consider updating splitOn to @triggerOutputs()?['body/value']."", ""Confirm the trigger output structure by inspecting a sample payload to ensure the array property matches.""], ""note"": ""A correct splitOn ensures each email event is processed independently.""}, {""step_number"": 8, ""title"": ""Add resiliency: retries and error handling"", ""description"": ""Improve reliability for downstream service calls and capture failures cleanly."", ""sub_steps"": [""Enable retry policies on Create blob and Analyze document actions (e.g., exponential backoff with sensible limits)."", ""Wrap actions inside a Scope and add a parallel failure Scope using Configure run after to handle Failed/TimedOut/Skipped."", ""In the failure path, log details to Application Insights or a log store; optionally move the blob to an error container or delete it.""], ""note"": ""This prevents silent failures and helps diagnose issues quickly.""}, {""step_number"": 9, ""title"": ""Validate connections and parameters"", ""description"": ""Ensure all referenced connections exist and are authorized."", ""sub_steps"": [""Confirm $connections has entries for 'office365-1', 'azureblob', and 'formrecognizer' with valid connectionId values."", ""Reauthorize the connections in the Logic App designer if tokens are expired."", ""If deploying via ARM/Bicep, make sure the workflow connections resource is provisioned and linked properly.""], ""note"": ""Invalid or missing connections can manifest as UNKNOWN_ERROR at runtime.""}, {""step_number"": 10, ""title"": ""Test end-to-end and verify outputs"", ""description"": ""Run controlled tests to ensure the corrected workflow behaves as expected."", ""sub_steps"": [""Send an email with a small PDF invoice attachment to the monitored Inbox."", ""Verify the For_each iterates over the correct Attachments property and that blobs are created at invoices/YYYY/MM/filename."", ""Confirm the SAS/content step produces a valid URL or binary payload."", ""Check the Analyze action outputs and confirm it returns parsed invoice data."", ""Monitor Run History for any transient errors and adjust retries or concurrency as needed.""], ""note"": ""Capture a successful run as a baseline. Keep samples for regression testing after future changes.""}]}",,"[{""step"": ""Detected"", ""description"": ""Failure detected from Log Analytics."", ""status"": ""completed"", ""timestamp"": ""2026-06-02T11:12:58.890752+00:00""}]",,"{""name"": ""InvoiceProcessorApp"", ""artifact_id"": ""/subscriptions/4876617b-2198-4d34-8548-850ce504e7c8/resourceGroups/logic-app-rg/providers/Microsoft.Logic/workflows/InvoiceProcessorApp"", ""version"": ""08584212935250089498"", ""package"": ""default"", ""deployed_on"": ""2026-05-29T05:10:14.0606371Z"", ""deployed_by"": ""unknown"", ""runtime_node"": ""southindia"", ""status"": ""Succeeded""}",,,,,,,,,,,,,,,,,,1,,,,,,,,,,0,0,,,,,,,,,,,,,,cb3e5cc9-37ce-4060-b86c-38004bc32766,TCK-20260602-00001,new,https://poc-mc10-org-ai-itsm-approuter.cfapps.us10-001.hana.ondemand.com/api/incidents/cb3e5cc9-37ce-4060-b86c-38004bc32766
ORBLOGICAPPS-20260602-000020,,testflow,unknown,,UNKNOWN_ERROR,AUTO_FIXED,,Fix applied and deployed successfully.,2026-06-02 16:22:23.335003,2026-06-02 16:40:01.219988,True,True,0,08584212094940033658479650548CU02,,,,,"The generic 'unknown' failure is consistent with an authentication principal not being available at run time due to a misconfigured or removed managed identity on the Logic App resource. This often happens after ARM/Bicep/IaC changes that either (a) set the identity block to type 'None', detaching the principal, or (b) switch identity types (system-assigned ↔ user-assigned) in a single deployment without first clearing the existing identity. When API connections/actions are configured to use Managed Identity, a missing/incorrect identity causes downstream connectors to return empty/nonstandard errors that surface as 'unknown'. Secondary contributors can still include expired API connections, networking blocks, or runtime restarts, but the provided note about setting identity.type to 'None' and referencing a user-assigned identity via template variables strongly indicates an identity configuration issue.","1) Verify identity state on the resource that hosts the workflow:
- Consumption: Azure Portal > Logic Apps > Workflows > testflow > Identity. The ARM type is Microsoft.Logic/workflows.
- Standard: Azure Portal > App hosting the workflow (Microsoft.Web/sites) > Identity. Workflows inherit the app’s identity.
If the identity shows 'None' but your connections/actions use Managed Identity, this is the most likely cause.

2) Correct the ARM/Bicep identity configuration. Use a two-step deployment when switching identity types:
- Step A (clear):
  ""identity"": {
    ""type"": ""None""
  }
- Step B (reassign to intended type):
  - System-assigned:
    ""identity"": {
      ""type"": ""SystemAssigned""
    }
  - User-assigned (reference the identity’s resource ID from a template variable):
    variables: {
      ""uamiResourceId"": ""[resourceId('Microsoft.ManagedIdentity/userAssignedIdentities', '<yourUamiName>')]""
    }
    resource: {
      ""identity"": {
        ""type"": ""UserAssigned"",
        ""userAssignedIdentities"": {
          ""[variables('uamiResourceId')]"": {}
        }
      }
    }
Apply this to Microsoft.Logic/workflows (Consumption) or Microsoft.Web/sites (Standard) as appropriate.

3) Rebind and reauthorize connections to use the intended identity:
- For each API connection used by testflow, open it in the Portal and set Authentication to Managed Identity (System-assigned or the specific User-assigned identity). Reauthorize/save so the connection stores the correct principal.
- For Logic Apps Standard built-in connectors, update the connection definition (connections.json/parameters) to point to the selected identity and redeploy.

4) Grant the identity the necessary permissions/RBAC on target services:
- Azure Storage: Storage Blob/Data Reader/Contributor as needed.
- Key Vault: add appropriate access policy or RBAC role (e.g., Key Vault Secrets User) in the correct scope.
- Any other resource the workflow calls: assign roles at resource group/resource level.

5) Validate networking so calls can succeed once identity is fixed (VNET/NSG/DNS for Standard, outbound IP allowlists for Consumption).

6) Test and add resiliency:
- Resubmit a failed run; it should now show proper authentication and detailed connector errors if any remain.
- Add retry policies on external calls and enable diagnostic logs (WorkflowRuntime/ActionRuns/TriggerRuns to Log Analytics) to capture inner exceptions.

7) Operational guidance:
- Avoid redeploying identity changes mid-run. If you must switch identity types, always use the two-step 'None' → target identity approach.
- Document and pin the identity configuration in source control so subsequent deployments don’t inadvertently reset it to 'None'.",0.27,"{""summary"": ""Fix for UNKNOWN_ERROR"", ""steps"": [{""step_number"": 1, ""title"": ""Review and adjust"", ""description"": ""Manual review required because automated fix generation failed."", ""sub_steps"": [""Inspect action inputs"", ""Validate payload"", ""Check API contract""], ""note"": ""No automated patch generated""}]}",,"[{""step"": ""Detected"", ""description"": ""Failure detected from Log Analytics."", ""status"": ""completed"", ""timestamp"": ""2026-06-02T11:09:56.334962+00:00""}]",,"{""name"": ""testflow"", ""artifact_id"": ""/subscriptions/4876617b-2198-4d34-8548-850ce504e7c8/resourceGroups/logic-app-rg/providers/Microsoft.Logic/workflows/testflow"", ""version"": ""08584212083077190181"", ""package"": ""default"", ""deployed_on"": ""2026-05-19T07:22:27.9030725Z"", ""deployed_by"": ""unknown"", ""runtime_node"": ""southindia"", ""status"": ""Succeeded""}",,,,,,,,,,,,,,,,,,1,,,,,,,,,,0,0,,,,,,,,,,,,,,,,,
ORBLOGICAPPS-20260602-000019,,testflow,unknown,,UNKNOWN_ERROR,AUTO_FIXED,,Fix applied and deployed successfully.,2026-06-02 16:18:00.216340,2026-06-02 16:34:25.808817,True,True,0,08584212097795789705235035001CU08,,,,,"The Logic App is deployed with a misconfigured managed identity: the ARM/Bicep template sets identity.type to ""None"" (identity removed). As a result, any trigger/action or API connection that expects a System-Assigned or User-Assigned Managed Identity cannot authenticate, leading to silent/early failures and empty error messages. The template also references a user-assigned identity via a variable but likely never attaches it to the resource's identity.userAssignedIdentities. This misconfiguration explains no runs (trigger initialization can fail) or runs with empty errors when secure inputs/outputs or insufficient diagnostics obscure details.","- Correct the identity configuration in your template and redeploy:
  - For Consumption (Microsoft.Logic/workflows):
    - System-assigned MI:
      ""identity"": { ""type"": ""SystemAssigned"" }
    - User-assigned MI (attach the resource ID variable):
      ""variables"": {
        ""userAssignedIdentityResourceId"": ""/subscriptions/{sub}/resourceGroups/{rg}/providers/Microsoft.ManagedIdentity/userAssignedIdentities/{uaiName}""
      },
      ""identity"": {
        ""type"": ""UserAssigned"",
        ""userAssignedIdentities"": {
          ""[variables('userAssignedIdentityResourceId')]"": {}
        }
      }
  - For Standard (Microsoft.Web/sites with kind including workflowapp):
    - System-assigned MI:
      ""identity"": { ""type"": ""SystemAssigned"" }
    - User-assigned MI:
      ""identity"": {
        ""type"": ""UserAssigned"",
        ""userAssignedIdentities"": {
          ""[variables('userAssignedIdentityResourceId')]"": {}
        }
      }
- Remove any ""identity"": { ""type"": ""None"" } from the resource if the workflow needs MI.
- Reconfigure API connections to use the Managed Identity (select System-assigned or the specific user-assigned identity) and re-authorize them in the portal.
- Grant the chosen identity the required RBAC/data-plane permissions (e.g., Key Vault access policies or RBAC, Storage Blob Data Contributor, Service Bus Data Sender/Receiver) on downstream resources.
- Enable diagnostics (Log Analytics/Application Insights) and temporarily disable Secure inputs/outputs on suspect actions to verify authentication succeeds; re-enable after validation.
- Re-run the workflow; if the trigger previously failed to initialize, confirm it now fires and that action-level errors (401/403) are resolved.
- If using a user-assigned identity variable, verify the variable holds the full resource ID and is correctly referenced in identity.userAssignedIdentities; do not use the identity name or client ID in place of the resource ID.",0.18,"{""summary"": ""Resolve schema and action configuration issues in the Logic App by fixing invalid/missing actions, removing unsupported properties, correcting expressions, and ensuring connections are defined. This will allow the HTTP-triggered workflow to retrieve a file, email it as an attachment, and return a proper response."", ""steps"": [{""step_number"": 1, ""title"": ""Validate and complete the workflow JSON"", ""description"": ""The provided workflow snippet is truncated and likely invalid JSON. Ensure the full definition is present and syntactically valid before making other changes."", ""sub_steps"": [""Open the Logic App in the code view."", ""Paste the full workflow definition and ensure all strings and braces are properly closed."", ""Run a JSON linter/formatter to verify there are no syntax errors.""], ""note"": ""A malformed JSON definition can surface as UNKNOWN_ERROR during deployment or run.""}, {""step_number"": 2, ""title"": ""Remove or correct the invalid Condition control"", ""description"": ""The current 'Condition' action lacks the required 'expression' and structure. If no branching is required, remove the Condition wrapper and place actions at the root. If branching is required, add a valid expression and 'actions'/'else' blocks."", ""sub_steps"": [""If no condition is needed: move 'Send_an_email_(V2)' and 'Response_success' to the top-level 'actions' object and set appropriate 'runAfter' properties."", ""If a condition is needed: add an 'expression' (e.g., \""@not(empty(triggerBody()?['fileName']))\"") and define both 'actions' and 'else' blocks.""], ""note"": ""An improperly defined control action will fail validation and execution.""}, {""step_number"": 3, ""title"": ""Add the missing 'Get_file_content_using_path' action"", ""description"": ""The workflow references 'Get_file_content_using_path' but it is not defined. Add a SharePoint 'Get file content using path' action before the email action."", ""sub_steps"": [""Insert a new action named 'Get_file_content_using_path' using the SharePoint connector."", ""Configure the connection to the correct SharePoint site."", ""Set the File Path (or equivalent property) to the normalized expression built from the trigger values: \""@{if(startsWith(replace(concat(coalesce(triggerBody()?['folderPath'], ''), '/', coalesce(triggerBody()?['fileName'], '')), '//', '/'), '/'), replace(concat(coalesce(triggerBody()?['folderPath'], ''), '/', coalesce(triggerBody()?['fileName'], '')), '//', '/'), concat('/', replace(concat(coalesce(triggerBody()?['folderPath'], ''), '/', coalesce(triggerBody()?['fileName'], '')), '//', '/')))}\"""", ""Ensure this action runs first, and set 'Send_an_email_(V2)'.runAfter to depend on its 'Succeeded' state.""], ""note"": ""Without this action, the attachment content cannot be retrieved and any reference to its output will fail.""}, {""step_number"": 4, ""title"": ""Correct the attachment content expression to avoid double-encoding"", ""description"": ""Use the base64 content returned by SharePoint directly instead of wrapping it with base64()."", ""sub_steps"": [""In 'Send_an_email_(V2)' > body > Attachments[0] > ContentBytes, replace \""@base64(body('Get_file_content_using_path'))\"" with \""@{body('Get_file_content_using_path')?['$content']}\"".""], ""note"": ""SharePoint 'Get file content using path' returns '$content' as a base64 string; re-encoding it would corrupt the attachment.""}, {""step_number"": 5, ""title"": ""Remove unsupported 'queries' from the Outlook Send Email action"", ""description"": ""The Office 365 Outlook 'Send an email (V2)' action does not support a 'queries' property. Remove it to satisfy the action schema."", ""sub_steps"": [""Delete the 'queries' object under 'Send_an_email_(V2)'."", ""Ensure only 'host', 'method', 'path', and 'body' are present for the action.""], ""note"": ""Leaving 'queries' will cause validation errors for the connector action.""}, {""step_number"": 6, ""title"": ""Set the email body content type and verify recipients"", ""description"": ""Explicitly set the body content type to HTML and validate the recipient fields."", ""sub_steps"": [""Add \""BodyContentType\"": \""HTML\"" to the 'Send_an_email_(V2)' body."", ""Verify 'To' contains a valid email string or array as required."", ""Confirm 'Subject' and 'Body' dynamic expressions (e.g., \""@{triggerBody()?['fileName']}\"") resolve as expected.""], ""note"": ""Explicit content type avoids formatting issues for HTML content.""}, {""step_number"": 7, ""title"": ""Fix the Response action schema"", ""description"": ""The Response action for a Request trigger should not include 'uri' or 'queries'. Keep only statusCode, headers (optional), and body."", ""sub_steps"": [""Remove 'uri' and 'queries' from 'Response_success'."", ""Ensure 'inputs' contains 'statusCode' and 'body' only, e.g., statusCode: 200, body: {\""status\"":\""success\"",\""message\"":\""File @{triggerBody()?['fileName']} sent successfully\""}."", ""Keep 'runAfter' so it executes after 'Send_an_email_(V2)' succeeds.""], ""note"": ""Including unsupported properties causes runtime errors for the Response action.""}, {""step_number"": 8, ""title"": ""Define required connections in parameters.$connections"", ""description"": ""Ensure the Office 365 Outlook and SharePoint connections are declared and referenced correctly."", ""sub_steps"": [""Under parameters.$connections.defaultValue, add entries for 'office365' and 'sharepointonline' (or the exact connector names as used by your environment)."", ""Provide connectionId, connectionName, and id (resource ID) for each connector."", ""Verify 'Send_an_email_(V2)'.inputs.host.connection.name points to \""@parameters('$connections')['office365']['connectionId']\""."", ""For SharePoint action, set host connection to the SharePoint connection parameter similarly.""], ""note"": ""Mismatched or missing connections will prevent the actions from authenticating and running.""}, {""step_number"": 9, ""title"": ""Add error handling and failure response"", ""description"": ""Provide a clear HTTP response when any action fails and improve diagnosability."", ""sub_steps"": [""Create a 'Response_failure' action with statusCode 500 and body including an error message and correlation ID: e.g., {\""status\"":\""failure\"",\""message\"":\""@{coalesce(actions('Send_an_email_(V2)')?['error']?['message'], 'Execution failed')}\""}."", ""Configure 'Response_failure' runAfter to trigger on failed, timedOut, or skipped for 'Get_file_content_using_path' and 'Send_an_email_(V2)'."", ""Optionally wrap core actions in a Scope and use the Scope status to drive success/failure responses.""], ""note"": ""Explicit failure handling avoids generic UNKNOWN_ERROR at the caller and provides actionable feedback.""}, {""step_number"": 10, ""title"": ""Test end-to-end with sample payloads"", ""description"": ""Verify that the workflow handles typical and edge cases."", ""sub_steps"": [""Post to the trigger URL with a valid body, e.g., {\""fileName\"":\""Report.xlsx\"",\""folderPath\"":\""Shared Documents/Reports\""}."", ""Confirm the SharePoint file is located, email is sent with the correct attachment, and a 200 response is returned."", ""Test with missing or incorrect file to ensure the failure branch returns a 500 with a useful message."", ""Check Run History for inputs, outputs, and expressions resolution.""], ""note"": ""Comprehensive testing ensures the fixes address both schema and runtime issues.""}, {""step_number"": 11, ""title"": ""Enable diagnostics and monitoring"", ""description"": ""Improve observability for ongoing reliability."", ""sub_steps"": [""Enable diagnostic logging to Log Analytics for the Logic App."", ""Add an alert rule on failed runs or action failures."", ""Consider adding tracked properties or custom logging for key identifiers (fileName, folderPath).""], ""note"": ""Monitoring helps quickly identify and resolve future issues.""}]}",,"[{""step"": ""Detected"", ""description"": ""Failure detected from Log Analytics."", ""status"": ""completed"", ""timestamp"": ""2026-06-02T11:04:18.568638+00:00""}]",,"{""name"": ""testflow"", ""artifact_id"": ""/subscriptions/4876617b-2198-4d34-8548-850ce504e7c8/resourceGroups/logic-app-rg/providers/Microsoft.Logic/workflows/testflow"", ""version"": ""08584212099090680183"", ""package"": ""default"", ""deployed_on"": ""2026-05-19T07:22:27.9030725Z"", ""deployed_by"": ""unknown"", ""runtime_node"": ""southindia"", ""status"": ""Succeeded""}",,,,,,,,,,,,,,,,,,1,,,,,,,,,,0,0,,,,,,,,,,,,,,,,,
ORBLOGICAPPS-20260602-000018,,Teams-FLOW,unknown,,UNKNOWN_ERROR,DETECTED,,,2026-06-02 15:45:58.423909,2026-06-02 15:59:30.357397,False,False,0,08584212119162413631347450482CU21,,,,,,,,,,"[{""step"": ""Detected"", ""description"": ""Failure detected from Log Analytics."", ""status"": ""completed"", ""timestamp"": ""2026-06-02T10:29:26.055743+00:00""}]",,"{""name"": ""Teams-FLOW"", ""artifact_id"": ""/subscriptions/4876617b-2198-4d34-8548-850ce504e7c8/resourceGroups/logic-app-rg/providers/Microsoft.Logic/workflows/Teams-FLOW"", ""version"": ""08584212112725252233"", ""package"": ""default"", ""deployed_on"": ""2026-05-22T11:00:38.3115644Z"", ""deployed_by"": ""unknown"", ""runtime_node"": ""southindia"", ""status"": ""Succeeded""}",,,,,,,,,,,,,,,,,,1,,,,,,,,,,0,0,,,,,,,,,,,,,,,,,
ORBLOGICAPPS-20260602-000017,,Teams-FLOW,unknown,,UNKNOWN_ERROR,DETECTED,,,2026-06-02 15:38:00.251789,2026-06-02 15:53:34.325375,False,False,0,08584212121392563172888944103CU22,,,,,,,,,,"[{""step"": ""Detected"", ""description"": ""Failure detected from Log Analytics."", ""status"": ""completed"", ""timestamp"": ""2026-06-02T10:23:28.899667+00:00""}]",,"{""name"": ""Teams-FLOW"", ""artifact_id"": ""/subscriptions/4876617b-2198-4d34-8548-850ce504e7c8/resourceGroups/logic-app-rg/providers/Microsoft.Logic/workflows/Teams-FLOW"", ""version"": ""08584212112725252233"", ""package"": ""default"", ""deployed_on"": ""2026-05-22T11:00:38.3115644Z"", ""deployed_by"": ""unknown"", ""runtime_node"": ""southindia"", ""status"": ""Succeeded""}",,,,,,,,,,,,,,,,,,1,,,,,,,,,,0,0,,,,,,,,,,,,,,,,,
ORBLOGICAPPS-20260602-000016,,gdrive-logic-app,unknown,,UNKNOWN_ERROR,AUTO_FIXED,,Fix applied and deployed successfully.,2026-06-02 15:30:44.527584,2026-06-02 15:36:14.530900,True,True,0,08584212129955553576840864357CU24,,,,,"The workflow is very likely failing because the Logic App resource was deployed with its managed identity disabled (identity.type set to ""None""). When a Logic App (Consumption or Standard) expects to use a system-assigned or user-assigned managed identity to: (a) resolve Key Vault references for API connection secrets/client credentials, (b) authenticate built-in connectors to Azure resources, or (c) access protected configuration, the runtime can’t acquire a token if identity is None. These failures frequently bubble up as empty/unknown errors in run history, especially when secure inputs/outputs are enabled. If your template defines a variable for a user-assigned identity resource ID but the Logic App’s identity block still uses type None, connection hydration and any MI-backed calls will fail. While Google Drive OAuth issues can also cause failures, the explicit identity misconfiguration should be treated as the primary root cause because it prevents secret resolution and MI-based authentication that your connections or configuration may depend on.","1) Fix the Logic App identity in your ARM/Bicep template and redeploy: Do not set identity.type to ""None"". Use one of the following based on your design: (a) System-assigned MI: ""identity"": { ""type"": ""SystemAssigned"" }; (b) User-assigned MI: ""identity"": { ""type"": ""UserAssigned"", ""userAssignedIdentities"": { ""<resourceId-of-your-UAMI>"": {} } }; (c) Both: ""identity"": { ""type"": ""SystemAssigned,UserAssigned"", ""userAssignedIdentities"": { ""<resourceId-of-your-UAMI>"": {} } }. If you store the UAMI resource ID in a template variable, ensure the variable is defined and referenced correctly (e.g., variables.myUamiId -> identity.userAssignedIdentities[variables('myUamiId')]). 2) Grant the identity proper permissions: If using Key Vault references for API connection secrets or app settings, assign the identity access to the vault (Key Vault Secrets User RBAC role or access policy with Get/List on secrets). For Azure resources accessed by built-in connectors, grant the necessary RBAC roles to the same identity. 3) Redeploy and restart: Redeploy the Logic App with the corrected identity block. After deployment, restart the Logic App (and the workflow app for Standard) so Key Vault references and connections are rehydrated. 4) Rehydrate/reauthorize connections: In API connections, verify the connections no longer show Fix connection/Unauthorized. If your Google Drive connection uses client credentials stored in Key Vault, confirm the Key Vault references now resolve; reauthorize the Google connection if prompted. 5) Validate and test: Rerun the workflow and check the first failing action’s Inputs/Outputs (Raw). If secure inputs/outputs are enabled and you need error detail for troubleshooting, temporarily disable secure inputs on the action to view the actual error, then re-enable after diagnosis. 6) If you still see unknown errors after fixing identity: Recheck that identity.type in the deployed resource matches your template, confirm the correct UAMI resource ID is used, and verify RBAC/Key Vault permissions propagation (can take a few minutes). Then revisit connector-level causes (expired Google OAuth, missing Drive items, quota/rate limits) and apply retries/backoff as needed.",0.23,"{""summary"": ""Fix for UNKNOWN_ERROR"", ""steps"": [{""step_number"": 1, ""title"": ""Review and adjust"", ""description"": ""Manual review required because automated fix generation failed."", ""sub_steps"": [""Inspect action inputs"", ""Validate payload"", ""Check API contract""], ""note"": ""No automated patch generated""}]}",,"[{""step"": ""Detected"", ""description"": ""Failure detected from Log Analytics."", ""status"": ""completed"", ""timestamp"": ""2026-06-02T10:06:09.950864+00:00""}]",,"{""name"": ""gdrive-logic-app"", ""artifact_id"": ""/subscriptions/4876617b-2198-4d34-8548-850ce504e7c8/resourceGroups/logic-app-rg/providers/Microsoft.Logic/workflows/gdrive-logic-app"", ""version"": ""08584212130154725822"", ""package"": ""default"", ""deployed_on"": ""2026-05-04T07:03:14.7409242Z"", ""deployed_by"": ""unknown"", ""runtime_node"": ""southindia"", ""status"": ""Succeeded""}",,,,,,,,,,,,,,,,,,1,,,,,,,,,,0,0,,,,,,,,,,,,,,,,,
ORBLOGICAPPS-20260602-000015,,Teams-FLOW,unknown,,UNKNOWN_ERROR,AUTO_FIXED,,Fix applied and deployed successfully.,2026-06-02 15:30:25.446946,2026-06-02 15:47:10.880868,True,True,0,08584212126307980115752727503CU29,,,,,"- The Logic App resource is deployed with its identity disabled: ""identity"": { ""type"": ""None"" }. Any action or connection configured to use a managed identity (system-assigned or user-assigned) for Microsoft Graph/Teams via HTTP, Azure Key Vault, Storage, etc., will fail to acquire a token and typically return 401/403/InvalidAuthenticationToken.
- If your ARM/Bicep template defines a variable for a user-assigned identity resource ID but you don't populate identity.userAssignedIdentities with that value, the binding to the identity is broken and authentication will fail.
- This misconfiguration can look like generic connector issues in run history. Before troubleshooting IDs/throttling/triggers, verify the resource's identity configuration and align it with the authentication model your workflow expects.","- Pick one authentication model and align the deployment and actions accordingly.

1) If you need Managed Identity:
- Enable managed identity on the Logic App resource.
  ARM (system-assigned):
  ""identity"": { ""type"": ""SystemAssigned"" }
  ARM (user-assigned using a variable for the identity resource ID):
  ""variables"": { ""userAssignedIdentityResourceId"": ""[resourceId('Microsoft.ManagedIdentity/userAssignedIdentities','<uaiName>')]"" }
  ""identity"": {
    ""type"": ""UserAssigned"",
    ""userAssignedIdentities"": {
      ""[variables('userAssignedIdentityResourceId')]"": {}
    }
  }
  ARM (both):
  ""identity"": {
    ""type"": ""SystemAssigned,UserAssigned"",
    ""userAssignedIdentities"": { ""[variables('userAssignedIdentityResourceId')]"": {} }
  }
- Update actions/connections to use MI:
  - HTTP/Graph actions: set Authentication.type = ""ManagedServiceIdentity"" and set Audience/resource = ""https://graph.microsoft.com"" (or the target resource).
  - For any managed connector that supports MI (e.g., Key Vault, Storage, Service Bus), switch its authentication to Managed Identity; if using a user-assigned identity, specify its resourceId where supported.
- Grant required permissions:
  - For Microsoft Graph, assign the managed identity the necessary application permissions and grant admin consent (or use delegated auth if the specific API only supports delegated permissions).
  - For Azure resources, assign appropriate RBAC roles (e.g., Key Vault Secrets User, Storage Blob Data Contributor).
- Redeploy, Save the workflow, re-open the designer to refresh connections, and resubmit a failed run.

2) If you do not use Managed Identity:
- Keeping ""identity"": { ""type"": ""None"" } is acceptable, but ensure all actions use user/delegated connections. Reauthorize the Teams connection, confirm the account is licensed and has access to the target Team/Channel, and retest.

- Regardless of the model, validate Team/Channel IDs, handle throttling with exponential retries, ensure triggers are enabled, and use run history to confirm the exact error code/message before and after changes.",0.2,"{""summary"": ""Fix for UNKNOWN_ERROR"", ""steps"": [{""step_number"": 1, ""title"": ""Review and adjust"", ""description"": ""Manual review required because automated fix generation failed."", ""sub_steps"": [""Inspect action inputs"", ""Validate payload"", ""Check API contract""], ""note"": ""No automated patch generated""}]}",,"[{""step"": ""Detected"", ""description"": ""Failure detected from Log Analytics."", ""status"": ""completed"", ""timestamp"": ""2026-06-02T10:17:06.308403+00:00""}]",,"{""name"": ""Teams-FLOW"", ""artifact_id"": ""/subscriptions/4876617b-2198-4d34-8548-850ce504e7c8/resourceGroups/logic-app-rg/providers/Microsoft.Logic/workflows/Teams-FLOW"", ""version"": ""08584212126919888865"", ""package"": ""default"", ""deployed_on"": ""2026-05-22T11:00:38.3115644Z"", ""deployed_by"": ""unknown"", ""runtime_node"": ""southindia"", ""status"": ""Succeeded""}",,,,,,,,,,,,,,,,,,1,,,,,,,,,,0,0,,,,,,,,,,,,,,,,,
ORBLOGICAPPS-20260602-000014,,testflow,unknown,,UNKNOWN_ERROR,AUTO_FIXED,,Fix applied and deployed successfully.,2026-06-02 15:30:05.110948,2026-06-02 15:45:04.260546,True,True,0,08584212127965085204303636093CU19,,,,,"The failure with error code ""unknown"" is most likely caused by a managed identity misconfiguration introduced by your deployment template. The snippet indicates the workflow/app resource has identity.type set to ""None"", which removes the managed identity. If your actions or API connections are configured to use Managed Identity (for Azure Resource Manager, Key Vault, Storage, HTTP with MSI, or calling child workflows), token acquisition will fail and many connectors surface this as an unhandled/unknown error rather than a clear 401/403. Another common variant is referencing a user-assigned identity in a template variable but not actually attaching that identity under identity.userAssignedIdentities on the Logic App resource or not updating the connections to use that identity. Missing RBAC/Key Vault access policies after switching identities can compound the issue, producing auth failures that appear as aborted/timed-out/unknown in run history.","1) Restore a valid managed identity on the Logic App resource (do not leave identity.type = ""None""): choose either System Assigned (set identity.type = ""SystemAssigned"") or User Assigned (set identity.type = ""UserAssigned"" and include the correct userAssignedIdentities map). If you reference the user-assigned identity via a variable, ensure the variable resolves to the exact resource ID and that it is applied under identity.userAssignedIdentities.
2) Redeploy the Logic App resource after correcting identity, then restart the app (for Standard) to ensure the host picks up the new identity.
3) Rebind/reauthorize connections to use the restored identity: in API connections, select Authentication = Managed identity and choose System-assigned or the specific user-assigned identity. For Logic Apps Standard, update connections.json to use ManagedServiceIdentity auth and redeploy; remove stale connections and Save the workflows to force refresh.
4) Grant the identity the required permissions on target services: assign appropriate RBAC roles (e.g., Reader/Contributor or resource-specific roles; Storage Blob Data Contributor for Storage; Logic App Workflow Contributor if calling child workflows) and, for Key Vault, configure RBAC or access policies and allow network access if KV uses firewall/private endpoints. Wait for role propagation.
5) Validate networking if private endpoints/VNET are used so the identity-backed calls can reach service endpoints and obtain tokens (DNS resolution, NSG, firewall rules).
6) Re-run and verify: open the run history and check the first failing action’s Inputs/Outputs. If you still see generic failures, add a quick HTTP action using Managed Identity to call https://management.azure.com with scope https://management.azure.com/.default to confirm MSI token issuance, and check Application Insights/Log Stream for MSI or 401/403 errors.
7) Harden for future deployments: avoid setting identity.type = ""None"" unless intentionally removing identity; protect the identity block from being overwritten by pipeline variables; ensure child/parent workflows and their connections consistently use the same identity and that role assignments exist for that identity.
8) Add resilience/observability: set retries on connector/HTTP actions, wrap critical steps in Scopes with Configure run after to capture Failed/TimedOut, and emit a clear failure payload (Terminate/notification) including correlation IDs so issues don’t appear as ""unknown"".",0.19,"{""summary"": ""Fix for UNKNOWN_ERROR"", ""steps"": [{""step_number"": 1, ""title"": ""Review and adjust"", ""description"": ""Manual review required because automated fix generation failed."", ""sub_steps"": [""Inspect action inputs"", ""Validate payload"", ""Check API contract""], ""note"": ""No automated patch generated""}]}",,"[{""step"": ""Detected"", ""description"": ""Failure detected from Log Analytics."", ""status"": ""completed"", ""timestamp"": ""2026-06-02T10:14:58.399376+00:00""}]",,"{""name"": ""testflow"", ""artifact_id"": ""/subscriptions/4876617b-2198-4d34-8548-850ce504e7c8/resourceGroups/logic-app-rg/providers/Microsoft.Logic/workflows/testflow"", ""version"": ""08584212128097611814"", ""package"": ""default"", ""deployed_on"": ""2026-05-19T07:22:27.9030725Z"", ""deployed_by"": ""unknown"", ""runtime_node"": ""southindia"", ""status"": ""Succeeded""}",,,,,,,,,,,,,,,,,,1,,,,,,,,,,0,0,,,,,,,,,,,,,,,,,
ORBLOGICAPPS-20260602-000013,,gdrive-logic-app,unknown,,UNKNOWN_ERROR,FIX_FAILED,,No applicable fix changes generated,2026-06-02 15:09:19.575606,2026-06-02 15:09:25.019761,True,False,0,08584212143835462412985214064CU05,,,,,"The Logic App resource was deployed with identity set to None (identity.type = ""None"") while the template also references a user-assigned identity via a variable that points to its resource ID. This mismatch disables the app’s managed identity, so any workflow action or connection that relies on MI (for example Key Vault references for connection secrets, secure inputs/outputs, private endpoint locked data plane, or connections configured with managed identity) cannot authenticate. In these cases the runtime often surfaces an 'unknown' failure with an empty error payload, which matches the observed symptom. Even if the Google Drive connector itself uses OAuth, if the connection secrets or configuration are sourced via Key Vault/MI or the workflow is secured to require MI, the disabled identity causes the opaque failure.","Align the identity configuration with how the workflow and connections are secured: 1) If you intend to use a user-assigned identity, change the Logic App (Consumption: Microsoft.Logic/workflows; Standard: Microsoft.Web/sites) identity to UserAssigned and include the UAI resource ID: identity: { ""type"": ""UserAssigned"", ""userAssignedIdentities"": { ""[variables('userAssignedIdentityResourceId')]"": {} } }. Ensure the variables section correctly defines the full resource ID of the UAI and add dependsOn for the UAI resource. 2) Grant the UAI required access: - If using Key Vault references (app settings or connection secrets), assign Key Vault Secrets User (or appropriate policy) to the UAI. - Grant any needed RBAC on downstream resources your actions access. 3) Redeploy/update the resource and restart the Logic App (Standard: restart the site) so the identity takes effect. 4) Reopen API connections: - If they were configured to use managed identity or Key Vault references, revalidate after identity is enabled. - For Google Drive, if using plain OAuth, either continue with OAuth or remove MI/Key Vault references from that connection; do not set identity to None if any part of the workflow requires MI. 5) Re-run and confirm: Check the failed run’s Raw outputs and platform logs (Diagnostics/Log Analytics for Consumption, App Insights/App Service logs for Standard) to verify the authentication succeeds and the 'unknown' error is gone.",0.35,"{""summary"": ""The workflow likely fails with UNKNOWN_ERROR due to an invalid/malformed definition and several misconfigurations: the Condition action lacks a required type/expression, the Response action includes an unsupported uri property, the JSON appears truncated (incomplete else branch), incorrect expressions are used for attachment Name and ContentBytes, and the Google Drive file path concatenation may be incorrect. The plan below guides you to fix definition validity, conditional logic, connector mappings, and error handling."", ""steps"": [{""step_number"": 1, ""title"": ""Repair malformed / incomplete workflow JSON"", ""description"": ""Ensure the workflow definition is valid JSON and the else branch is fully defined. The provided snippet appears truncated and will produce validation/runtime errors."", ""sub_steps"": [""Open the Logic App in Code View and copy the full definition into a JSON validator/formatter."", ""Complete the else.actions.Response_failure body with a fully closed message (e.g., \""Only .xls and .xlsx files are allowed\"") and close all brackets/quotes."", ""Verify that every action node has required properties and that the overall document closes properly.""], ""note"": ""Malformed JSON is a common cause of opaque 'Unknown error' responses. Fixing syntax must come first.""}, {""step_number"": 2, ""title"": ""Convert 'Condition' container into a valid If action"", ""description"": ""The current 'Condition' action is missing a type and expression. It must be an If with a boolean expression to validate the file type before proceeding."", ""sub_steps"": [""Set the action type to If: \""type\"": \""If\""."", ""Add an expression that allows only Excel files, for example: \""expression\"": \""@or(endswith(triggerBody()?['fileName'], '.xls'), endswith(triggerBody()?['fileName'], '.xlsx'))\""."", ""Keep the existing success path actions (Get_file_content_using_path, Send_an_email_(V2), Response_success) under the If.actions branch."", ""Keep the else.actions with Response_failure and ensure the error message reads clearly (e.g., code: ERR_INVALID_FILE_TYPE, message: \""Only .xls and .xlsx files are allowed\"").""], ""note"": ""Without a valid If type and expression, the designer/runtime cannot evaluate the branch, causing definition validation failures.""}, {""step_number"": 3, ""title"": ""Fix Response actions (remove unsupported 'uri' and set headers/body)"", ""description"": ""The built-in Response action does not support a 'uri' property. Provide only statusCode, body, and optional headers."", ""sub_steps"": [""In Response_success, remove the \""uri\"" property."", ""Optionally add \""headers\"": { \""Content-Type\"": \""application/json\"" } to both Response_success and Response_failure."", ""Ensure the success body interpolates the fileName correctly, e.g., {\""status\"":\""success\"",\""message\"":\""File @{triggerBody()?['fileName']} sent successfully\""}."", ""Ensure Response_success runAfter depends on Send_an_email_(V2) = Succeeded.""], ""note"": ""Including unsupported properties can cause runtime or validation errors even if the rest of the action looks correct.""}, {""step_number"": 4, ""title"": ""Build a correct Google Drive file path"", ""description"": ""Concatenate folderPath and fileName safely to avoid missing/double slashes and ensure the connector receives a valid path."", ""sub_steps"": [""Replace the current queries.path with a conditional concat that guarantees a single slash separator, for example:"", ""path = \""@{if(endsWith(triggerBody()?['folderPath'], '/'), concat(triggerBody()?['folderPath'], triggerBody()?['fileName']), concat(triggerBody()?['folderPath'], '/', triggerBody()?['fileName']))}\"""", ""Confirm the action path remains the same (\""/datasets/default/GetFileContentByPath\"") for the Google Drive connector you are using; adjust if your connector version expects a different operation path or parameter name."", ""Keep inferContentType and queryParametersSingleEncoded as needed by the connector (or remove them if the swagger for your connector does not define them).""], ""note"": ""A malformed path is a common cause of 404/not found or connector-level failures that can bubble up as unknown errors.""}, {""step_number"": 5, ""title"": ""Map file content correctly for the email attachment"", ""description"": ""Use the correct output from the file content action. Do not double-base64 the content."", ""sub_steps"": [""Change Attachments[0].ContentBytes from \""@base64(body('Get_file_content_using_path'))\"" to \""@{body('Get_file_content_using_path')?['$content']}\""."", ""Verify that the Google Drive action returns a body with a \""$content\"" field; most file-content actions do. If it returns raw binary body, use \""@{body('Get_file_content_using_path')}\"" without base64()."", ""Ensure the email body HTML is valid and does not include unescaped expressions.""], ""note"": ""Outlook's ContentBytes expects a base64 string of the file content. Using base64() around an already base64-encoded body leads to invalid attachments.""}, {""step_number"": 6, ""title"": ""Fix attachment Name and other expressions"", ""description"": ""Ensure expressions are wrapped correctly and not treated as literal strings."", ""sub_steps"": [""Update Attachments[0].Name from \""@triggerBody()?['fileName']\"" to \""@{triggerBody()?['fileName']}\""."", ""Keep Subject as \""Excel File - @{triggerBody()?['fileName']}\"" or set as an expression value if preferred."", ""Optionally ensure the Name includes the correct extension and matches what is retrieved from Google Drive.""], ""note"": ""Expressions must be inside @{...} to be evaluated; otherwise they are treated as literal text.""}, {""step_number"": 7, ""title"": ""Harden runAfter and failure routing"", ""description"": ""Ensure failures move to a clear response path and do not leave the run in an indeterminate state."", ""sub_steps"": [""In the If.actions branch, keep Send_an_email_(V2) runAfter: Get_file_content_using_path = Succeeded."", ""Add a separate action (e.g., Response_failure or Terminate) that runs after Get_file_content_using_path = Failed, Skipped, TimedOut with a meaningful error body (e.g., code: ERR_FILE_READ_FAILED)."", ""Ensure the top-level Response_success only runs after Send_an_email_(V2) = Succeeded."", ""Ensure the else.Response_failure also handles invalid inputs without attempting file retrieval.""], ""note"": ""Explicit runAfters prevent silent failures and make run history easier to interpret.""}, {""step_number"": 8, ""title"": ""Verify and bind connection references"", ""description"": ""Confirm that the $connections parameter contains valid connection references for googledrive and office365."", ""sub_steps"": [""In the Logic App resource, open Parameters and ensure $connections.value has entries for 'googledrive' and 'office365' with valid connectionId, connectionName, and id (managed API)."", ""Re-authenticate connectors if prompted, and run a manual test to confirm both connectors can access the resources (Google Drive file and Outlook mailbox)."", ""If using a different connector (e.g., OneDrive), update the host.connection and action path accordingly.""], ""note"": ""Missing or stale connection references often manifest as runtime errors unrelated to your logic.""}, {""step_number"": 9, ""title"": ""Test end-to-end with sample payloads"", ""description"": ""Validate success and failure paths to ensure the Logic App responds deterministically."", ""sub_steps"": [""POST a valid payload to the trigger such as {\""fileName\"":\""report.xlsx\"",\""folderPath\"":\""/Shared/Reports\""} and confirm a 200 response with the success message."", ""Test with an invalid file type (e.g., \""report.pdf\"") and confirm a 400 response with ERR_INVALID_FILE_TYPE."", ""Test with a non-existent file to verify the failure routing from Get_file_content_using_path returns a clear 4xx/5xx response."", ""Review run history inputs/outputs to confirm attachment bytes and email delivery.""], ""note"": ""Capture run history details to quickly spot any remaining mapping issues (e.g., missing $content, wrong path).""}]}",,"[{""step"": ""Detected"", ""description"": ""CPI error detected and incident created."", ""status"": ""completed"", ""timestamp"": ""2026-06-02T09:39:16.554758+00:00""}]",,"{""name"": ""gdrive-logic-app"", ""artifact_id"": ""/subscriptions/4876617b-2198-4d34-8548-850ce504e7c8/resourceGroups/logic-app-rg/providers/Microsoft.Logic/workflows/gdrive-logic-app"", ""version"": ""08584212137715161663"", ""package"": ""default"", ""deployed_on"": ""2026-05-04T07:03:14.7409242Z"", ""deployed_by"": ""unknown"", ""runtime_node"": ""southindia"", ""status"": ""Succeeded""}",,,,,,,,,,,,,,,,,,1,,,,,,,,,,0,0,,,,,,,,,,,,,,,,,
ORBLOGICAPPS-20260602-000012,,testflow,unknown,,UNKNOWN_ERROR,SKIPPED,,,2026-06-02 15:08:57.774488,2026-06-02 15:09:02.981144,True,False,0,08584212145268179947402698766CU17,,,,,,,,,,"[{""step"": ""Detected"", ""description"": ""CPI error detected and incident created."", ""status"": ""completed"", ""timestamp"": ""2026-06-02T09:38:54.662801+00:00""}]",,"{""name"": ""testflow"", ""artifact_id"": ""/subscriptions/4876617b-2198-4d34-8548-850ce504e7c8/resourceGroups/logic-app-rg/providers/Microsoft.Logic/workflows/testflow"", ""version"": ""08584212140717057173"", ""package"": ""default"", ""deployed_on"": ""2026-05-19T07:22:27.9030725Z"", ""deployed_by"": ""unknown"", ""runtime_node"": ""southindia"", ""status"": ""Succeeded""}",,,,,,,,,,,,,,,,,,1,,,,,,,,,,0,0,,,,,,,,,,,,,,,,,
ORBLOGICAPPS-20260602-000011,,gdrive-logic-app,unknown,,UNKNOWN_ERROR,AUTO_FIXED,Null or invalid file path input,,2026-06-02 15:07:10.087530,2026-06-02 15:08:40.640860,True,True,0,08584212149464736074957255150CU31,,,,,,,,,,"[{""step"": ""Detected"", ""description"": ""CPI error detected and incident created."", ""status"": ""completed"", ""timestamp"": ""2026-06-02T09:37:06.972708+00:00""}]",,"{""name"": ""gdrive-logic-app"", ""artifact_id"": ""/subscriptions/4876617b-2198-4d34-8548-850ce504e7c8/resourceGroups/logic-app-rg/providers/Microsoft.Logic/workflows/gdrive-logic-app"", ""version"": ""08584212138957259021"", ""package"": ""default"", ""deployed_on"": ""2026-05-04T07:03:14.7409242Z"", ""deployed_by"": ""unknown"", ""runtime_node"": ""southindia"", ""status"": ""Succeeded""}",,,,,,,,,,,,,,,,,,1,,,,,,,,,,0,0,,,,,,,,,,,,,,,,,
ORBLOGICAPPS-20260602-000008,,Teams-FLOW,unknown,,UNKNOWN_ERROR,SKIPPED,,,2026-06-02 15:06:47.887837,2026-06-02 15:06:53.246916,True,False,0,08584212151965150513982013323CU22,,,,,,,,,,"[{""step"": ""Detected"", ""description"": ""CPI error detected and incident created."", ""status"": ""completed"", ""timestamp"": ""2026-06-02T09:36:46.402091+00:00""}]",,"{""name"": ""Teams-FLOW"", ""artifact_id"": ""/subscriptions/4876617b-2198-4d34-8548-850ce504e7c8/resourceGroups/logic-app-rg/providers/Microsoft.Logic/workflows/Teams-FLOW"", ""version"": ""08584212139941804607"", ""package"": ""default"", ""deployed_on"": ""2026-05-22T11:00:38.3115644Z"", ""deployed_by"": ""unknown"", ""runtime_node"": ""southindia"", ""status"": ""Succeeded""}",,,,,,,,,,,,,,,,,,1,,,,,,,,,,0,0,,,,,,,,,,,,,,,,,
ORBLOGICAPPS-20260602-000007,,gdrive-logic-app,unknown,,UNKNOWN_ERROR,AUTO_FIXED,Empty or invalid file path input,,2026-06-02 15:05:09.965221,2026-06-02 15:06:33.270391,True,True,0,08584212153269967760762302170CU11,,,,,,,,,,"[{""step"": ""Detected"", ""description"": ""CPI error detected and incident created."", ""status"": ""completed"", ""timestamp"": ""2026-06-02T09:35:08.404065+00:00""}]",,"{""name"": ""gdrive-logic-app"", ""artifact_id"": ""/subscriptions/4876617b-2198-4d34-8548-850ce504e7c8/resourceGroups/logic-app-rg/providers/Microsoft.Logic/workflows/gdrive-logic-app"", ""version"": ""08584212149021287713"", ""package"": ""default"", ""deployed_on"": ""2026-05-04T07:03:14.7409242Z"", ""deployed_by"": ""unknown"", ""runtime_node"": ""southindia"", ""status"": ""Succeeded""}",,,,,,,,,,,,,,,,,,1,,,,,,,,,,0,0,,,,,,,,,,,,,,,,,
ORBLOGICAPPS-20260602-000010,,Teams-FLOW,unknown,,UNKNOWN_ERROR,AUTO_FIXED,Invalid HTTP method in action configuration,,2026-06-02 15:03:53.818041,2026-06-02 15:04:54.985647,True,True,0,08584212144029594539215046783CU08,,,,,,,,,,"[{""step"": ""Detected"", ""description"": ""CPI error detected and incident created."", ""status"": ""completed"", ""timestamp"": ""2026-06-02T09:33:50.795906+00:00""}]",,"{""name"": ""Teams-FLOW"", ""artifact_id"": ""/subscriptions/4876617b-2198-4d34-8548-850ce504e7c8/resourceGroups/logic-app-rg/providers/Microsoft.Logic/workflows/Teams-FLOW"", ""version"": ""08584212144710104484"", ""package"": ""default"", ""deployed_on"": ""2026-05-22T11:00:38.3115644Z"", ""deployed_by"": ""unknown"", ""runtime_node"": ""southindia"", ""status"": ""Succeeded""}",,,,,,,,,,,,,,,,,,1,,,,,,,,,,0,0,,,,,,,,,,,,,,,,,
ORBLOGICAPPS-20260602-000009,,testflow,unknown,,UNKNOWN_ERROR,AUTO_FIXED,All dependent actions failed/skipped,,2026-06-02 15:01:57.912351,2026-06-02 15:03:37.304347,True,True,0,08584212152444508379225747355CU03,,,,,,,,,,"[{""step"": ""Detected"", ""description"": ""CPI error detected and incident created."", ""status"": ""completed"", ""timestamp"": ""2026-06-02T09:31:56.409430+00:00""}]",,"{""name"": ""testflow"", ""artifact_id"": ""/subscriptions/4876617b-2198-4d34-8548-850ce504e7c8/resourceGroups/logic-app-rg/providers/Microsoft.Logic/workflows/testflow"", ""version"": ""08584212145580062273"", ""package"": ""default"", ""deployed_on"": ""2026-05-19T07:22:27.9030725Z"", ""deployed_by"": ""unknown"", ""runtime_node"": ""southindia"", ""status"": ""Succeeded""}",,,,,,,,,,,,,,,,,,1,,,,,,,,,,0,0,,,,,,,,,,,,,,,,,
