INCIDENT_ID,SUBSCRIPTION_ID,WORKFLOW_NAME,ERROR_CODE,ERROR_MESSAGE,ERROR_CATEGORY,STATUS,RCA_ROOT_CAUSE,FIX_STRATEGY,CREATED_AT,UPDATED_AT,AUTO_FIX_ATTEMPTED,AUTO_FIX_SUCCESS,RETRY_COUNT,RUN_ID,RESOURCE_ID,EVENT_TIME,INGESTED_AT,ERROR_TYPE,AI_DIAGNOSIS,AI_PROPOSED_FIX,AI_CONFIDENCE,AI_FIX_PATCH,FIELD_CHANGES,HISTORY_ENTRIES,PROPERTIES_JSON,ARTIFACT_JSON,ERROR_DETAILS_JSON,MESSAGE_GUID,IFLOW_ID,SENDER,RECEIVER,ROOT_CAUSE,PROPOSED_FIX,RCA_CONFIDENCE,AFFECTED_COMPONENT,FIX_SUMMARY,COMMENT,CORRELATION_ID,LOG_START,LOG_END,RESOLVED_AT,TAGS,INCIDENT_GROUP_KEY,OCCURRENCE_COUNT,LAST_SEEN,VERIFICATION_STATUS,SOURCE_TYPE,FIX_STEPS,FIX_PLAN_GENERATED_AT,LAST_FAILED_STAGE,IFLOW_SNAPSHOT_BEFORE,PENDING_SINCE,TICKET_ID,CONSECUTIVE_FAILURES,AUTO_ESCALATED,INTEGRATION_FLOW_NAME,ARTIFACT_ID,designtime_artifact_id,property_to_change,current_value,correct_value,rca_fixes_json,DESIGNTIME_ARTIFACT_ID,PROPERTY_TO_CHANGE,CURRENT_VALUE,CORRECT_VALUE,RCA_FIXES_JSON
08584234550378882107396986370CU04,4876617b-2198-4d34-8548-850ce504e7c8,ERROR-FLOW,InvalidTemplate,Unable to process template language expressions in action 'Compose' inputs at line '0' and column '0': 'The template language function 'div' expects its second parameter to be an integer or a decimal number. The provided value is of type 'Null'. Please see https://aka.ms/logicexpressions#div for usage details.'.,NULL_REFERENCE_ERROR,Fix Attempted,,,2026-05-07 16:58:00.002572,2026-05-07 16:58:00.002572,True,False,0,,,,2026-05-07 11:30:11.229000,,"The Compose action's div() expression evaluated a null/non-numeric denominator because the referenced dynamic output/variable wasn't produced or was empty, so the template engine rejected the expression (expression references must exist and be numeric).",Apply fix: attempted,0.95,,,,,,,,,,,,,,,,,,,,,,,1,,,,,,,,,,0,0,,,,,,,,,,,,
08584234547645356614859235911CU01,4876617b-2198-4d34-8548-850ce504e7c8,DataType-FLOW,ActionFailed,An action failed. No dependent actions succeeded.,UNKNOWN_ERROR,Ticket Created,,,2026-05-07 16:58:00.002572,2026-05-07 16:58:00.002572,False,False,0,,,,2026-05-07 11:30:29.199000,,,,,,,,,,,,,,,,,,,,,,,,,,,1,,,,,,,,,,0,0,,,,,,,,,,,,
08584234550401904899104568952CU23,4876617b-2198-4d34-8548-850ce504e7c8,gdrive-logic-app,ActionFailed,An action failed. No dependent actions succeeded.,UNKNOWN_ERROR,Ticket Created,,,2026-05-07 16:58:00.002572,2026-05-07 16:58:00.002572,False,False,0,,,,2026-05-07 11:30:08.471000,,,,,,,,,,,,,,,,,,,,,,,,,,,1,,,,,,,,,,0,0,,,,,,,,,,,,
08584234606305983325890760277CU16,4876617b-2198-4d34-8548-850ce504e7c8,gdrive-logic-app,ActionFailed,An action failed. No dependent actions succeeded.,UNKNOWN_ERROR,Ticket Created,,,2026-05-07 16:58:00.002572,2026-05-07 16:58:00.002572,False,False,0,,,,2026-05-07 11:29:50.543000,,,,,,,,,,,,,,,,,,,,,,,,,,,1,,,,,,,,,,0,0,,,,,,,,,,,,
08584234612578061184728805804CU20,4876617b-2198-4d34-8548-850ce504e7c8,gdrive-logic-app,ActionFailed,An action failed. No dependent actions succeeded.,UNKNOWN_ERROR,Ticket Created,,,2026-05-07 16:58:00.002572,2026-05-07 16:58:00.002572,False,False,0,,,,2026-05-07 11:28:00.315000,,,,,,,,,,,,,,,,,,,,,,,,,,,1,,,,,,,,,,0,0,,,,,,,,,,,,
08584236497072928925924145474CU15,4876617b-2198-4d34-8548-850ce504e7c8,gdrive-logic-app,InvalidTemplate,Unable to process template language expressions for action 'Condition' at line '0' and column '0': 'The template language function 'endsWith' expects its first parameter to be of type string. The provided value is of type 'Null'. Please see https://aka.ms/logicexpressions#endswith for usage details.'.,NULL_REFERENCE_ERROR,Ticket Created,,,2026-05-07 12:07:20.349848,2026-05-07 12:07:20.349848,False,False,0,,,,2026-05-07 07:01:00.979000,,,,,,,,,,,,,,,,,,,,,,,,,,,1,,,,,,,,,,0,0,,,,,,,,,,,,
08584236501711156048869504003CU21,4876617b-2198-4d34-8548-850ce504e7c8,gdrive-logic-app,ActionFailed,An action failed. No dependent actions succeeded.,UNKNOWN_ERROR,Ticket Created,,,2026-05-07 12:07:20.349848,2026-05-07 12:07:20.349848,False,False,0,,,,2026-05-07 07:01:00.979000,,,,,,,,,,,,,,,,,,,,,,,,,,,1,,,,,,,,,,0,0,,,,,,,,,,,,
08584236500557939183387841102CU17,4876617b-2198-4d34-8548-850ce504e7c8,gdrive-logic-app,InvalidTemplate,Unable to process template language expressions for action 'Condition' at line '0' and column '0': 'The template language function 'endsWith' expects its first parameter to be of type string. The provided value is of type 'Null'. Please see https://aka.ms/logicexpressions#endswith for usage details.'.,NULL_REFERENCE_ERROR,Ticket Created,,,2026-05-07 12:07:20.349848,2026-05-07 12:07:20.349848,False,False,0,,,,2026-05-07 07:01:00.979000,,,,,,,,,,,,,,,,,,,,,,,,,,,1,,,,,,,,,,0,0,,,,,,,,,,,,
08584236495811817500476447733CU20,4876617b-2198-4d34-8548-850ce504e7c8,ERROR-FLOW,ActionFailed,An action failed. No dependent actions succeeded.,UNKNOWN_ERROR,Fix Attempted,unknown,attempted,2026-05-07 12:07:20.349848,2026-05-07 12:07:20.349848,True,False,0,,,,2026-05-07 07:01:00.979000,,,,,,,,,,,,,,,,,,,,,,,,,,,1,,,,,,,,,,0,0,,,,,,,,,,,,
08584236502279852535015566213CU31,4876617b-2198-4d34-8548-850ce504e7c8,gdrive-logic-app,ActionFailed,An action failed. No dependent actions succeeded.,UNKNOWN_ERROR,Ticket Created,,,2026-05-07 12:07:20.349848,2026-05-07 12:07:20.349848,False,False,0,,,,2026-05-07 07:01:00.979000,,,,,,,,,,,,,,,,,,,,,,,,,,,1,,,,,,,,,,0,0,,,,,,,,,,,,
08584236502366603791491460247CU07,4876617b-2198-4d34-8548-850ce504e7c8,gdrive-logic-app,InvalidTemplate,Unable to process template language expressions for action 'Condition' at line '0' and column '0': 'The template language function 'endsWith' expects its first parameter to be of type string. The provided value is of type 'Null'. Please see https://aka.ms/logicexpressions#endswith for usage details.'.,NULL_REFERENCE_ERROR,Ticket Created,,,2026-05-07 12:07:20.349848,2026-05-07 12:07:20.349848,False,False,0,,,,2026-05-07 07:01:00.979000,,,,,,,,,,,,,,,,,,,,,,,,,,,1,,,,,,,,,,0,0,,,,,,,,,,,,
08584236502104831834848414111CU23,4876617b-2198-4d34-8548-850ce504e7c8,gdrive-logic-app,InvalidTemplate,Unable to process template language expressions for action 'Condition' at line '0' and column '0': 'The template language function 'endsWith' expects its first parameter to be of type string. The provided value is of type 'Null'. Please see https://aka.ms/logicexpressions#endswith for usage details.'.,NULL_REFERENCE_ERROR,Ticket Created,,,2026-05-07 12:07:20.349848,2026-05-07 12:07:20.349848,False,False,0,,,,2026-05-07 07:01:00.979000,,,,,,,,,,,,,,,,,,,,,,,,,,,1,,,,,,,,,,0,0,,,,,,,,,,,,
08584236501935901239082015661CU02,4876617b-2198-4d34-8548-850ce504e7c8,gdrive-logic-app,InvalidTemplate,Unable to process template language expressions for action 'Condition' at line '0' and column '0': 'The template language function 'endsWith' expects its first parameter to be of type string. The provided value is of type 'Null'. Please see https://aka.ms/logicexpressions#endswith for usage details.'.,NULL_REFERENCE_ERROR,Ticket Created,,,2026-05-07 12:07:20.349848,2026-05-07 12:07:20.349848,False,False,0,,,,2026-05-07 07:01:00.979000,,,,,,,,,,,,,,,,,,,,,,,,,,,1,,,,,,,,,,0,0,,,,,,,,,,,,
08584236501066347510990390405CU07,4876617b-2198-4d34-8548-850ce504e7c8,gdrive-logic-app,InvalidTemplate,Unable to process template language expressions for action 'Condition' at line '0' and column '0': 'The template language function 'endsWith' expects its first parameter to be of type string. The provided value is of type 'Null'. Please see https://aka.ms/logicexpressions#endswith for usage details.'.,NULL_REFERENCE_ERROR,Ticket Created,,,2026-05-07 12:07:20.349848,2026-05-07 12:07:20.349848,False,False,0,,,,2026-05-07 07:01:00.979000,,,,,,,,,,,,,,,,,,,,,,,,,,,1,,,,,,,,,,0,0,,,,,,,,,,,,
08584236501593714188341775438CU09,4876617b-2198-4d34-8548-850ce504e7c8,gdrive-logic-app,ActionFailed,An action failed. No dependent actions succeeded.,UNKNOWN_ERROR,Ticket Created,,,2026-05-07 12:07:20.349848,2026-05-07 12:07:20.349848,False,False,0,,,,2026-05-07 07:01:00.979000,,,,,,,,,,,,,,,,,,,,,,,,,,,1,,,,,,,,,,0,0,,,,,,,,,,,,
08584236501471302633530899011CU29,4876617b-2198-4d34-8548-850ce504e7c8,gdrive-logic-app,ActionFailed,An action failed. No dependent actions succeeded.,UNKNOWN_ERROR,Ticket Created,,,2026-05-07 12:07:20.349848,2026-05-07 12:07:20.349848,False,False,0,,,,2026-05-07 07:01:00.979000,,,,,,,,,,,,,,,,,,,,,,,,,,,1,,,,,,,,,,0,0,,,,,,,,,,,,
08584236501187033009010373922CU17,4876617b-2198-4d34-8548-850ce504e7c8,gdrive-logic-app,ActionFailed,An action failed. No dependent actions succeeded.,UNKNOWN_ERROR,Ticket Created,,,2026-05-07 12:07:20.349848,2026-05-07 12:07:20.349848,False,False,0,,,,2026-05-07 07:01:00.979000,,,,,,,,,,,,,,,,,,,,,,,,,,,1,,,,,,,,,,0,0,,,,,,,,,,,,
08584236501308399233573330943CU07,4876617b-2198-4d34-8548-850ce504e7c8,gdrive-logic-app,ActionFailed,An action failed. No dependent actions succeeded.,UNKNOWN_ERROR,Ticket Created,,,2026-05-07 12:07:20.349848,2026-05-07 12:07:20.349848,False,False,0,,,,2026-05-07 07:01:00.979000,,,,,,,,,,,,,,,,,,,,,,,,,,,1,,,,,,,,,,0,0,,,,,,,,,,,,
08584236500468173416440486408CU01,4876617b-2198-4d34-8548-850ce504e7c8,ERROR-FLOW,ActionFailed,An action failed. No dependent actions succeeded.,UNKNOWN_ERROR,Ticket Created,,,2026-05-07 12:07:20.349848,2026-05-07 12:07:20.349848,False,False,0,,,,2026-05-07 07:01:00.979000,,,,,,,,,,,,,,,,,,,,,,,,,,,1,,,,,,,,,,0,0,,,,,,,,,,,,
08584236500946239978991931340CU04,4876617b-2198-4d34-8548-850ce504e7c8,gdrive-logic-app,ActionFailed,An action failed. No dependent actions succeeded.,UNKNOWN_ERROR,Ticket Created,,,2026-05-07 12:07:20.349848,2026-05-07 12:07:20.349848,False,False,0,,,,2026-05-07 07:01:00.979000,,,,,,,,,,,,,,,,,,,,,,,,,,,1,,,,,,,,,,0,0,,,,,,,,,,,,
08584236500796186869360593851CU15,4876617b-2198-4d34-8548-850ce504e7c8,gdrive-logic-app,ActionFailed,An action failed. No dependent actions succeeded.,UNKNOWN_ERROR,Ticket Created,,,2026-05-07 12:07:20.349848,2026-05-07 12:07:20.349848,False,False,0,,,,2026-05-07 07:01:00.979000,,,,,,,,,,,,,,,,,,,,,,,,,,,1,,,,,,,,,,0,0,,,,,,,,,,,,
08584236500678252463814289758CU26,4876617b-2198-4d34-8548-850ce504e7c8,gdrive-logic-app,InvalidTemplate,Unable to process template language expressions for action 'Condition' at line '0' and column '0': 'The template language function 'endsWith' expects its first parameter to be of type string. The provided value is of type 'Null'. Please see https://aka.ms/logicexpressions#endswith for usage details.'.,NULL_REFERENCE_ERROR,Ticket Created,,,2026-05-07 12:07:20.349848,2026-05-07 12:07:20.349848,False,False,0,,,,2026-05-07 07:01:00.979000,,,,,,,,,,,,,,,,,,,,,,,,,,,1,,,,,,,,,,0,0,,,,,,,,,,,,
08584236500297638630033116881CU15,4876617b-2198-4d34-8548-850ce504e7c8,ERROR-FLOW,InvalidTemplate,Unable to process template language expressions in action 'Compose' inputs at line '0' and column '0': 'The template language function 'div' expects its second parameter to be an integer or a decimal number. The provided value is of type 'Null'. Please see https://aka.ms/logicexpressions#div for usage details.'.,NULL_REFERENCE_ERROR,Ticket Created,,,2026-05-07 12:07:20.349848,2026-05-07 12:07:20.349848,False,False,0,,,,2026-05-07 07:01:00.979000,,,,,,,,,,,,,,,,,,,,,,,,,,,1,,,,,,,,,,0,0,,,,,,,,,,,,
08584236500126292628243116589CU06,4876617b-2198-4d34-8548-850ce504e7c8,ERROR-FLOW,ActionFailed,An action failed. No dependent actions succeeded.,UNKNOWN_ERROR,Fix Attempted,unknown,attempted,2026-05-07 12:07:20.349848,2026-05-07 12:07:20.349848,True,False,0,,,,2026-05-07 07:01:00.979000,,,,,,,,,,,,,,,,,,,,,,,,,,,1,,,,,,,,,,0,0,,,,,,,,,,,,
08584236500383682143808196314CU22,4876617b-2198-4d34-8548-850ce504e7c8,ERROR-FLOW,InvalidTemplate,Unable to process template language expressions in action 'Compose' inputs at line '0' and column '0': 'The template language function 'div' expects its second parameter to be an integer or a decimal number. The provided value is of type 'Null'. Please see https://aka.ms/logicexpressions#div for usage details.'.,NULL_REFERENCE_ERROR,Ticket Created,,,2026-05-07 12:07:20.349848,2026-05-07 12:07:20.349848,False,False,0,,,,2026-05-07 07:01:00.979000,,,,,,,,,,,,,,,,,,,,,,,,,,,1,,,,,,,,,,0,0,,,,,,,,,,,,
08584236498788262562636301899CU30,4876617b-2198-4d34-8548-850ce504e7c8,gdrive-logic-app,ActionFailed,An action failed. No dependent actions succeeded.,UNKNOWN_ERROR,Ticket Created,,,2026-05-07 12:07:20.349848,2026-05-07 12:07:20.349848,False,False,0,,,,2026-05-07 07:01:00.979000,,,,,,,,,,,,,,,,,,,,,,,,,,,1,,,,,,,,,,0,0,,,,,,,,,,,,
08584236498641250634408655963CU08,4876617b-2198-4d34-8548-850ce504e7c8,gdrive-logic-app,InvalidTemplate,Unable to process template language expressions for action 'Condition' at line '0' and column '0': 'The template language function 'endsWith' expects its first parameter to be of type string. The provided value is of type 'Null'. Please see https://aka.ms/logicexpressions#endswith for usage details.'.,NULL_REFERENCE_ERROR,Ticket Created,,,2026-05-07 12:07:20.349848,2026-05-07 12:07:20.349848,False,False,0,,,,2026-05-07 07:01:00.979000,,,,,,,,,,,,,,,,,,,,,,,,,,,1,,,,,,,,,,0,0,,,,,,,,,,,,
08584236498504367253462642949CU07,4876617b-2198-4d34-8548-850ce504e7c8,gdrive-logic-app,InvalidTemplate,Unable to process template language expressions for action 'Condition' at line '0' and column '0': 'The template language function 'endsWith' expects its first parameter to be of type string. The provided value is of type 'Null'. Please see https://aka.ms/logicexpressions#endswith for usage details.'.,NULL_REFERENCE_ERROR,Ticket Created,,,2026-05-07 12:07:20.349848,2026-05-07 12:07:20.349848,False,False,0,,,,2026-05-07 07:01:00.979000,,,,,,,,,,,,,,,,,,,,,,,,,,,1,,,,,,,,,,0,0,,,,,,,,,,,,
08584236498213781670012367335CU29,4876617b-2198-4d34-8548-850ce504e7c8,gdrive-logic-app,InvalidTemplate,Unable to process template language expressions for action 'Condition' at line '0' and column '0': 'The template language function 'endsWith' expects its first parameter to be of type string. The provided value is of type 'Null'. Please see https://aka.ms/logicexpressions#endswith for usage details.'.,NULL_REFERENCE_ERROR,Ticket Created,,,2026-05-07 12:07:20.349848,2026-05-07 12:07:20.349848,False,False,0,,,,2026-05-07 07:01:00.979000,,,,,,,,,,,,,,,,,,,,,,,,,,,1,,,,,,,,,,0,0,,,,,,,,,,,,
08584236498388899131946594471CU29,4876617b-2198-4d34-8548-850ce504e7c8,gdrive-logic-app,ActionFailed,An action failed. No dependent actions succeeded.,UNKNOWN_ERROR,Ticket Created,,,2026-05-07 12:07:20.349848,2026-05-07 12:07:20.349848,False,False,0,,,,2026-05-07 07:01:00.979000,,,,,,,,,,,,,,,,,,,,,,,,,,,1,,,,,,,,,,0,0,,,,,,,,,,,,
08584236497640634874140120380CU00,4876617b-2198-4d34-8548-850ce504e7c8,gdrive-logic-app,InvalidTemplate,Unable to process template language expressions for action 'Condition' at line '0' and column '0': 'The template language function 'endsWith' expects its first parameter to be of type string. The provided value is of type 'Null'. Please see https://aka.ms/logicexpressions#endswith for usage details.'.,NULL_REFERENCE_ERROR,Ticket Created,,,2026-05-07 12:07:20.349848,2026-05-07 12:07:20.349848,False,False,0,,,,2026-05-07 07:01:00.979000,,,,,,,,,,,,,,,,,,,,,,,,,,,1,,,,,,,,,,0,0,,,,,,,,,,,,
08584236497516716082952477152CU24,4876617b-2198-4d34-8548-850ce504e7c8,gdrive-logic-app,InvalidTemplate,Unable to process template language expressions for action 'Condition' at line '0' and column '0': 'The template language function 'endsWith' expects its first parameter to be of type string. The provided value is of type 'Null'. Please see https://aka.ms/logicexpressions#endswith for usage details.'.,NULL_REFERENCE_ERROR,Ticket Created,,,2026-05-07 12:07:20.349848,2026-05-07 12:07:20.349848,False,False,0,,,,2026-05-07 07:01:00.979000,,,,,,,,,,,,,,,,,,,,,,,,,,,1,,,,,,,,,,0,0,,,,,,,,,,,,
08584236497886934113838410905CU24,4876617b-2198-4d34-8548-850ce504e7c8,gdrive-logic-app,ActionFailed,An action failed. No dependent actions succeeded.,UNKNOWN_ERROR,Ticket Created,,,2026-05-07 12:07:20.349848,2026-05-07 12:07:20.349848,False,False,0,,,,2026-05-07 07:01:00.979000,,,,,,,,,,,,,,,,,,,,,,,,,,,1,,,,,,,,,,0,0,,,,,,,,,,,,
08584236497763832357860787198CU10,4876617b-2198-4d34-8548-850ce504e7c8,gdrive-logic-app,ActionFailed,An action failed. No dependent actions succeeded.,UNKNOWN_ERROR,Ticket Created,,,2026-05-07 12:07:20.349848,2026-05-07 12:07:20.349848,False,False,0,,,,2026-05-07 07:01:00.979000,,,,,,,,,,,,,,,,,,,,,,,,,,,1,,,,,,,,,,0,0,,,,,,,,,,,,
08584236497167413650172545756CU20,4876617b-2198-4d34-8548-850ce504e7c8,gdrive-logic-app,ActionFailed,An action failed. No dependent actions succeeded.,UNKNOWN_ERROR,Ticket Created,,,2026-05-07 12:07:20.349848,2026-05-07 12:07:20.349848,False,False,0,,,,2026-05-07 07:01:00.979000,,,,,,,,,,,,,,,,,,,,,,,,,,,1,,,,,,,,,,0,0,,,,,,,,,,,,
08584236497388401957986250909CU13,4876617b-2198-4d34-8548-850ce504e7c8,gdrive-logic-app,ActionFailed,An action failed. No dependent actions succeeded.,UNKNOWN_ERROR,Ticket Created,,,2026-05-07 12:07:20.349848,2026-05-07 12:07:20.349848,False,False,0,,,,2026-05-07 07:01:00.979000,,,,,,,,,,,,,,,,,,,,,,,,,,,1,,,,,,,,,,0,0,,,,,,,,,,,,
08584236493775758571377954560CU29,4876617b-2198-4d34-8548-850ce504e7c8,ERROR-FLOW,ActionFailed,An action failed. No dependent actions succeeded.,UNKNOWN_ERROR,Fix Attempted,unknown,attempted,2026-05-07 12:07:20.349848,2026-05-07 12:07:20.349848,True,False,0,,,,2026-05-07 07:01:00.979000,,,,,,,,,,,,,,,,,,,,,,,,,,,1,,,,,,,,,,0,0,,,,,,,,,,,,
08584236501833320099198588057CU02,4876617b-2198-4d34-8548-850ce504e7c8,gdrive-logic-app,InvalidTemplate,Unable to process template language expressions for action 'Condition' at line '0' and column '0': 'The template language function 'endsWith' expects its first parameter to be of type string. The provided value is of type 'Null'. Please see https://aka.ms/logicexpressions#endswith for usage details.'.,NULL_REFERENCE_ERROR,Ticket Created,,,2026-05-07 12:07:20.349848,2026-05-07 12:07:20.349848,False,False,0,,,,2026-05-07 07:01:00.979000,,,,,,,,,,,,,,,,,,,,,,,,,,,1,,,,,,,,,,0,0,,,,,,,,,,,,
08584236502190585576624425825CU04,4876617b-2198-4d34-8548-850ce504e7c8,gdrive-logic-app,InvalidTemplate,Unable to process template language expressions for action 'Condition' at line '0' and column '0': 'The template language function 'endsWith' expects its first parameter to be of type string. The provided value is of type 'Null'. Please see https://aka.ms/logicexpressions#endswith for usage details.'.,NULL_REFERENCE_ERROR,Ticket Created,,,2026-05-07 12:07:20.349848,2026-05-07 12:07:20.349848,False,False,0,,,,2026-05-07 07:01:00.979000,,,,,,,,,,,,,,,,,,,,,,,,,,,1,,,,,,,,,,0,0,,,,,,,,,,,,
08584234711850912705537825569CU20,4876617b-2198-4d34-8548-850ce504e7c8,ERROR-FLOW,InvalidTemplate,Unable to process template language expressions in action 'Compose' inputs at line '0' and column '0': 'Attempt to divide an integral or decimal value by zero in function 'div'.'.,DATA_VALIDATION,Ticket Created,,,2026-05-07 12:07:20.349848,2026-05-07 16:58:00.002572,False,False,0,,,,2026-05-07 07:01:00.979000,,,,,,,,,,,,,,,,,,,,,,,,,,,1,,,,,,,,,,0,0,,,,,,,,,,,,
08584234712680959268415265452CU14,4876617b-2198-4d34-8548-850ce504e7c8,gdrive-logic-app,ActionFailed,An action failed. No dependent actions succeeded.,UNKNOWN_ERROR,Ticket Created,,,2026-05-07 12:07:20.349848,2026-05-07 16:58:00.002572,False,False,0,,,,2026-05-07 07:01:00.979000,,,,,,,,,,,,,,,,,,,,,,,,,,,1,,,,,,,,,,0,0,,,,,,,,,,,,
08584236499945232128506730681CU05,4876617b-2198-4d34-8548-850ce504e7c8,ERROR-FLOW,ActionFailed,An action failed. No dependent actions succeeded.,UNKNOWN_ERROR,Fix Attempted,unknown,attempted,2026-05-07 12:07:20.349848,2026-05-07 12:07:20.349848,True,False,0,,,,2026-05-07 07:01:00.979000,,,,,,,,,,,,,,,,,,,,,,,,,,,1,,,,,,,,,,0,0,,,,,,,,,,,,
08584236500208372571170978533CU01,4876617b-2198-4d34-8548-850ce504e7c8,ERROR-FLOW,ActionFailed,An action failed. No dependent actions succeeded.,UNKNOWN_ERROR,Ticket Created,,,2026-05-07 12:07:20.349848,2026-05-07 12:07:20.349848,False,False,0,,,,2026-05-07 07:01:00.979000,,,,,,,,,,,,,,,,,,,,,,,,,,,1,,,,,,,,,,0,0,,,,,,,,,,,,
08584236500032325319692555867CU11,4876617b-2198-4d34-8548-850ce504e7c8,gdrive-logic-app,InvalidTemplate,Unable to process template language expressions for action 'Condition' at line '0' and column '0': 'The template language function 'endsWith' expects its first parameter to be of type string. The provided value is of type 'Null'. Please see https://aka.ms/logicexpressions#endswith for usage details.'.,NULL_REFERENCE_ERROR,Ticket Created,,,2026-05-07 12:07:20.349848,2026-05-07 12:07:20.349848,False,False,0,,,,2026-05-07 07:01:00.979000,,,,,,,,,,,,,,,,,,,,,,,,,,,1,,,,,,,,,,0,0,,,,,,,,,,,,
08584236499184022943933133876CU11,4876617b-2198-4d34-8548-850ce504e7c8,ERROR-FLOW,InvalidTemplate,Unable to process template language expressions in action 'Compose' inputs at line '0' and column '0': 'The template language function 'div' expects its second parameter to be an integer or a decimal number. The provided value is of type 'Null'. Please see https://aka.ms/logicexpressions#div for usage details.'.,NULL_REFERENCE_ERROR,Fix Attempted,unknown,attempted,2026-05-07 12:07:20.349848,2026-05-07 12:07:20.349848,True,False,0,,,,2026-05-07 07:01:00.979000,,,,,,,,,,,,,,,,,,,,,,,,,,,1,,,,,,,,,,0,0,,,,,,,,,,,,
08584236499061999348324309609CU29,4876617b-2198-4d34-8548-850ce504e7c8,ERROR-FLOW,ActionFailed,An action failed. No dependent actions succeeded.,UNKNOWN_ERROR,Fix Attempted,unknown,attempted,2026-05-07 12:07:20.349848,2026-05-07 12:07:20.349848,True,False,0,,,,2026-05-07 07:01:00.979000,,,,,,,,,,,,,,,,,,,,,,,,,,,1,,,,,,,,,,0,0,,,,,,,,,,,,
08584236502023006221391321493CU24,4876617b-2198-4d34-8548-850ce504e7c8,gdrive-logic-app,ActionFailed,An action failed. No dependent actions succeeded.,UNKNOWN_ERROR,Ticket Created,,,2026-05-07 12:07:20.349848,2026-05-07 12:07:20.349848,False,False,0,,,,2026-05-07 07:01:00.979000,,,,,,,,,,,,,,,,,,,,,,,,,,,1,,,,,,,,,,0,0,,,,,,,,,,,,
08584236497265082351535648809CU25,4876617b-2198-4d34-8548-850ce504e7c8,gdrive-logic-app,ActionFailed,An action failed. No dependent actions succeeded.,UNKNOWN_ERROR,Ticket Created,,,2026-05-07 12:07:20.349848,2026-05-07 12:07:20.349848,False,False,0,,,,2026-05-07 07:01:00.979000,,,,,,,,,,,,,,,,,,,,,,,,,,,1,,,,,,,,,,0,0,,,,,,,,,,,,
08584236498011777935827967718CU22,4876617b-2198-4d34-8548-850ce504e7c8,gdrive-logic-app,ActionFailed,An action failed. No dependent actions succeeded.,UNKNOWN_ERROR,Ticket Created,,,2026-05-07 12:07:20.349848,2026-05-07 12:07:20.349848,False,False,0,,,,2026-05-07 07:01:00.979000,,,,,,,,,,,,,,,,,,,,,,,,,,,1,,,,,,,,,,0,0,,,,,,,,,,,,
08584236498124876450698630973CU13,4876617b-2198-4d34-8548-850ce504e7c8,gdrive-logic-app,ActionFailed,An action failed. No dependent actions succeeded.,UNKNOWN_ERROR,Ticket Created,,,2026-05-07 12:07:20.349848,2026-05-07 12:07:20.349848,False,False,0,,,,2026-05-07 07:01:00.979000,,,,,,,,,,,,,,,,,,,,,,,,,,,1,,,,,,,,,,0,0,,,,,,,,,,,,
08584236498302097201533120278CU04,4876617b-2198-4d34-8548-850ce504e7c8,gdrive-logic-app,ActionFailed,An action failed. No dependent actions succeeded.,UNKNOWN_ERROR,Ticket Created,,,2026-05-07 12:07:20.349848,2026-05-07 12:07:20.349848,False,False,0,,,,2026-05-07 07:01:00.979000,,,,,,,,,,,,,,,,,,,,,,,,,,,1,,,,,,,,,,0,0,,,,,,,,,,,,
08584236498934497181051174121CU18,4876617b-2198-4d34-8548-850ce504e7c8,gdrive-logic-app,ActionFailed,An action failed. No dependent actions succeeded.,UNKNOWN_ERROR,Ticket Created,,,2026-05-07 12:07:20.349848,2026-05-07 12:07:20.349848,False,False,0,,,,2026-05-07 07:01:00.979000,,,,,,,,,,,,,,,,,,,,,,,,,,,1,,,,,,,,,,0,0,,,,,,,,,,,,
08584234789015907965127814083CU05,4876617b-2198-4d34-8548-850ce504e7c8,gdrive-logic-app,ActionFailed,An action failed. No dependent actions succeeded.,UNKNOWN_ERROR,Ticket Created,,,2026-05-07 11:19:38.326555,2026-05-07 16:58:00.002572,False,False,0,,,,2026-05-07 07:01:00.979000,,,,,,,,,,,,,,,,,,,,,,,,,,,1,,,,,,,,,,0,0,,,,,,,,,,,,
08584234794884017744253630015CU26,4876617b-2198-4d34-8548-850ce504e7c8,gdrive-logic-app,ActionFailed,An action failed. No dependent actions succeeded.,UNKNOWN_ERROR,Ticket Created,,,2026-05-07 11:19:38.326555,2026-05-07 16:58:00.002572,False,False,0,,,,2026-05-07 07:01:00.979000,,,,,,,,,,,,,,,,,,,,,,,,,,,1,,,,,,,,,,0,0,,,,,,,,,,,,
08584235385053875997677704523CU23,4876617b-2198-4d34-8548-850ce504e7c8,ERROR-FLOW,ActionFailed,An action failed. No dependent actions succeeded.,UNKNOWN_ERROR,Ticket Created,,,2026-05-07 11:19:38.326555,2026-05-07 16:58:00.002572,False,False,0,,,,2026-05-07 07:01:00.979000,,,,,,,,,,,,,,,,,,,,,,,,,,,1,,,,,,,,,,0,0,,,,,,,,,,,,
08584235416308851849596867504CU13,4876617b-2198-4d34-8548-850ce504e7c8,ERROR-FLOW,ActionFailed,An action failed. No dependent actions succeeded.,UNKNOWN_ERROR,Ticket Created,,,2026-05-07 11:19:38.326555,2026-05-07 16:58:00.002572,False,False,0,,,,2026-05-07 07:01:00.979000,,,,,,,,,,,,,,,,,,,,,,,,,,,1,,,,,,,,,,0,0,,,,,,,,,,,,
08584235440825010719607675931CU26,4876617b-2198-4d34-8548-850ce504e7c8,ERROR-FLOW,ActionFailed,An action failed. No dependent actions succeeded.,UNKNOWN_ERROR,Ticket Created,,,2026-05-07 11:19:38.326555,2026-05-07 16:58:00.002572,False,False,0,,,,2026-05-07 07:01:00.979000,,,,,,,,,,,,,,,,,,,,,,,,,,,1,,,,,,,,,,0,0,,,,,,,,,,,,
08584235419239386335971852770CU00,4876617b-2198-4d34-8548-850ce504e7c8,Logic_Apps_test,ActionFailed,An action failed. No dependent actions succeeded.,UNKNOWN_ERROR,Ticket Created,,,2026-05-07 11:19:38.326555,2026-05-07 16:58:00.002572,False,False,0,,,,2026-05-07 07:01:00.979000,,,,,,,,,,,,,,,,,,,,,,,,,,,1,,,,,,,,,,0,0,,,,,,,,,,,,
08584235420453365192780401899CU05,4876617b-2198-4d34-8548-850ce504e7c8,Logic_Apps_test,InvalidTemplate,Unable to process template language expressions in action 'Parse_JSON' inputs at line '0' and column '0': 'The template function 'type' is not defined or not valid.'.,SCHEMA_ERROR,Ticket Created,,,2026-05-07 11:19:38.326555,2026-05-07 16:58:00.002572,False,False,0,,,,2026-05-07 07:01:00.979000,,,,,,,,,,,,,,,,,,,,,,,,,,,1,,,,,,,,,,0,0,,,,,,,,,,,,
08584235424531970222216227537CU25,4876617b-2198-4d34-8548-850ce504e7c8,Logic_Apps_test,ActionFailed,An action failed. No dependent actions succeeded.,UNKNOWN_ERROR,Ticket Created,,,2026-05-07 11:19:38.326555,2026-05-07 16:58:00.002572,False,False,0,,,,2026-05-07 07:01:00.979000,,,,,,,,,,,,,,,,,,,,,,,,,,,1,,,,,,,,,,0,0,,,,,,,,,,,,
08584235431607691740036541034CU19,4876617b-2198-4d34-8548-850ce504e7c8,Logic_Apps_test,ActionFailed,An action failed. No dependent actions succeeded.,UNKNOWN_ERROR,Ticket Created,,,2026-05-07 11:19:38.326555,2026-05-07 16:58:00.002572,False,False,0,,,,2026-05-07 07:01:00.979000,,,,,,,,,,,,,,,,,,,,,,,,,,,1,,,,,,,,,,0,0,,,,,,,,,,,,
08584235414623865972379898829CU26,4876617b-2198-4d34-8548-850ce504e7c8,ERROR-FLOW,InvalidTemplate,Unable to process template language expressions in action 'Compose' inputs at line '0' and column '0': 'The template language function 'float' was invoked with a parameter that is not valid. The value cannot be converted to the target type.'.,UNKNOWN_ERROR,Ticket Created,,,2026-05-07 11:19:38.326555,2026-05-07 16:58:00.002572,False,False,0,,,,2026-05-07 07:01:00.979000,,,,,,,,,,,,,,,,,,,,,,,,,,,1,,,,,,,,,,0,0,,,,,,,,,,,,
08584235423489140498349845457CU21,4876617b-2198-4d34-8548-850ce504e7c8,Logic_Apps_test,ActionFailed,An action failed. No dependent actions succeeded.,UNKNOWN_ERROR,Ticket Created,,,2026-05-07 11:19:38.326555,2026-05-07 16:58:00.002572,False,False,0,,,,2026-05-07 07:01:00.979000,,,,,,,,,,,,,,,,,,,,,,,,,,,1,,,,,,,,,,0,0,,,,,,,,,,,,
08584235435667772037201965701CU05,4876617b-2198-4d34-8548-850ce504e7c8,Logic_Apps_test,ActionFailed,An action failed. No dependent actions succeeded.,UNKNOWN_ERROR,Ticket Created,,,2026-05-07 11:19:38.326555,2026-05-07 16:58:00.002572,False,False,0,,,,2026-05-07 07:01:00.979000,,,,,,,,,,,,,,,,,,,,,,,,,,,1,,,,,,,,,,0,0,,,,,,,,,,,,
08584236370811056307609484086CU08,4876617b-2198-4d34-8548-850ce504e7c8,Demo-1,CustomFailure,Something went wrong,UNKNOWN_ERROR,Ticket Created,,,2026-05-07 11:19:38.326555,2026-05-07 16:58:00.002572,False,False,0,,,,2026-05-07 07:01:00.979000,,,,,,,,,,,,,,,,,,,,,,,,,,,1,,,,,,,,,,0,0,,,,,,,,,,,,
08584236366276988744004452185CU30,4876617b-2198-4d34-8548-850ce504e7c8,DataType-FLOW,ActionFailed,An action failed. No dependent actions succeeded.,UNKNOWN_ERROR,Ticket Created,,,2026-05-07 11:19:38.326555,2026-05-07 16:58:00.002572,False,False,0,,,,2026-05-07 07:01:00.979000,,,,,,,,,,,,,,,,,,,,,,,,,,,1,,,,,,,,,,0,0,,,,,,,,,,,,
08584236361457222341310455795CU28,4876617b-2198-4d34-8548-850ce504e7c8,DataType-FLOW,InvalidTemplate,Unable to process template language expressions in action 'Compose' inputs at line '0' and column '0': 'The template language function 'add' expects its second parameter to be an integer or a decimal number. The provided value is of type 'String'. Please see https://aka.ms/logicexpressions#add for usage details.'.,DATA_VALIDATION,Ticket Created,,,2026-05-07 11:19:38.326555,2026-05-07 16:58:00.002572,False,False,0,,,,2026-05-07 07:01:00.979000,,,,,,,,,,,,,,,,,,,,,,,,,,,1,,,,,,,,,,0,0,,,,,,,,,,,,
08584236347247813524402062542CU09,4876617b-2198-4d34-8548-850ce504e7c8,Logic_Apps_test,ActionFailed,An action failed. No dependent actions succeeded.,UNKNOWN_ERROR,Ticket Created,,,2026-05-07 11:19:38.326555,2026-05-07 16:58:00.002572,False,False,0,,,,2026-05-07 07:01:00.979000,,,,,,,,,,,,,,,,,,,,,,,,,,,1,,,,,,,,,,0,0,,,,,,,,,,,,
08584235436703353209266176162CU23,4876617b-2198-4d34-8548-850ce504e7c8,Logic_Apps_test,ActionFailed,An action failed. No dependent actions succeeded.,UNKNOWN_ERROR,Ticket Created,,,2026-05-07 11:19:38.326555,2026-05-07 16:58:00.002572,False,False,0,,,,2026-05-07 07:01:00.979000,,,,,,,,,,,,,,,,,,,,,,,,,,,1,,,,,,,,,,0,0,,,,,,,,,,,,
08584236322056128862689593174CU18,4876617b-2198-4d34-8548-850ce504e7c8,ERROR-FLOW,InvalidTemplate,Unable to process template language expressions in action 'Compose' inputs at line '0' and column '0': 'The template language function 'div' expects its second parameter to be an integer or a decimal number. The provided value is of type 'Null'. Please see https://aka.ms/logicexpressions#div for usage details.'.,NULL_REFERENCE_ERROR,Fix Attempted,unknown,attempted,2026-05-07 11:19:38.326555,2026-05-07 16:58:00.002572,True,False,0,,,,2026-05-07 07:01:00.979000,,"The Compose action's div() expression evaluated a null/non-numeric denominator because the referenced dynamic output/variable wasn't produced or was empty, so the template engine rejected the expression (expression references must exist and be numeric).",Apply fix: attempted,0.95,,,,,,,,,,,,,,,,,,,,,,,1,,,,,,,,,,0,0,,,,,,,,,,,,
08584236330957059896571203390CU04,4876617b-2198-4d34-8548-850ce504e7c8,ERROR-FLOW,InvalidTemplate,Unable to process template language expressions in action 'Compose' inputs at line '0' and column '0': 'The template language function 'div' expects its second parameter to be an integer or a decimal number. The provided value is of type 'Null'. Please see https://aka.ms/logicexpressions#div for usage details.'.,NULL_REFERENCE_ERROR,Ticket Created,,,2026-05-07 11:19:38.326555,2026-05-07 16:58:00.002572,False,False,0,,,,2026-05-07 07:01:00.979000,,,,,,,,,,,,,,,,,,,,,,,,,,,1,,,,,,,,,,0,0,,,,,,,,,,,,
08584235438679110147243424328CU13,4876617b-2198-4d34-8548-850ce504e7c8,ERROR-FLOW,InvalidTemplate,Unable to process template language expressions in action 'Compose' inputs at line '0' and column '0': 'The template language function 'float' was invoked with a parameter that is not valid. The value cannot be converted to the target type.'.,UNKNOWN_ERROR,Ticket Created,,,2026-05-07 11:19:38.326555,2026-05-07 16:58:00.002572,False,False,0,,,,2026-05-07 07:01:00.979000,,,,,,,,,,,,,,,,,,,,,,,,,,,1,,,,,,,,,,0,0,,,,,,,,,,,,
08584234780748705055380067605CU00,4876617b-2198-4d34-8548-850ce504e7c8,ERROR-FLOW,InvalidTemplate,Unable to process template language expressions in action 'Compose' inputs at line '0' and column '0': 'The template language function 'div' expects its second parameter to be an integer or a decimal number. The provided value is of type 'Null'. Please see https://aka.ms/logicexpressions#div for usage details.'.,NULL_REFERENCE_ERROR,Fix Attempted,unknown,attempted,2026-05-07 11:19:38.326555,2026-05-07 16:58:00.002572,True,False,0,,,,2026-05-07 07:01:00.979000,,"The Compose action's div() expression evaluated a null/non-numeric denominator because the referenced dynamic output/variable wasn't produced or was empty, so the template engine rejected the expression (expression references must exist and be numeric).",Apply fix: attempted,0.95,,,,,,,,,,,,,,,,,,,,,,,1,,,,,,,,,,0,0,,,,,,,,,,,,
08584234795257735661358079679CU02,4876617b-2198-4d34-8548-850ce504e7c8,ERROR-FLOW,InvalidTemplate,Unable to process template language expressions in action 'Compose' inputs at line '0' and column '0': 'Attempt to divide an integral or decimal value by zero in function 'div'.'.,DATA_VALIDATION,Fix Attempted,unknown,attempted,2026-05-07 11:19:38.326555,2026-05-07 16:58:00.002572,True,False,0,,,,2026-05-07 07:01:00.979000,,"The Compose action's div() expression evaluated a null/non-numeric denominator because the referenced dynamic output/variable wasn't produced or was empty, so the template engine rejected the expression (expression references must exist and be numeric).",Apply fix: attempted,0.95,,,,,,,,,,,,,,,,,,,,,,,1,,,,,,,,,,0,0,,,,,,,,,,,,
08584235385333219480965349639CU20,4876617b-2198-4d34-8548-850ce504e7c8,ERROR-FLOW,InvalidTemplate,Unable to process template language expressions in action 'Compose' inputs at line '0' and column '0': 'The template language function 'div' expects its second parameter to be an integer or a decimal number. The provided value is of type 'Null'. Please see https://aka.ms/logicexpressions#div for usage details.'.,NULL_REFERENCE_ERROR,Fix Attempted,unknown,attempted,2026-05-07 11:19:38.326555,2026-05-07 16:58:00.002572,True,False,0,,,,2026-05-07 07:01:00.979000,,"The Compose action's div() expression evaluated a null/non-numeric denominator because the referenced dynamic output/variable wasn't produced or was empty, so the template engine rejected the expression (expression references must exist and be numeric).",Apply fix: attempted,0.95,,,,,,,,,,,,,,,,,,,,,,,1,,,,,,,,,,0,0,,,,,,,,,,,,
08584235386538985829249502586CU01,4876617b-2198-4d34-8548-850ce504e7c8,ERROR-FLOW,ActionFailed,An action failed. No dependent actions succeeded.,UNKNOWN_ERROR,Fix Attempted,unknown,attempted,2026-05-07 11:19:38.326555,2026-05-07 16:58:00.002572,True,False,0,,,,2026-05-07 07:01:00.979000,,"The Compose action's div() expression evaluated a null/non-numeric denominator because the referenced dynamic output/variable wasn't produced or was empty, so the template engine rejected the expression (expression references must exist and be numeric).",Apply fix: attempted,0.95,,,,,,,,,,,,,,,,,,,,,,,1,,,,,,,,,,0,0,,,,,,,,,,,,
08584234780094879687244578165CU01,4876617b-2198-4d34-8548-850ce504e7c8,ERROR-FLOW,ActionFailed,An action failed. No dependent actions succeeded.,UNKNOWN_ERROR,Fix Attempted,unknown,attempted,2026-05-07 11:19:38.326555,2026-05-07 16:58:00.002572,True,False,0,,,,2026-05-07 07:01:00.979000,,"The Compose action's div() expression evaluated a null/non-numeric denominator because the referenced dynamic output/variable wasn't produced or was empty, so the template engine rejected the expression (expression references must exist and be numeric).",Apply fix: attempted,0.95,,,,,,,,,,,,,,,,,,,,,,,1,,,,,,,,,,0,0,,,,,,,,,,,,
08584235421406012294530262531CU27,4876617b-2198-4d34-8548-850ce504e7c8,Logic_Apps_test,InvalidTemplate,Unable to process template language expressions in action 'Parse_JSON' inputs at line '0' and column '0': 'The template function 'type' is not defined or not valid.'.,SCHEMA_ERROR,Ticket Created,,,2026-05-07 11:19:38.326555,2026-05-07 16:58:00.002572,False,False,0,,,,2026-05-07 07:01:00.979000,,,,,,,,,,,,,,,,,,,,,,,,,,,1,,,,,,,,,,0,0,,,,,,,,,,,,
08584237275583650225355805467CU14,4876617b-2198-4d34-8548-850ce504e7c8,Demo-1,CustomFailure,Something went wrong,UNKNOWN_ERROR,Ticket Created,,,2026-05-07 10:37:29.934933,2026-05-07 16:58:00.002572,False,False,0,,,,2026-05-07 07:01:00.979000,,,,,,,,,,,,,,,,,,,,,,,,,,,1,,,,,,,,,,0,0,,,,,,,,,,,,
08584237230901219322184598500CU04,4876617b-2198-4d34-8548-850ce504e7c8,ERROR-FLOW,InvalidTemplate,Unable to process template language expressions in action 'Compose' inputs at line '0' and column '0': 'Attempt to divide an integral or decimal value by zero in function 'div'.'.,DATA_VALIDATION,Ticket Created,,,2026-05-06 17:49:30.170042,2026-05-07 16:53:18.195663,False,False,0,,,,2026-05-07 07:01:00.979000,,,,,,,,,,,,,,,,,,,,,,,,,,,1,,,,,,,,,,0,0,,,,,,,,,,,,
08584237233595667587244697129CU05,4876617b-2198-4d34-8548-850ce504e7c8,ERROR-FLOW,ActionFailed,An action failed. No dependent actions succeeded.,UNKNOWN_ERROR,Ticket Created,,,2026-05-06 17:49:30.170042,2026-05-07 16:53:18.195663,False,False,0,,,,2026-05-07 07:01:00.979000,,,,,,,,,,,,,,,,,,,,,,,,,,,1,,,,,,,,,,0,0,,,,,,,,,,,,
08584237234690591591034959238CU00,4876617b-2198-4d34-8548-850ce504e7c8,ERROR-FLOW,ActionFailed,An action failed. No dependent actions succeeded.,UNKNOWN_ERROR,Ticket Created,,,2026-05-06 17:49:30.170042,2026-05-07 16:53:18.195663,False,False,0,,,,2026-05-07 07:01:00.979000,,,,,,,,,,,,,,,,,,,,,,,,,,,1,,,,,,,,,,0,0,,,,,,,,,,,,
08584237235106574350973310877CU26,4876617b-2198-4d34-8548-850ce504e7c8,ERROR-FLOW,InvalidTemplate,Unable to process template language expressions in action 'Compose' inputs at line '0' and column '0': 'Attempt to divide an integral or decimal value by zero in function 'div'.'.,DATA_VALIDATION,Ticket Created,,,2026-05-06 17:49:30.170042,2026-05-07 16:53:18.195663,False,False,0,,,,2026-05-07 07:01:00.979000,,,,,,,,,,,,,,,,,,,,,,,,,,,1,,,,,,,,,,0,0,,,,,,,,,,,,
08584237235334249503351560774CU25,4876617b-2198-4d34-8548-850ce504e7c8,ERROR-FLOW,InvalidTemplate,Unable to process template language expressions in action 'Compose' inputs at line '0' and column '0': 'Attempt to divide an integral or decimal value by zero in function 'div'.'.,DATA_VALIDATION,Ticket Created,,,2026-05-06 17:49:30.170042,2026-05-07 16:53:18.195663,False,False,0,,,,2026-05-07 07:01:00.979000,,,,,,,,,,,,,,,,,,,,,,,,,,,1,,,,,,,,,,0,0,,,,,,,,,,,,
08584237234939216495398882992CU17,4876617b-2198-4d34-8548-850ce504e7c8,ERROR-FLOW,ActionFailed,An action failed. No dependent actions succeeded.,UNKNOWN_ERROR,Ticket Created,,,2026-05-06 17:49:30.170042,2026-05-07 16:53:18.195663,False,False,0,,,,2026-05-07 07:01:00.979000,,,,,,,,,,,,,,,,,,,,,,,,,,,1,,,,,,,,,,0,0,,,,,,,,,,,,
08584237235223542686252455299CU00,4876617b-2198-4d34-8548-850ce504e7c8,ERROR-FLOW,ActionFailed,An action failed. No dependent actions succeeded.,UNKNOWN_ERROR,Ticket Created,,,2026-05-06 17:49:30.170042,2026-05-07 16:53:18.195663,False,False,0,,,,2026-05-07 07:01:00.979000,,,,,,,,,,,,,,,,,,,,,,,,,,,1,,,,,,,,,,0,0,,,,,,,,,,,,
08584237235424257322031013616CU15,4876617b-2198-4d34-8548-850ce504e7c8,ERROR-FLOW,ActionFailed,An action failed. No dependent actions succeeded.,UNKNOWN_ERROR,Ticket Created,,,2026-05-06 17:49:30.170042,2026-05-07 16:53:18.195663,False,False,0,,,,2026-05-07 07:01:00.979000,,,,,,,,,,,,,,,,,,,,,,,,,,,1,,,,,,,,,,0,0,,,,,,,,,,,,
08584237234782247411948681028CU26,4876617b-2198-4d34-8548-850ce504e7c8,ERROR-FLOW,InvalidTemplate,Unable to process template language expressions in action 'Compose' inputs at line '0' and column '0': 'Attempt to divide an integral or decimal value by zero in function 'div'.'.,DATA_VALIDATION,Ticket Created,,,2026-05-06 17:49:30.170042,2026-05-07 16:53:18.195663,False,False,0,,,,2026-05-07 07:01:00.979000,,,,,,,,,,,,,,,,,,,,,,,,,,,1,,,,,,,,,,0,0,,,,,,,,,,,,
08584237235030945105071426064CU27,4876617b-2198-4d34-8548-850ce504e7c8,ERROR-FLOW,InvalidTemplate,Unable to process template language expressions in action 'Compose' inputs at line '0' and column '0': 'Attempt to divide an integral or decimal value by zero in function 'div'.'.,DATA_VALIDATION,Ticket Created,,,2026-05-06 17:49:30.170042,2026-05-07 16:53:18.195663,False,False,0,,,,2026-05-07 07:01:00.979000,,,,,,,,,,,,,,,,,,,,,,,,,,,1,,,,,,,,,,0,0,,,,,,,,,,,,
08584237235608266091405540168CU00,4876617b-2198-4d34-8548-850ce504e7c8,ERROR-FLOW,ActionFailed,An action failed. No dependent actions succeeded.,UNKNOWN_ERROR,Ticket Created,,,2026-05-06 17:49:30.170042,2026-05-07 16:53:18.195663,False,False,0,,,,2026-05-07 07:01:00.979000,,,,,,,,,,,,,,,,,,,,,,,,,,,1,,,,,,,,,,0,0,,,,,,,,,,,,
08584237269588259233073679244CU09,4876617b-2198-4d34-8548-850ce504e7c8,ERROR-FLOW,ActionFailed,An action failed. No dependent actions succeeded.,UNKNOWN_ERROR,Ticket Created,,,2026-05-06 17:49:30.170042,2026-05-07 16:53:18.195663,False,False,0,,,,2026-05-07 07:01:00.979000,,,,,,,,,,,,,,,,,,,,,,,,,,,1,,,,,,,,,,0,0,,,,,,,,,,,,
08584237218387242227710610930CU24,4876617b-2198-4d34-8548-850ce504e7c8,ERROR-FLOW,ActionFailed,An action failed. No dependent actions succeeded.,UNKNOWN_ERROR,Ticket Created,,,2026-05-06 17:49:30.170042,2026-05-07 16:53:18.195663,False,False,0,,,,2026-05-07 07:01:00.979000,,,,,,,,,,,,,,,,,,,,,,,,,,,1,,,,,,,,,,0,0,,,,,,,,,,,,
08584237218614692515457966183CU13,4876617b-2198-4d34-8548-850ce504e7c8,ERROR-FLOW,ActionFailed,An action failed. No dependent actions succeeded.,UNKNOWN_ERROR,Ticket Created,,,2026-05-06 17:49:30.170042,2026-05-07 16:53:18.195663,False,False,0,,,,2026-05-07 07:01:00.979000,,,,,,,,,,,,,,,,,,,,,,,,,,,1,,,,,,,,,,0,0,,,,,,,,,,,,
08584237223531106099718078932CU02,4876617b-2198-4d34-8548-850ce504e7c8,ERROR-FLOW,ActionFailed,An action failed. No dependent actions succeeded.,UNKNOWN_ERROR,Ticket Created,,,2026-05-06 17:49:30.170042,2026-05-07 16:53:18.195663,False,False,0,,,,2026-05-07 07:01:00.979000,,,,,,,,,,,,,,,,,,,,,,,,,,,1,,,,,,,,,,0,0,,,,,,,,,,,,
08584237219152385856064733189CU12,4876617b-2198-4d34-8548-850ce504e7c8,ERROR-FLOW,ActionFailed,An action failed. No dependent actions succeeded.,UNKNOWN_ERROR,Ticket Created,,,2026-05-06 17:49:30.170042,2026-05-07 16:53:18.195663,False,False,0,,,,2026-05-07 07:01:00.979000,,,,,,,,,,,,,,,,,,,,,,,,,,,1,,,,,,,,,,0,0,,,,,,,,,,,,
08584237219598928474057227782CU06,4876617b-2198-4d34-8548-850ce504e7c8,ERROR-FLOW,InvalidTemplate,Unable to process template language expressions in action 'Compose' inputs at line '0' and column '0': 'Attempt to divide an integral or decimal value by zero in function 'div'.'.,DATA_VALIDATION,Ticket Created,,,2026-05-06 17:49:30.170042,2026-05-07 16:53:18.195663,False,False,0,,,,2026-05-07 07:01:00.979000,,,,,,,,,,,,,,,,,,,,,,,,,,,1,,,,,,,,,,0,0,,,,,,,,,,,,
08584237220049074103854413890CU23,4876617b-2198-4d34-8548-850ce504e7c8,ERROR-FLOW,InvalidTemplate,Unable to process template language expressions in action 'Compose' inputs at line '0' and column '0': 'Attempt to divide an integral or decimal value by zero in function 'div'.'.,DATA_VALIDATION,Ticket Created,,,2026-05-06 17:49:30.170042,2026-05-07 16:53:18.195663,False,False,0,,,,2026-05-07 07:01:00.979000,,,,,,,,,,,,,,,,,,,,,,,,,,,1,,,,,,,,,,0,0,,,,,,,,,,,,
08584237263919692681820329508CU21,4876617b-2198-4d34-8548-850ce504e7c8,ERROR-FLOW,InvalidTemplate,Unable to process template language expressions in action 'Compose' inputs at line '0' and column '0': 'Attempt to divide an integral or decimal value by zero in function 'div'.'.,DATA_VALIDATION,Ticket Created,,,2026-05-06 17:49:30.170042,2026-05-07 16:53:18.195663,False,False,0,,,,2026-05-07 07:01:00.979000,,,,,,,,,,,,,,,,,,,,,,,,,,,1,,,,,,,,,,0,0,,,,,,,,,,,,
08584237235964370305201654469CU03,4876617b-2198-4d34-8548-850ce504e7c8,ERROR-FLOW,ActionFailed,An action failed. No dependent actions succeeded.,UNKNOWN_ERROR,Ticket Created,,,2026-05-06 17:49:30.170042,2026-05-07 16:53:18.195663,False,False,0,,,,2026-05-07 07:01:00.979000,,,,,,,,,,,,,,,,,,,,,,,,,,,1,,,,,,,,,,0,0,,,,,,,,,,,,
08584237223618982904234781178CU03,4876617b-2198-4d34-8548-850ce504e7c8,ERROR-FLOW,ActionFailed,An action failed. No dependent actions succeeded.,UNKNOWN_ERROR,Ticket Created,,,2026-05-06 17:49:30.170042,2026-05-07 16:53:18.195663,False,False,0,,,,2026-05-07 07:01:00.979000,,,,,,,,,,,,,,,,,,,,,,,,,,,1,,,,,,,,,,0,0,,,,,,,,,,,,
08584237220158387983634702380CU31,4876617b-2198-4d34-8548-850ce504e7c8,ERROR-FLOW,InvalidTemplate,Unable to process template language expressions in action 'Compose' inputs at line '0' and column '0': 'Attempt to divide an integral or decimal value by zero in function 'div'.'.,DATA_VALIDATION,Ticket Created,,,2026-05-06 17:49:30.170042,2026-05-07 16:53:18.195663,False,False,0,,,,2026-05-07 07:01:00.979000,,,,,,,,,,,,,,,,,,,,,,,,,,,1,,,,,,,,,,0,0,,,,,,,,,,,,
08584237235513267742585753627CU07,4876617b-2198-4d34-8548-850ce504e7c8,ERROR-FLOW,ActionFailed,An action failed. No dependent actions succeeded.,UNKNOWN_ERROR,Ticket Created,,,2026-05-06 17:49:30.170042,2026-05-07 16:53:18.195663,False,False,0,,,,2026-05-07 07:01:00.979000,,,,,,,,,,,,,,,,,,,,,,,,,,,1,,,,,,,,,,0,0,,,,,,,,,,,,
08584237235689311953554830824CU05,4876617b-2198-4d34-8548-850ce504e7c8,ERROR-FLOW,InvalidTemplate,Unable to process template language expressions in action 'Compose' inputs at line '0' and column '0': 'Attempt to divide an integral or decimal value by zero in function 'div'.'.,DATA_VALIDATION,Ticket Created,,,2026-05-06 17:49:30.170042,2026-05-07 16:53:18.195663,False,False,0,,,,2026-05-07 07:01:00.979000,,,,,,,,,,,,,,,,,,,,,,,,,,,1,,,,,,,,,,0,0,,,,,,,,,,,,
08584237220297491755953630593CU29,4876617b-2198-4d34-8548-850ce504e7c8,ERROR-FLOW,InvalidTemplate,Unable to process template language expressions in action 'Compose' inputs at line '0' and column '0': 'Attempt to divide an integral or decimal value by zero in function 'div'.'.,DATA_VALIDATION,Ticket Created,,,2026-05-06 17:49:30.170042,2026-05-07 16:53:18.195663,False,False,0,,,,2026-05-07 07:01:00.979000,,,,,,,,,,,,,,,,,,,,,,,,,,,1,,,,,,,,,,0,0,,,,,,,,,,,,
08584237220380858307037826642CU09,4876617b-2198-4d34-8548-850ce504e7c8,ERROR-FLOW,InvalidTemplate,Unable to process template language expressions in action 'Compose' inputs at line '0' and column '0': 'Attempt to divide an integral or decimal value by zero in function 'div'.'.,DATA_VALIDATION,Ticket Created,,,2026-05-06 17:49:30.170042,2026-05-07 16:53:18.195663,False,False,0,,,,2026-05-07 07:01:00.979000,,,,,,,,,,,,,,,,,,,,,,,,,,,1,,,,,,,,,,0,0,,,,,,,,,,,,
08584237232774434455742171189CU29,4876617b-2198-4d34-8548-850ce504e7c8,ERROR-FLOW,ActionFailed,An action failed. No dependent actions succeeded.,UNKNOWN_ERROR,Ticket Created,,,2026-05-06 17:49:30.170042,2026-05-07 16:53:18.195663,False,False,0,,,,2026-05-07 07:01:00.979000,,,,,,,,,,,,,,,,,,,,,,,,,,,1,,,,,,,,,,0,0,,,,,,,,,,,,
08584237232971414356668252317CU07,4876617b-2198-4d34-8548-850ce504e7c8,ERROR-FLOW,ActionFailed,An action failed. No dependent actions succeeded.,UNKNOWN_ERROR,Ticket Created,,,2026-05-06 17:49:30.170042,2026-05-07 16:53:18.195663,False,False,0,,,,2026-05-07 07:01:00.979000,,,,,,,,,,,,,,,,,,,,,,,,,,,1,,,,,,,,,,0,0,,,,,,,,,,,,
08584237231742989680862319378CU08,4876617b-2198-4d34-8548-850ce504e7c8,ERROR-FLOW,ActionFailed,An action failed. No dependent actions succeeded.,UNKNOWN_ERROR,Ticket Created,,,2026-05-06 17:49:30.170042,2026-05-07 16:53:18.195663,False,False,0,,,,2026-05-07 07:01:00.979000,,,,,,,,,,,,,,,,,,,,,,,,,,,1,,,,,,,,,,0,0,,,,,,,,,,,,
08584237220736053056254669254CU16,4876617b-2198-4d34-8548-850ce504e7c8,ERROR-FLOW,InvalidTemplate,Unable to process template language expressions in action 'Compose' inputs at line '0' and column '0': 'Attempt to divide an integral or decimal value by zero in function 'div'.'.,DATA_VALIDATION,Ticket Created,,,2026-05-06 17:49:30.170042,2026-05-07 16:53:18.195663,False,False,0,,,,2026-05-07 07:01:00.979000,,,,,,,,,,,,,,,,,,,,,,,,,,,1,,,,,,,,,,0,0,,,,,,,,,,,,
08584237220806835490073110994CU25,4876617b-2198-4d34-8548-850ce504e7c8,ERROR-FLOW,InvalidTemplate,Unable to process template language expressions in action 'Compose' inputs at line '0' and column '0': 'Attempt to divide an integral or decimal value by zero in function 'div'.'.,DATA_VALIDATION,Ticket Created,,,2026-05-06 17:49:30.170042,2026-05-07 16:53:18.195663,False,False,0,,,,2026-05-07 07:01:00.979000,,,,,,,,,,,,,,,,,,,,,,,,,,,1,,,,,,,,,,0,0,,,,,,,,,,,,
08584237220865227508447113304CU01,4876617b-2198-4d34-8548-850ce504e7c8,ERROR-FLOW,ActionFailed,An action failed. No dependent actions succeeded.,UNKNOWN_ERROR,Ticket Created,,,2026-05-06 17:49:30.170042,2026-05-07 16:53:18.195663,False,False,0,,,,2026-05-07 07:01:00.979000,,,,,,,,,,,,,,,,,,,,,,,,,,,1,,,,,,,,,,0,0,,,,,,,,,,,,
08584237220895588492463679441CU18,4876617b-2198-4d34-8548-850ce504e7c8,ERROR-FLOW,ActionFailed,An action failed. No dependent actions succeeded.,UNKNOWN_ERROR,Ticket Created,,,2026-05-06 17:49:30.170042,2026-05-07 16:53:18.195663,False,False,0,,,,2026-05-07 07:01:00.979000,,,,,,,,,,,,,,,,,,,,,,,,,,,1,,,,,,,,,,0,0,,,,,,,,,,,,
08584237231225085220634173619CU07,4876617b-2198-4d34-8548-850ce504e7c8,ERROR-FLOW,ActionFailed,An action failed. No dependent actions succeeded.,UNKNOWN_ERROR,Ticket Created,,,2026-05-06 17:49:30.170042,2026-05-07 16:53:18.195663,False,False,0,,,,2026-05-07 07:01:00.979000,,,,,,,,,,,,,,,,,,,,,,,,,,,1,,,,,,,,,,0,0,,,,,,,,,,,,
08584237251072757995779247102CU28,4876617b-2198-4d34-8548-850ce504e7c8,ERROR-FLOW,InvalidTemplate,Unable to process template language expressions in action 'Compose' inputs at line '0' and column '0': 'Attempt to divide an integral or decimal value by zero in function 'div'.'.,DATA_VALIDATION,Ticket Created,,,2026-05-06 17:49:30.170042,2026-05-07 16:53:18.195663,False,False,0,,,,2026-05-07 07:01:00.979000,,,,,,,,,,,,,,,,,,,,,,,,,,,1,,,,,,,,,,0,0,,,,,,,,,,,,
08584237222140157054521462216CU00,4876617b-2198-4d34-8548-850ce504e7c8,ERROR-FLOW,ActionFailed,An action failed. No dependent actions succeeded.,UNKNOWN_ERROR,Ticket Created,,,2026-05-06 17:49:30.170042,2026-05-07 16:53:18.195663,False,False,0,,,,2026-05-07 07:01:00.979000,,,,,,,,,,,,,,,,,,,,,,,,,,,1,,,,,,,,,,0,0,,,,,,,,,,,,
08584237249362990098515495096CU10,4876617b-2198-4d34-8548-850ce504e7c8,ERROR-FLOW,InvalidTemplate,Unable to process template language expressions in action 'Compose' inputs at line '0' and column '0': 'Attempt to divide an integral or decimal value by zero in function 'div'.'.,DATA_VALIDATION,Ticket Created,,,2026-05-06 17:49:30.170042,2026-05-07 16:53:18.195663,False,False,0,,,,2026-05-07 07:01:00.979000,,,,,,,,,,,,,,,,,,,,,,,,,,,1,,,,,,,,,,0,0,,,,,,,,,,,,
08584237247590574579930189418CU23,4876617b-2198-4d34-8548-850ce504e7c8,ERROR-FLOW,ActionFailed,An action failed. No dependent actions succeeded.,UNKNOWN_ERROR,Ticket Created,,,2026-05-06 17:49:30.170042,2026-05-07 16:53:18.195663,False,False,0,,,,2026-05-07 07:01:00.979000,,,,,,,,,,,,,,,,,,,,,,,,,,,1,,,,,,,,,,0,0,,,,,,,,,,,,
08584237222679425599204538456CU17,4876617b-2198-4d34-8548-850ce504e7c8,ERROR-FLOW,ActionFailed,An action failed. No dependent actions succeeded.,UNKNOWN_ERROR,Ticket Created,,,2026-05-06 17:49:30.170042,2026-05-07 16:53:18.195663,False,False,0,,,,2026-05-07 07:01:00.979000,,,,,,,,,,,,,,,,,,,,,,,,,,,1,,,,,,,,,,0,0,,,,,,,,,,,,
08584237231440901254613649939CU06,4876617b-2198-4d34-8548-850ce504e7c8,ERROR-FLOW,ActionFailed,An action failed. No dependent actions succeeded.,UNKNOWN_ERROR,Ticket Created,,,2026-05-06 17:49:30.170042,2026-05-07 16:53:18.195663,False,False,0,,,,2026-05-07 07:01:00.979000,,,,,,,,,,,,,,,,,,,,,,,,,,,1,,,,,,,,,,0,0,,,,,,,,,,,,
08584237267201013144735899624CU09,4876617b-2198-4d34-8548-850ce504e7c8,ERROR-FLOW,ActionFailed,An action failed. No dependent actions succeeded.,UNKNOWN_ERROR,Ticket Created,,,2026-05-06 17:49:30.170042,2026-05-07 16:53:18.195663,False,False,0,,,,2026-05-07 07:01:00.979000,,,,,,,,,,,,,,,,,,,,,,,,,,,1,,,,,,,,,,0,0,,,,,,,,,,,,
08584237245955439848351652544CU07,4876617b-2198-4d34-8548-850ce504e7c8,ERROR-FLOW,ActionFailed,An action failed. No dependent actions succeeded.,UNKNOWN_ERROR,Ticket Created,,,2026-05-06 17:49:30.170042,2026-05-07 16:53:18.195663,False,False,0,,,,2026-05-07 07:01:00.979000,,,,,,,,,,,,,,,,,,,,,,,,,,,1,,,,,,,,,,0,0,,,,,,,,,,,,
08584237222308235862924759056CU13,4876617b-2198-4d34-8548-850ce504e7c8,ERROR-FLOW,ActionFailed,An action failed. No dependent actions succeeded.,UNKNOWN_ERROR,Ticket Created,,,2026-05-06 17:49:30.170042,2026-05-07 16:53:18.195663,False,False,0,,,,2026-05-07 07:01:00.979000,,,,,,,,,,,,,,,,,,,,,,,,,,,1,,,,,,,,,,0,0,,,,,,,,,,,,
08584237231345030299728836515CU08,4876617b-2198-4d34-8548-850ce504e7c8,ERROR-FLOW,InvalidTemplate,Unable to process template language expressions in action 'Compose' inputs at line '0' and column '0': 'Attempt to divide an integral or decimal value by zero in function 'div'.'.,DATA_VALIDATION,Ticket Created,,,2026-05-06 17:49:30.170042,2026-05-07 16:53:18.195663,False,False,0,,,,2026-05-07 07:01:00.979000,,,,,,,,,,,,,,,,,,,,,,,,,,,1,,,,,,,,,,0,0,,,,,,,,,,,,
08584237231315034723415425179CU31,4876617b-2198-4d34-8548-850ce504e7c8,ERROR-FLOW,InvalidTemplate,Unable to process template language expressions in action 'Compose' inputs at line '0' and column '0': 'Attempt to divide an integral or decimal value by zero in function 'div'.'.,DATA_VALIDATION,Ticket Created,,,2026-05-06 17:49:30.170042,2026-05-07 16:53:18.195663,False,False,0,,,,2026-05-07 07:01:00.979000,,,,,,,,,,,,,,,,,,,,,,,,,,,1,,,,,,,,,,0,0,,,,,,,,,,,,
08584237230688708381612785536CU17,4876617b-2198-4d34-8548-850ce504e7c8,ERROR-FLOW,InvalidTemplate,Unable to process template language expressions in action 'Compose' inputs at line '0' and column '0': 'Attempt to divide an integral or decimal value by zero in function 'div'.'.,DATA_VALIDATION,Ticket Created,,,2026-05-06 17:49:30.170042,2026-05-07 16:53:18.195663,False,False,0,,,,2026-05-07 07:01:00.979000,,,,,,,,,,,,,,,,,,,,,,,,,,,1,,,,,,,,,,0,0,,,,,,,,,,,,
08584237222381394617858824819CU28,4876617b-2198-4d34-8548-850ce504e7c8,ERROR-FLOW,ActionFailed,An action failed. No dependent actions succeeded.,UNKNOWN_ERROR,Ticket Created,,,2026-05-06 17:49:30.170042,2026-05-07 16:53:18.195663,False,False,0,,,,2026-05-07 07:01:00.979000,,,,,,,,,,,,,,,,,,,,,,,,,,,1,,,,,,,,,,0,0,,,,,,,,,,,,
08584237222502060144326008489CU14,4876617b-2198-4d34-8548-850ce504e7c8,ERROR-FLOW,ActionFailed,An action failed. No dependent actions succeeded.,UNKNOWN_ERROR,Ticket Created,,,2026-05-06 17:49:30.170042,2026-05-07 16:53:18.195663,False,False,0,,,,2026-05-07 07:01:00.979000,,,,,,,,,,,,,,,,,,,,,,,,,,,1,,,,,,,,,,0,0,,,,,,,,,,,,
08584237222594869801111045313CU11,4876617b-2198-4d34-8548-850ce504e7c8,ERROR-FLOW,ActionFailed,An action failed. No dependent actions succeeded.,UNKNOWN_ERROR,Ticket Created,,,2026-05-06 17:49:30.170042,2026-05-07 16:53:18.195663,False,False,0,,,,2026-05-07 07:01:00.979000,,,,,,,,,,,,,,,,,,,,,,,,,,,1,,,,,,,,,,0,0,,,,,,,,,,,,
08584237223251300109102711614CU27,4876617b-2198-4d34-8548-850ce504e7c8,ERROR-FLOW,ActionFailed,An action failed. No dependent actions succeeded.,UNKNOWN_ERROR,Ticket Created,,,2026-05-06 17:49:30.170042,2026-05-07 16:53:18.195663,False,False,0,,,,2026-05-07 07:01:00.979000,,,,,,,,,,,,,,,,,,,,,,,,,,,1,,,,,,,,,,0,0,,,,,,,,,,,,
08584237222938187524787526208CU18,4876617b-2198-4d34-8548-850ce504e7c8,ERROR-FLOW,InvalidTemplate,Unable to process template language expressions in action 'Compose' inputs at line '0' and column '0': 'Attempt to divide an integral or decimal value by zero in function 'div'.'.,DATA_VALIDATION,Ticket Created,,,2026-05-06 17:49:30.170042,2026-05-07 16:53:18.195663,False,False,0,,,,2026-05-07 07:01:00.979000,,,,,,,,,,,,,,,,,,,,,,,,,,,1,,,,,,,,,,0,0,,,,,,,,,,,,
08584237223332773291132240208CU31,4876617b-2198-4d34-8548-850ce504e7c8,ERROR-FLOW,InvalidTemplate,Unable to process template language expressions in action 'Compose' inputs at line '0' and column '0': 'Attempt to divide an integral or decimal value by zero in function 'div'.'.,DATA_VALIDATION,Ticket Created,,,2026-05-06 17:49:30.170042,2026-05-07 16:53:18.195663,False,False,0,,,,2026-05-07 07:01:00.979000,,,,,,,,,,,,,,,,,,,,,,,,,,,1,,,,,,,,,,0,0,,,,,,,,,,,,
08584237229797203044249759729CU25,4876617b-2198-4d34-8548-850ce504e7c8,ERROR-FLOW,ActionFailed,An action failed. No dependent actions succeeded.,UNKNOWN_ERROR,Ticket Created,,,2026-05-06 17:49:30.170042,2026-05-07 16:53:18.195663,False,False,0,,,,2026-05-07 07:01:00.979000,,,,,,,,,,,,,,,,,,,,,,,,,,,1,,,,,,,,,,0,0,,,,,,,,,,,,
08584237224105943645663629529CU02,4876617b-2198-4d34-8548-850ce504e7c8,ERROR-FLOW,ActionFailed,An action failed. No dependent actions succeeded.,UNKNOWN_ERROR,Ticket Created,,,2026-05-06 17:49:30.170042,2026-05-07 16:53:18.195663,False,False,0,,,,2026-05-07 07:01:00.979000,,,,,,,,,,,,,,,,,,,,,,,,,,,1,,,,,,,,,,0,0,,,,,,,,,,,,
08584237271226370233318181309CU02,4876617b-2198-4d34-8548-850ce504e7c8,Demo-1,CustomFailure,Something went wrong,UNKNOWN_ERROR,Ticket Created,,,2026-05-06 17:49:30.170042,2026-05-07 16:53:18.195663,False,False,0,,,,2026-05-07 07:01:00.979000,,,,,,,,,,,,,,,,,,,,,,,,,,,1,,,,,,,,,,0,0,,,,,,,,,,,,
08584237230238046235585621012CU18,4876617b-2198-4d34-8548-850ce504e7c8,ERROR-FLOW,ActionFailed,An action failed. No dependent actions succeeded.,UNKNOWN_ERROR,Ticket Created,,,2026-05-06 17:49:30.170042,2026-05-07 16:53:18.195663,False,False,0,,,,2026-05-07 07:01:00.979000,,,,,,,,,,,,,,,,,,,,,,,,,,,1,,,,,,,,,,0,0,,,,,,,,,,,,
08584237230328817411637073662CU09,4876617b-2198-4d34-8548-850ce504e7c8,ERROR-FLOW,ActionFailed,An action failed. No dependent actions succeeded.,UNKNOWN_ERROR,Ticket Created,,,2026-05-06 17:49:30.170042,2026-05-07 16:53:18.195663,False,False,0,,,,2026-05-07 07:01:00.979000,,,,,,,,,,,,,,,,,,,,,,,,,,,1,,,,,,,,,,0,0,,,,,,,,,,,,
08584237231175650808942610346CU00,4876617b-2198-4d34-8548-850ce504e7c8,ERROR-FLOW,InvalidTemplate,Unable to process template language expressions in action 'Compose' inputs at line '0' and column '0': 'Attempt to divide an integral or decimal value by zero in function 'div'.'.,DATA_VALIDATION,Ticket Created,,,2026-05-06 17:49:30.170042,2026-05-07 16:53:18.195663,False,False,0,,,,2026-05-07 07:01:00.979000,,,,,,,,,,,,,,,,,,,,,,,,,,,1,,,,,,,,,,0,0,,,,,,,,,,,,
08584237218548726120824684474CU02,4876617b-2198-4d34-8548-850ce504e7c8,ERROR-FLOW,InvalidTemplate,Unable to process template language expressions in action 'Compose' inputs at line '0' and column '0': 'Attempt to divide an integral or decimal value by zero in function 'div'.'.,DATA_VALIDATION,Ticket Created,,,2026-05-06 17:49:30.170042,2026-05-06 17:49:30.170042,False,False,0,,,,2026-05-07 07:01:00.979000,,,,,,,,,,,,,,,,,,,,,,,,,,,1,,,,,,,,,,0,0,,,,,,,,,,,,
08584237214980168238999521516CU10,4876617b-2198-4d34-8548-850ce504e7c8,ERROR-FLOW,ActionFailed,An action failed. No dependent actions succeeded.,UNKNOWN_ERROR,Ticket Created,,,2026-05-06 17:49:30.170042,2026-05-06 17:49:30.170042,False,False,0,,,,2026-05-07 07:01:00.979000,,,,,,,,,,,,,,,,,,,,,,,,,,,1,,,,,,,,,,0,0,,,,,,,,,,,,
08584237242602077093423053520CU01,4876617b-2198-4d34-8548-850ce504e7c8,ERROR-FLOW,ActionFailed,An action failed. No dependent actions succeeded.,UNKNOWN_ERROR,Ticket Created,,,2026-05-06 17:49:30.170042,2026-05-07 16:58:00.002572,False,False,0,,,,2026-05-07 07:01:00.979000,,,,,,,,,,,,,,,,,,,,,,,,,,,1,,,,,,,,,,0,0,,,,,,,,,,,,
08584237244314433284779905122CU31,4876617b-2198-4d34-8548-850ce504e7c8,ERROR-FLOW,ActionFailed,An action failed. No dependent actions succeeded.,UNKNOWN_ERROR,Ticket Created,,,2026-05-06 17:49:30.170042,2026-05-07 16:58:00.002572,False,False,0,,,,2026-05-07 07:01:00.979000,,,,,,,,,,,,,,,,,,,,,,,,,,,1,,,,,,,,,,0,0,,,,,,,,,,,,
08584237235880972256238812671CU29,4876617b-2198-4d34-8548-850ce504e7c8,ERROR-FLOW,ActionFailed,An action failed. No dependent actions succeeded.,UNKNOWN_ERROR,Ticket Created,,,2026-05-06 17:49:30.170042,2026-05-07 16:58:00.002572,False,False,0,,,,2026-05-07 07:01:00.979000,,,,,,,,,,,,,,,,,,,,,,,,,,,1,,,,,,,,,,0,0,,,,,,,,,,,,
08584237235779271822593067191CU04,4876617b-2198-4d34-8548-850ce504e7c8,ERROR-FLOW,ActionFailed,An action failed. No dependent actions succeeded.,UNKNOWN_ERROR,Ticket Created,,,2026-05-06 17:49:30.170042,2026-05-07 16:58:00.002572,False,False,0,,,,2026-05-07 07:01:00.979000,,,,,,,,,,,,,,,,,,,,,,,,,,,1,,,,,,,,,,0,0,,,,,,,,,,,,
08584237252731076291568248363CU22,4876617b-2198-4d34-8548-850ce504e7c8,ERROR-FLOW,InvalidTemplate,Unable to process template language expressions in action 'Compose' inputs at line '0' and column '0': 'Attempt to divide an integral or decimal value by zero in function 'div'.'.,DATA_VALIDATION,Ticket Created,,,2026-05-06 17:49:30.170042,2026-05-07 16:58:00.002572,False,False,0,,,,2026-05-07 07:01:00.979000,,,,,,,,,,,,,,,,,,,,,,,,,,,1,,,,,,,,,,0,0,,,,,,,,,,,,
08584237256157693908864843860CU04,4876617b-2198-4d34-8548-850ce504e7c8,ERROR-FLOW,InvalidTemplate,Unable to process template language expressions in action 'Compose' inputs at line '0' and column '0': 'Attempt to divide an integral or decimal value by zero in function 'div'.'.,DATA_VALIDATION,Ticket Created,,,2026-05-06 17:49:30.170042,2026-05-07 16:58:00.002572,False,False,0,,,,2026-05-07 07:01:00.979000,,,,,,,,,,,,,,,,,,,,,,,,,,,1,,,,,,,,,,0,0,,,,,,,,,,,,
08584237257808384767211201637CU06,4876617b-2198-4d34-8548-850ce504e7c8,ERROR-FLOW,ActionFailed,An action failed. No dependent actions succeeded.,UNKNOWN_ERROR,Ticket Created,,,2026-05-06 17:49:30.170042,2026-05-07 16:58:00.002572,False,False,0,,,,2026-05-07 07:01:00.979000,,,,,,,,,,,,,,,,,,,,,,,,,,,1,,,,,,,,,,0,0,,,,,,,,,,,,
08584237265562563923342071620CU09,4876617b-2198-4d34-8548-850ce504e7c8,ERROR-FLOW,ActionFailed,An action failed. No dependent actions succeeded.,UNKNOWN_ERROR,Ticket Created,,,2026-05-06 17:49:30.170042,2026-05-07 16:58:00.002572,False,False,0,,,,2026-05-07 07:01:00.979000,,,,,,,,,,,,,,,,,,,,,,,,,,,1,,,,,,,,,,0,0,,,,,,,,,,,,
08584237144019684140998122315CU10,4876617b-2198-4d34-8548-850ce504e7c8,gdrive-logic-app,,,UNKNOWN_ERROR,Ticket Created,,,2026-05-06 17:49:30.170042,2026-05-06 17:49:30.170042,False,False,0,,,,2026-05-07 07:01:00.979000,,,,,,,,,,,,,,,,,,,,,,,,,,,1,,,,,,,,,,0,0,,,,,,,,,,,,
08584237146712992883322399615CU17,4876617b-2198-4d34-8548-850ce504e7c8,gdrive-logic-app,ActionFailed,An action failed. No dependent actions succeeded.,UNKNOWN_ERROR,Ticket Created,,,2026-05-06 17:49:30.170042,2026-05-06 17:49:30.170042,False,False,0,,,,2026-05-07 07:01:00.979000,,,,,,,,,,,,,,,,,,,,,,,,,,,1,,,,,,,,,,0,0,,,,,,,,,,,,
08584237220298141172850856220CU28,4876617b-2198-4d34-8548-850ce504e7c8,ERROR-FLOW,InvalidTemplate,Unable to process template language expressions in action 'Compose' inputs at line '0' and column '0': 'Attempt to divide an integral or decimal value by zero in function 'div'.'.,DATA_VALIDATION,Fix Attempted,unknown,attempted,2026-05-06 17:49:30.170042,2026-05-06 17:49:30.170042,True,False,0,,,,2026-05-07 07:01:00.979000,,,,,,,,,,,,,,,,,,,,,,,,,,,1,,,,,,,,,,0,0,,,,,,,,,,,,
08584237148455809313133728718CU22,4876617b-2198-4d34-8548-850ce504e7c8,gdrive-logic-app,ActionFailed,An action failed. No dependent actions succeeded.,UNKNOWN_ERROR,Ticket Created,,,2026-05-06 17:49:30.170042,2026-05-06 17:49:30.170042,False,False,0,,,,2026-05-07 07:01:00.979000,,,,,,,,,,,,,,,,,,,,,,,,,,,1,,,,,,,,,,0,0,,,,,,,,,,,,
08584237149082976402825133439CU22,4876617b-2198-4d34-8548-850ce504e7c8,gdrive-logic-app,InvalidTemplate,Unable to process template language expressions for action 'Condition' at line '0' and column '0': 'The template language function 'endsWith' expects its first parameter to be of type string. The provided value is of type 'Null'. Please see https://aka.ms/logicexpressions#endswith for usage details.'.,NULL_REFERENCE_ERROR,Ticket Created,,,2026-05-06 17:49:30.170042,2026-05-06 17:49:30.170042,False,False,0,,,,2026-05-07 07:01:00.979000,,,,,,,,,,,,,,,,,,,,,,,,,,,1,,,,,,,,,,0,0,,,,,,,,,,,,
08584237240922535191223402438CU12,4876617b-2198-4d34-8548-850ce504e7c8,ERROR-FLOW,ActionFailed,An action failed. No dependent actions succeeded.,UNKNOWN_ERROR,Fix Attempted,unknown,attempted,2026-05-06 17:49:30.170042,2026-05-06 17:49:30.170042,True,False,0,,,,2026-05-07 07:01:00.979000,,,,,,,,,,,,,,,,,,,,,,,,,,,1,,,,,,,,,,0,0,,,,,,,,,,,,
08584237221156631100966611954CU21,4876617b-2198-4d34-8548-850ce504e7c8,ERROR-FLOW,ActionFailed,An action failed. No dependent actions succeeded.,UNKNOWN_ERROR,Fix Attempted,unknown,attempted,2026-05-06 17:49:30.170042,2026-05-06 17:49:30.170042,True,False,0,,,,2026-05-07 07:01:00.979000,,,,,,,,,,,,,,,,,,,,,,,,,,,1,,,,,,,,,,0,0,,,,,,,,,,,,
08584237161962133615312366080CU18,4876617b-2198-4d34-8548-850ce504e7c8,ERROR-FLOW,InvalidTemplate,Unable to process template language expressions in action 'Compose' inputs at line '0' and column '0': 'The template language function 'div' expects its second parameter to be an integer or a decimal number. The provided value is of type 'Null'. Please see https://aka.ms/logicexpressions#div for usage details.'.,NULL_REFERENCE_ERROR,Fix Attempted,unknown,attempted,2026-05-06 17:49:30.170042,2026-05-06 17:49:30.170042,True,False,0,,,,2026-05-07 07:01:00.979000,,,,,,,,,,,,,,,,,,,,,,,,,,,1,,,,,,,,,,0,0,,,,,,,,,,,,
08584237233891316323973783214CU10,4876617b-2198-4d34-8548-850ce504e7c8,ERROR-FLOW,InvalidTemplate,Unable to process template language expressions in action 'Compose' inputs at line '0' and column '0': 'Attempt to divide an integral or decimal value by zero in function 'div'.'.,DATA_VALIDATION,Ticket Created,,,2026-05-06 17:49:30.170042,2026-05-07 16:53:18.195663,False,False,0,,,,2026-05-07 07:01:00.979000,,,,,,,,,,,,,,,,,,,,,,,,,,,1,,,,,,,,,,0,0,,,,,,,,,,,,
08584237236062974603484457775CU12,4876617b-2198-4d34-8548-850ce504e7c8,ERROR-FLOW,ActionFailed,An action failed. No dependent actions succeeded.,UNKNOWN_ERROR,Ticket Created,,,2026-05-06 17:49:30.170042,2026-05-07 16:58:00.002572,False,False,0,,,,2026-05-07 07:01:00.979000,,,,,,,,,,,,,,,,,,,,,,,,,,,1,,,,,,,,,,0,0,,,,,,,,,,,,
08584237214984013112770639995CU00,4876617b-2198-4d34-8548-850ce504e7c8,ERROR-FLOW,ActionFailed,An action failed. No dependent actions succeeded.,UNKNOWN_ERROR,Ticket Created,,,2026-05-06 17:49:30.170042,2026-05-06 17:49:30.170042,False,False,0,,,,2026-05-07 07:01:00.979000,,,,,,,,,,,,,,,,,,,,,,,,,,,1,,,,,,,,,,0,0,,,,,,,,,,,,
08584237215934035500732021037CU28,4876617b-2198-4d34-8548-850ce504e7c8,ERROR-FLOW,ActionFailed,An action failed. No dependent actions succeeded.,UNKNOWN_ERROR,Ticket Created,,,2026-05-06 17:49:30.170042,2026-05-06 17:49:30.170042,False,False,0,,,,2026-05-07 07:01:00.979000,,,,,,,,,,,,,,,,,,,,,,,,,,,1,,,,,,,,,,0,0,,,,,,,,,,,,
08584237216212238849419629643CU07,4876617b-2198-4d34-8548-850ce504e7c8,ERROR-FLOW,InvalidTemplate,Unable to process template language expressions in action 'Compose' inputs at line '0' and column '0': 'Attempt to divide an integral or decimal value by zero in function 'div'.'.,DATA_VALIDATION,Ticket Created,,,2026-05-06 17:49:30.170042,2026-05-06 17:49:30.170042,False,False,0,,,,2026-05-07 07:01:00.979000,,,,,,,,,,,,,,,,,,,,,,,,,,,1,,,,,,,,,,0,0,,,,,,,,,,,,
08584237216488991799129503716CU24,4876617b-2198-4d34-8548-850ce504e7c8,ERROR-FLOW,ActionFailed,An action failed. No dependent actions succeeded.,UNKNOWN_ERROR,Ticket Created,,,2026-05-06 17:49:30.170042,2026-05-06 17:49:30.170042,False,False,0,,,,2026-05-07 07:01:00.979000,,,,,,,,,,,,,,,,,,,,,,,,,,,1,,,,,,,,,,0,0,,,,,,,,,,,,
08584237216648027376057536899CU03,4876617b-2198-4d34-8548-850ce504e7c8,ERROR-FLOW,ActionFailed,An action failed. No dependent actions succeeded.,UNKNOWN_ERROR,Ticket Created,,,2026-05-06 17:49:30.170042,2026-05-06 17:49:30.170042,False,False,0,,,,2026-05-07 07:01:00.979000,,,,,,,,,,,,,,,,,,,,,,,,,,,1,,,,,,,,,,0,0,,,,,,,,,,,,
08584237254402643764352347985CU19,4876617b-2198-4d34-8548-850ce504e7c8,ERROR-FLOW,ActionFailed,An action failed. No dependent actions succeeded.,UNKNOWN_ERROR,Fix Attempted,unknown,attempted,2026-05-06 17:49:30.170042,2026-05-06 17:49:30.170042,True,False,0,,,,2026-05-07 07:01:00.979000,,,,,,,,,,,,,,,,,,,,,,,,,,,1,,,,,,,,,,0,0,,,,,,,,,,,,
08584237216319891982780538139CU11,4876617b-2198-4d34-8548-850ce504e7c8,ERROR-FLOW,ActionFailed,An action failed. No dependent actions succeeded.,UNKNOWN_ERROR,Ticket Created,,,2026-05-06 17:49:30.170042,2026-05-06 17:49:30.170042,False,False,0,,,,2026-05-07 07:01:00.979000,,,,,,,,,,,,,,,,,,,,,,,,,,,1,,,,,,,,,,0,0,,,,,,,,,,,,
08584237217682442586041196098CU14,4876617b-2198-4d34-8548-850ce504e7c8,ERROR-FLOW,ActionFailed,An action failed. No dependent actions succeeded.,UNKNOWN_ERROR,Ticket Created,,,2026-05-06 17:49:30.170042,2026-05-06 17:49:30.170042,False,False,0,,,,2026-05-07 07:01:00.979000,,,,,,,,,,,,,,,,,,,,,,,,,,,1,,,,,,,,,,0,0,,,,,,,,,,,,
08584237217469673435299336896CU05,4876617b-2198-4d34-8548-850ce504e7c8,ERROR-FLOW,ActionFailed,An action failed. No dependent actions succeeded.,UNKNOWN_ERROR,Ticket Created,,,2026-05-06 17:49:30.170042,2026-05-06 17:49:30.170042,False,False,0,,,,2026-05-07 07:01:00.979000,,,,,,,,,,,,,,,,,,,,,,,,,,,1,,,,,,,,,,0,0,,,,,,,,,,,,
08584237218042053585093674630CU09,4876617b-2198-4d34-8548-850ce504e7c8,ERROR-FLOW,InvalidTemplate,Unable to process template language expressions in action 'Compose' inputs at line '0' and column '0': 'Attempt to divide an integral or decimal value by zero in function 'div'.'.,DATA_VALIDATION,Ticket Created,,,2026-05-06 17:49:30.170042,2026-05-06 17:49:30.170042,False,False,0,,,,2026-05-07 07:01:00.979000,,,,,,,,,,,,,,,,,,,,,,,,,,,1,,,,,,,,,,0,0,,,,,,,,,,,,
08584237218366090109244165194CU02,4876617b-2198-4d34-8548-850ce504e7c8,ERROR-FLOW,InvalidTemplate,Unable to process template language expressions in action 'Compose' inputs at line '0' and column '0': 'Attempt to divide an integral or decimal value by zero in function 'div'.'.,DATA_VALIDATION,Ticket Created,,,2026-05-06 17:49:30.170042,2026-05-06 17:49:30.170042,False,False,0,,,,2026-05-07 07:01:00.979000,,,,,,,,,,,,,,,,,,,,,,,,,,,1,,,,,,,,,,0,0,,,,,,,,,,,,
08584237262312995914508109108CU10,4876617b-2198-4d34-8548-850ce504e7c8,ERROR-FLOW,InvalidTemplate,Unable to process template language expressions in action 'Compose' inputs at line '0' and column '0': 'Attempt to divide an integral or decimal value by zero in function 'div'.'.,DATA_VALIDATION,Fix Attempted,unknown,attempted,2026-05-06 17:49:30.170042,2026-05-06 17:49:30.170042,True,False,0,,,,2026-05-07 07:01:00.979000,,,,,,,,,,,,,,,,,,,,,,,,,,,1,,,,,,,,,,0,0,,,,,,,,,,,,
08584237217567129180204200631CU22,4876617b-2198-4d34-8548-850ce504e7c8,ERROR-FLOW,ActionFailed,An action failed. No dependent actions succeeded.,UNKNOWN_ERROR,Ticket Created,,,2026-05-06 17:49:30.170042,2026-05-06 17:49:30.170042,False,False,0,,,,2026-05-07 07:01:00.979000,,,,,,,,,,,,,,,,,,,,,,,,,,,1,,,,,,,,,,0,0,,,,,,,,,,,,
08584237217867836269494506580CU06,4876617b-2198-4d34-8548-850ce504e7c8,ERROR-FLOW,ActionFailed,An action failed. No dependent actions succeeded.,UNKNOWN_ERROR,Ticket Created,,,2026-05-06 17:49:30.170042,2026-05-06 17:49:30.170042,False,False,0,,,,2026-05-07 07:01:00.979000,,,,,,,,,,,,,,,,,,,,,,,,,,,1,,,,,,,,,,0,0,,,,,,,,,,,,
08584237223171754913608299948CU20,4876617b-2198-4d34-8548-850ce504e7c8,ERROR-FLOW,ActionFailed,An action failed. No dependent actions succeeded.,UNKNOWN_ERROR,Fix Attempted,unknown,attempted,2026-05-06 17:49:30.170042,2026-05-06 17:49:30.170042,True,False,0,,,,2026-05-07 07:01:00.979000,,,,,,,,,,,,,,,,,,,,,,,,,,,1,,,,,,,,,,0,0,,,,,,,,,,,,
08584237216719320028958898816CU04,4876617b-2198-4d34-8548-850ce504e7c8,ERROR-FLOW,ActionFailed,An action failed. No dependent actions succeeded.,UNKNOWN_ERROR,Ticket Created,,,2026-05-06 17:49:30.170042,2026-05-06 17:49:30.170042,False,False,0,,,,2026-05-07 07:01:00.979000,,,,,,,,,,,,,,,,,,,,,,,,,,,1,,,,,,,,,,0,0,,,,,,,,,,,,
08584237216913150374898898513CU01,4876617b-2198-4d34-8548-850ce504e7c8,ERROR-FLOW,InvalidTemplate,Unable to process template language expressions in action 'Compose' inputs at line '0' and column '0': 'Attempt to divide an integral or decimal value by zero in function 'div'.'.,DATA_VALIDATION,Ticket Created,,,2026-05-06 17:49:30.170042,2026-05-06 17:49:30.170042,False,False,0,,,,2026-05-07 07:01:00.979000,,,,,,,,,,,,,,,,,,,,,,,,,,,1,,,,,,,,,,0,0,,,,,,,,,,,,
08584235458128827589659884134CU30,4876617b-2198-4d34-8548-850ce504e7c8,ERROR-FLOW,ActionFailed,An action failed. No dependent actions succeeded.,UNKNOWN_ERROR,Ticket Created,,,2026-05-06 15:46:25.987163,2026-05-07 16:58:00.002572,False,False,0,,,,2026-05-07 07:01:00.979000,,,,,,,,,,,,,,,,,,,,,,,,,,,1,,,,,,,,,,0,0,,,,,,,,,,,,
08584235515210059008513767574CU31,4876617b-2198-4d34-8548-850ce504e7c8,Logic_Apps_test,InvalidTemplate,Unable to process template language expressions in action 'Parse_JSON' inputs at line '0' and column '0': 'Required property 'content' expects a value but got null. Path ''.'.,NULL_REFERENCE_ERROR,Ticket Created,,,2026-05-06 15:46:25.987163,2026-05-07 16:58:00.002572,False,False,0,,,,2026-05-07 07:01:00.979000,,,,,,,,,,,,,,,,,,,,,,,,,,,1,,,,,,,,,,0,0,,,,,,,,,,,,
08584235454627974168551048695CU09,4876617b-2198-4d34-8548-850ce504e7c8,ERROR-FLOW,ActionFailed,An action failed. No dependent actions succeeded.,UNKNOWN_ERROR,Ticket Created,,,2026-05-06 15:46:25.987163,2026-05-07 16:58:00.002572,False,False,0,,,,2026-05-07 07:01:00.979000,,,,,,,,,,,,,,,,,,,,,,,,,,,1,,,,,,,,,,0,0,,,,,,,,,,,,
08584235523229079442760295755CU03,4876617b-2198-4d34-8548-850ce504e7c8,Logic_Apps_test,InvalidTemplate,Unable to process template language expressions in action 'Parse_JSON' inputs at line '0' and column '0': 'Required property 'content' expects a value but got null. Path ''.'.,NULL_REFERENCE_ERROR,Ticket Created,,,2026-05-06 15:46:25.987163,2026-05-07 16:58:00.002572,False,False,0,,,,2026-05-07 07:01:00.979000,,,,,,,,,,,,,,,,,,,,,,,,,,,1,,,,,,,,,,0,0,,,,,,,,,,,,
08584235499074158588543369511CU21,4876617b-2198-4d34-8548-850ce504e7c8,Logic_Apps_test,ActionFailed,An action failed. No dependent actions succeeded.,UNKNOWN_ERROR,Ticket Created,,,2026-05-06 15:46:25.987163,2026-05-07 16:58:00.002572,False,False,0,,,,2026-05-07 07:01:00.979000,,,,,,,,,,,,,,,,,,,,,,,,,,,1,,,,,,,,,,0,0,,,,,,,,,,,,
08584235596977309091820462380CU14,4876617b-2198-4d34-8548-850ce504e7c8,gdrive-logic-app,ActionFailed,An action failed. No dependent actions succeeded.,UNKNOWN_ERROR,Ticket Created,,,2026-05-06 15:46:25.987163,2026-05-07 16:58:00.002572,False,False,0,,,,2026-05-07 07:01:00.979000,,,,,,,,,,,,,,,,,,,,,,,,,,,1,,,,,,,,,,0,0,,,,,,,,,,,,
08584235596815960612696824507CU04,4876617b-2198-4d34-8548-850ce504e7c8,ERROR-FLOW,ActionFailed,An action failed. No dependent actions succeeded.,UNKNOWN_ERROR,Fix Attempted,unknown,attempted,2026-05-06 15:46:25.987163,2026-05-07 16:58:00.002572,True,False,0,,,,2026-05-07 07:01:00.979000,,"The Compose action's div() expression evaluated a null/non-numeric denominator because the referenced dynamic output/variable wasn't produced or was empty, so the template engine rejected the expression (expression references must exist and be numeric).",Apply fix: attempted,0.95,,,,,,,,,,,,,,,,,,,,,,,1,,,,,,,,,,0,0,,,,,,,,,,,,
08584236272898650830947901308CU17,4876617b-2198-4d34-8548-850ce504e7c8,gdrive-logic-app,ActionFailed,An action failed. No dependent actions succeeded.,UNKNOWN_ERROR,Ticket Created,,,2026-05-06 15:46:25.987163,2026-05-07 16:58:00.002572,False,False,0,,,,2026-05-07 07:01:00.979000,,,,,,,,,,,,,,,,,,,,,,,,,,,1,,,,,,,,,,0,0,,,,,,,,,,,,
08584235550034911214716195529CU07,4876617b-2198-4d34-8548-850ce504e7c8,ERROR-FLOW,InvalidTemplate,Unable to process template language expressions in action 'Compose' inputs at line '0' and column '0': 'The template language function 'div' expects its second parameter to be an integer or a decimal number. The provided value is of type 'Null'. Please see https://aka.ms/logicexpressions#div for usage details.'.,NULL_REFERENCE_ERROR,Ticket Created,,,2026-05-06 15:46:25.987163,2026-05-07 16:58:00.002572,False,False,0,,,,2026-05-07 07:01:00.979000,,,,,,,,,,,,,,,,,,,,,,,,,,,1,,,,,,,,,,0,0,,,,,,,,,,,,
08584235508324806066851744584CU09,4876617b-2198-4d34-8548-850ce504e7c8,ERROR-FLOW,ActionFailed,An action failed. No dependent actions succeeded.,UNKNOWN_ERROR,Fix Attempted,unknown,attempted,2026-05-06 15:46:25.987163,2026-05-07 16:58:00.002572,True,False,0,,,,2026-05-07 07:01:00.979000,,"The Compose action's div() expression evaluated a null/non-numeric denominator because the referenced dynamic output/variable wasn't produced or was empty, so the template engine rejected the expression (expression references must exist and be numeric).",Apply fix: attempted,0.95,,,,,,,,,,,,,,,,,,,,,,,1,,,,,,,,,,0,0,,,,,,,,,,,,
08584235508488204142720171001CU28,4876617b-2198-4d34-8548-850ce504e7c8,ERROR-FLOW,ActionFailed,An action failed. No dependent actions succeeded.,UNKNOWN_ERROR,Fix Attempted,unknown,attempted,2026-05-06 15:46:25.987163,2026-05-07 16:58:00.002572,True,False,0,,,,2026-05-07 07:01:00.979000,,"The Compose action's div() expression evaluated a null/non-numeric denominator because the referenced dynamic output/variable wasn't produced or was empty, so the template engine rejected the expression (expression references must exist and be numeric).",Apply fix: attempted,0.95,,,,,,,,,,,,,,,,,,,,,,,1,,,,,,,,,,0,0,,,,,,,,,,,,
08584236272741907920287757698CU29,4876617b-2198-4d34-8548-850ce504e7c8,gdrive-logic-app,ActionFailed,An action failed. No dependent actions succeeded.,UNKNOWN_ERROR,Ticket Created,,,2026-05-06 15:46:25.987163,2026-05-07 16:58:00.002572,False,False,0,,,,2026-05-07 07:01:00.979000,,,,,,,,,,,,,,,,,,,,,,,,,,,1,,,,,,,,,,0,0,,,,,,,,,,,,
08584235452148932996902736173CU25,4876617b-2198-4d34-8548-850ce504e7c8,ERROR-FLOW,InvalidTemplate,Unable to process template language expressions in action 'Compose' inputs at line '0' and column '0': 'The template language function 'float' was invoked with a parameter that is not valid. The value cannot be converted to the target type.'.,UNKNOWN_ERROR,Ticket Created,,,2026-05-06 15:46:25.987163,2026-05-07 16:58:00.002572,False,False,0,,,,2026-05-07 07:01:00.979000,,,,,,,,,,,,,,,,,,,,,,,,,,,1,,,,,,,,,,0,0,,,,,,,,,,,,
08584235543189918541353542147CU30,4876617b-2198-4d34-8548-850ce504e7c8,Logic_Apps_test,ActionFailed,An action failed. No dependent actions succeeded.,UNKNOWN_ERROR,Ticket Created,,,2026-05-06 15:46:25.987163,2026-05-07 16:58:00.002572,False,False,0,,,,2026-05-07 07:01:00.979000,,,,,,,,,,,,,,,,,,,,,,,,,,,1,,,,,,,,,,0,0,,,,,,,,,,,,
08584235484418208074033010945CU19,4876617b-2198-4d34-8548-850ce504e7c8,Logic_Apps_test,InvalidTemplate,Unable to process template language expressions in action 'Parse_JSON' inputs at line '0' and column '0': 'The template function 'type' is not defined or not valid.'.,SCHEMA_ERROR,Ticket Created,,,2026-05-06 15:46:25.987163,2026-05-07 16:58:00.002572,False,False,0,,,,2026-05-07 07:01:00.979000,,,,,,,,,,,,,,,,,,,,,,,,,,,1,,,,,,,,,,0,0,,,,,,,,,,,,
08584235493287965390878641955CU21,4876617b-2198-4d34-8548-850ce504e7c8,Logic_Apps_test,ActionFailed,An action failed. No dependent actions succeeded.,UNKNOWN_ERROR,Ticket Created,,,2026-05-06 15:46:25.987163,2026-05-07 16:58:00.002572,False,False,0,,,,2026-05-07 07:01:00.979000,,,,,,,,,,,,,,,,,,,,,,,,,,,1,,,,,,,,,,0,0,,,,,,,,,,,,
08584236273432681484986166391CU21,4876617b-2198-4d34-8548-850ce504e7c8,DataType-FLOW,ActionFailed,An action failed. No dependent actions succeeded.,UNKNOWN_ERROR,Ticket Created,,,2026-05-06 15:46:25.987163,2026-05-07 16:58:00.002572,False,False,0,,,,2026-05-07 07:01:00.979000,,,,,,,,,,,,,,,,,,,,,,,,,,,1,,,,,,,,,,0,0,,,,,,,,,,,,
08584235494104972054365672650CU23,4876617b-2198-4d34-8548-850ce504e7c8,Logic_Apps_test,ActionFailed,An action failed. No dependent actions succeeded.,UNKNOWN_ERROR,Ticket Created,,,2026-05-06 15:46:25.987163,2026-05-07 16:58:00.002572,False,False,0,,,,2026-05-07 07:01:00.979000,,,,,,,,,,,,,,,,,,,,,,,,,,,1,,,,,,,,,,0,0,,,,,,,,,,,,
08584235509509965569751936843CU02,4876617b-2198-4d34-8548-850ce504e7c8,Logic_Apps_test,InvalidTemplate,Unable to process template language expressions in action 'Parse_JSON' inputs at line '0' and column '0': 'Required property 'content' expects a value but got null. Path ''.'.,NULL_REFERENCE_ERROR,Ticket Created,,,2026-05-06 15:46:25.987163,2026-05-07 16:58:00.002572,False,False,0,,,,2026-05-07 07:01:00.979000,,,,,,,,,,,,,,,,,,,,,,,,,,,1,,,,,,,,,,0,0,,,,,,,,,,,,
08584235496214053789294644944CU17,4876617b-2198-4d34-8548-850ce504e7c8,Logic_Apps_test,ActionFailed,An action failed. No dependent actions succeeded.,UNKNOWN_ERROR,Ticket Created,,,2026-05-06 15:46:25.987163,2026-05-07 16:58:00.002572,False,False,0,,,,2026-05-07 07:01:00.979000,,,,,,,,,,,,,,,,,,,,,,,,,,,1,,,,,,,,,,0,0,,,,,,,,,,,,
08584235518391963252998836464CU27,4876617b-2198-4d34-8548-850ce504e7c8,Logic_Apps_test,ActionFailed,An action failed. No dependent actions succeeded.,UNKNOWN_ERROR,Ticket Created,,,2026-05-06 15:46:25.987163,2026-05-07 16:58:00.002572,False,False,0,,,,2026-05-07 07:01:00.979000,,,,,,,,,,,,,,,,,,,,,,,,,,,1,,,,,,,,,,0,0,,,,,,,,,,,,
08584235515596745352916628585CU06,4876617b-2198-4d34-8548-850ce504e7c8,Logic_Apps_test,ActionFailed,An action failed. No dependent actions succeeded.,UNKNOWN_ERROR,Ticket Created,,,2026-05-06 15:46:25.987163,2026-05-07 16:58:00.002572,False,False,0,,,,2026-05-07 07:01:00.979000,,,,,,,,,,,,,,,,,,,,,,,,,,,1,,,,,,,,,,0,0,,,,,,,,,,,,
08584236273329880612417784418CU27,4876617b-2198-4d34-8548-850ce504e7c8,gdrive-logic-app,ActionFailed,An action failed. No dependent actions succeeded.,UNKNOWN_ERROR,Ticket Created,,,2026-05-06 15:46:25.987163,2026-05-07 16:58:00.002572,False,False,0,,,,2026-05-07 07:01:00.979000,,,,,,,,,,,,,,,,,,,,,,,,,,,1,,,,,,,,,,0,0,,,,,,,,,,,,
08584237103944114850742421686CU14,4876617b-2198-4d34-8548-850ce504e7c8,Demo-1,CustomFailure,Something went wrong,UNKNOWN_ERROR,Ticket Created,,,2026-05-04 12:08:12.079975,2026-05-07 14:14:10.903442,False,False,0,,,,2026-05-07 08:44:11.187000,,,,,,,,,,,,,,,,,,,,,,,,,,,1,,,,,,,,,,0,0,,,,,,,,,,,,
08584237146836153263518041187CU14,4876617b-2198-4d34-8548-850ce504e7c8,gdrive-logic-app,InvalidTemplate,Unable to process template language expressions for action 'Condition' at line '0' and column '0': 'The template language function 'endsWith' expects its first parameter to be of type string. The provided value is of type 'Null'. Please see https://aka.ms/logicexpressions#endswith for usage details.'.,NULL_REFERENCE_ERROR,Ticket Created,,,2026-05-04 10:56:42.590923,2026-05-07 14:14:00.329600,False,False,0,,,,2026-05-07 08:44:00.614000,,,,,,,,,,,,,,,,,,,,,,,,,,,1,,,,,,,,,,0,0,,,,,,,,,,,,
08584237146964265401283263847CU23,4876617b-2198-4d34-8548-850ce504e7c8,gdrive-logic-app,InvalidTemplate,Unable to process template language expressions for action 'Condition' at line '0' and column '0': 'The template language function 'endsWith' expects its first parameter to be of type string. The provided value is of type 'Null'. Please see https://aka.ms/logicexpressions#endswith for usage details.'.,NULL_REFERENCE_ERROR,Ticket Created,,,2026-05-04 10:56:29.513195,2026-05-07 14:14:26.641092,False,False,0,,,,2026-05-07 08:44:26.924000,,,,,,,,,,,,,,,,,,,,,,,,,,,1,,,,,,,,,,0,0,,,,,,,,,,,,
08584237148328648254011825715CU22,4876617b-2198-4d34-8548-850ce504e7c8,gdrive-logic-app,ActionFailed,An action failed. No dependent actions succeeded.,UNKNOWN_ERROR,Ticket Created,,,2026-05-04 10:54:12.956504,2026-05-07 14:14:19.660106,False,False,0,,,,2026-05-07 08:44:19.944000,,,,,,,,,,,,,,,,,,,,,,,,,,,1,,,,,,,,,,0,0,,,,,,,,,,,,
08584237148580363883153382070CU29,4876617b-2198-4d34-8548-850ce504e7c8,gdrive-logic-app,InvalidTemplate,Unable to process template language expressions for action 'Condition' at line '0' and column '0': 'The template language function 'endsWith' expects its first parameter to be of type string. The provided value is of type 'Null'. Please see https://aka.ms/logicexpressions#endswith for usage details.'.,NULL_REFERENCE_ERROR,Ticket Created,,,2026-05-04 10:53:48.301281,2026-05-07 14:14:02.591049,False,False,0,,,,2026-05-07 08:44:02.875000,,,,,,,,,,,,,,,,,,,,,,,,,,,1,,,,,,,,,,0,0,,,,,,,,,,,,
08584237149380036693633530544CU15,4876617b-2198-4d34-8548-850ce504e7c8,gdrive-logic-app,ActionFailed,An action failed. No dependent actions succeeded.,UNKNOWN_ERROR,Ticket Created,,,2026-05-04 10:52:28.524050,2026-05-07 14:13:54.205719,False,False,0,,,,2026-05-07 08:43:54.489000,,,,,,,,,,,,,,,,,,,,,,,,,,,1,,,,,,,,,,0,0,,,,,,,,,,,,
08584237149685720927221269418CU10,4876617b-2198-4d34-8548-850ce504e7c8,gdrive-logic-app,ActionFailed,An action failed. No dependent actions succeeded.,UNKNOWN_ERROR,Ticket Created,,,2026-05-04 10:51:57.541255,2026-05-07 14:14:23.239617,False,False,0,,,,2026-05-07 08:44:23.524000,,,,,,,,,,,,,,,,,,,,,,,,,,,1,,,,,,,,,,0,0,,,,,,,,,,,,
08584237149959030969016959900CU08,4876617b-2198-4d34-8548-850ce504e7c8,gdrive-logic-app,ActionFailed,An action failed. No dependent actions succeeded.,UNKNOWN_ERROR,Ticket Created,,,2026-05-04 10:51:30.280576,2026-05-07 14:14:18.440195,False,False,0,,,,2026-05-07 08:44:18.724000,,,,,,,,,,,,,,,,,,,,,,,,,,,1,,,,,,,,,,0,0,,,,,,,,,,,,
08584237149996451941503619776CU10,4876617b-2198-4d34-8548-850ce504e7c8,gdrive-logic-app,ActionFailed,An action failed. No dependent actions succeeded.,UNKNOWN_ERROR,Ticket Created,,,2026-05-04 10:51:26.185888,2026-05-07 14:14:27.213601,False,False,0,,,,2026-05-07 08:44:27.497000,,,,,,,,,,,,,,,,,,,,,,,,,,,1,,,,,,,,,,0,0,,,,,,,,,,,,
08584237152548490627782322230CU14,4876617b-2198-4d34-8548-850ce504e7c8,gdrive-logic-app,ActionFailed,An action failed. No dependent actions succeeded.,UNKNOWN_ERROR,Ticket Created,,,2026-05-04 10:47:11.233060,2026-05-07 14:14:25.481568,False,False,0,,,,2026-05-07 08:44:25.766000,,,,,,,,,,,,,,,,,,,,,,,,,,,1,,,,,,,,,,0,0,,,,,,,,,,,,
08584237153976908676126551615CU06,4876617b-2198-4d34-8548-850ce504e7c8,gdrive-logic-app,InvalidTemplate,Unable to process template language expressions for action 'Condition' at line '0' and column '0': 'The template language function 'endsWith' expects its first parameter to be of type string. The provided value is of type 'Null'. Please see https://aka.ms/logicexpressions#endswith for usage details.'.,NULL_REFERENCE_ERROR,Ticket Created,,,2026-05-04 10:44:48.874328,2026-05-07 14:14:11.473812,False,False,0,,,,2026-05-07 08:44:11.758000,,,,,,,,,,,,,,,,,,,,,,,,,,,1,,,,,,,,,,0,0,,,,,,,,,,,,
08584237155391063161841247872CU28,4876617b-2198-4d34-8548-850ce504e7c8,gdrive-logic-app,ActionFailed,An action failed. No dependent actions succeeded.,UNKNOWN_ERROR,Ticket Created,,,2026-05-04 10:42:27.212383,2026-05-07 14:13:59.759324,False,False,0,,,,2026-05-07 08:44:00.043000,,,,,,,,,,,,,,,,,,,,,,,,,,,1,,,,,,,,,,0,0,,,,,,,,,,,,
08584237156806571816901809246CU09,4876617b-2198-4d34-8548-850ce504e7c8,gdrive-logic-app,InvalidTemplate,Unable to process template language expressions for action 'Condition' at line '0' and column '0': 'The template language function 'endsWith' expects its first parameter to be of type string. The provided value is of type 'Null'. Please see https://aka.ms/logicexpressions#endswith for usage details.'.,NULL_REFERENCE_ERROR,Ticket Created,,,2026-05-04 10:40:06.117202,2026-05-07 14:14:13.470778,False,False,0,,,,2026-05-07 08:44:13.755000,,,,,,,,,,,,,,,,,,,,,,,,,,,1,,,,,,,,,,0,0,,,,,,,,,,,,
08584237159294909367655749017CU09,4876617b-2198-4d34-8548-850ce504e7c8,gdrive-logic-app,InvalidTemplate,Unable to process template language expressions for action 'Condition' at line '0' and column '0': 'The template language function 'endsWith' expects its first parameter to be of type string. The provided value is of type 'Null'. Please see https://aka.ms/logicexpressions#endswith for usage details.'.,NULL_REFERENCE_ERROR,Ticket Created,,,2026-05-04 10:35:56.478048,2026-05-07 14:13:52.044951,False,False,0,,,,2026-05-07 08:43:52.329000,,,,,,,,,,,,,,,,,,,,,,,,,,,1,,,,,,,,,,0,0,,,,,,,,,,,,
08584237164256473900560724993CU31,4876617b-2198-4d34-8548-850ce504e7c8,ERROR-FLOW,InvalidTemplate,Unable to process template language expressions in action 'Compose' inputs at line '0' and column '0': 'The template language function 'div' expects its second parameter to be an integer or a decimal number. The provided value is of type 'Null'. Please see https://aka.ms/logicexpressions#div for usage details.'.,NULL_REFERENCE_ERROR,Ticket Created,,,2026-05-04 10:27:40.458689,2026-05-07 14:14:16.527713,False,False,0,,,,2026-05-07 08:44:16.813000,,,,,,,,,,,,,,,,,,,,,,,,,,,1,,,,,,,,,,0,0,,,,,,,,,,,,
08584237177473247119271530147CU03,4876617b-2198-4d34-8548-850ce504e7c8,ERROR-FLOW,ActionFailed,An action failed. No dependent actions succeeded.,UNKNOWN_ERROR,Ticket Created,,,2026-05-04 10:05:40.564359,2026-05-07 14:14:23.516705,False,False,0,,,,2026-05-07 08:44:23.801000,,,,,,,,,,,,,,,,,,,,,,,,,,,1,,,,,,,,,,0,0,,,,,,,,,,,,
08584237180523234366095105474CU30,4876617b-2198-4d34-8548-850ce504e7c8,ERROR-FLOW,ActionFailed,An action failed. No dependent actions succeeded.,UNKNOWN_ERROR,Ticket Created,,,2026-05-04 10:00:33.533094,2026-05-07 14:14:00.619950,False,False,0,,,,2026-05-07 08:44:00.904000,,,,,,,,,,,,,,,,,,,,,,,,,,,1,,,,,,,,,,0,0,,,,,,,,,,,,
08584237190335317166375677066CU04,4876617b-2198-4d34-8548-850ce504e7c8,ERROR-FLOW,InvalidTemplate,Unable to process template language expressions in action 'Compose' inputs at line '0' and column '0': 'The template language function 'div' expects its second parameter to be an integer or a decimal number. The provided value is of type 'Null'. Please see https://aka.ms/logicexpressions#div for usage details.'.,NULL_REFERENCE_ERROR,Ticket Created,,,2026-05-04 09:44:12.719696,2026-05-07 14:14:17.105217,False,False,0,,,,2026-05-07 08:44:17.389000,,,,,,,,,,,,,,,,,,,,,,,,,,,1,,,,,,,,,,0,0,,,,,,,,,,,,
08584237190590805371743163715CU28,4876617b-2198-4d34-8548-850ce504e7c8,gdrive-logic-app,ActionFailed,An action failed. No dependent actions succeeded.,UNKNOWN_ERROR,Ticket Created,,,2026-05-04 09:43:48.268082,2026-05-07 14:14:01.754556,False,False,0,,,,2026-05-07 08:44:02.039000,,,,,,,,,,,,,,,,,,,,,,,,,,,1,,,,,,,,,,0,0,,,,,,,,,,,,
08584237191206077018057808012CU02,4876617b-2198-4d34-8548-850ce504e7c8,ERROR-FLOW,InvalidTemplate,Unable to process template language expressions in action 'Compose' inputs at line '0' and column '0': 'The template language function 'div' expects its second parameter to be an integer or a decimal number. The provided value is of type 'Null'. Please see https://aka.ms/logicexpressions#div for usage details.'.,NULL_REFERENCE_ERROR,Ticket Created,,,2026-05-04 09:42:45.289012,2026-05-07 14:14:03.215557,False,False,0,,,,2026-05-07 08:44:03.502000,,,,,,,,,,,,,,,,,,,,,,,,,,,1,,,,,,,,,,0,0,,,,,,,,,,,,
08584237191346445304827772356CU15,4876617b-2198-4d34-8548-850ce504e7c8,ERROR-FLOW,ActionFailed,An action failed. No dependent actions succeeded.,UNKNOWN_ERROR,Ticket Created,,,2026-05-04 09:42:31.491372,2026-05-07 14:14:13.190066,False,False,0,,,,2026-05-07 08:44:13.474000,,,,,,,,,,,,,,,,,,,,,,,,,,,1,,,,,,,,,,0,0,,,,,,,,,,,,
08584237191660289332329730124CU00,4876617b-2198-4d34-8548-850ce504e7c8,ERROR-FLOW,InvalidTemplate,Unable to process template language expressions in action 'Compose' inputs at line '0' and column '0': 'The template language function 'div' expects its second parameter to be an integer or a decimal number. The provided value is of type 'Null'. Please see https://aka.ms/logicexpressions#div for usage details.'.,NULL_REFERENCE_ERROR,Ticket Created,,,2026-05-04 09:41:59.714462,2026-05-07 14:14:13.756111,False,False,0,,,,2026-05-07 08:44:14.040000,,,,,,,,,,,,,,,,,,,,,,,,,,,1,,,,,,,,,,0,0,,,,,,,,,,,,
08584237192068539831112198801CU08,4876617b-2198-4d34-8548-850ce504e7c8,ERROR-FLOW,ActionFailed,An action failed. No dependent actions succeeded.,UNKNOWN_ERROR,Ticket Created,,,2026-05-04 09:41:19.004577,2026-05-07 14:14:08.706392,False,False,0,,,,2026-05-07 08:44:08.990000,,,,,,,,,,,,,,,,,,,,,,,,,,,1,,,,,,,,,,0,0,,,,,,,,,,,,
08584237192528125951922751749CU25,4876617b-2198-4d34-8548-850ce504e7c8,ERROR-FLOW,ActionFailed,An action failed. No dependent actions succeeded.,UNKNOWN_ERROR,Ticket Created,,,2026-05-04 09:40:33.120654,2026-05-07 14:14:02.314788,False,False,0,,,,2026-05-07 08:44:02.599000,,,,,,,,,,,,,,,,,,,,,,,,,,,1,,,,,,,,,,0,0,,,,,,,,,,,,
08584237192994535237546785908CU19,4876617b-2198-4d34-8548-850ce504e7c8,ERROR-FLOW,ActionFailed,An action failed. No dependent actions succeeded.,UNKNOWN_ERROR,Ticket Created,,,2026-05-04 09:39:46.908647,2026-05-07 14:14:01.189165,False,False,0,,,,2026-05-07 08:44:01.473000,,,,,,,,,,,,,,,,,,,,,,,,,,,1,,,,,,,,,,0,0,,,,,,,,,,,,
08584237193737511532798106080CU15,4876617b-2198-4d34-8548-850ce504e7c8,ERROR-FLOW,ActionFailed,An action failed. No dependent actions succeeded.,UNKNOWN_ERROR,Ticket Created,,,2026-05-04 09:38:32.138476,2026-05-07 14:14:01.476344,False,False,0,,,,2026-05-07 08:44:01.760000,,,,,,,,,,,,,,,,,,,,,,,,,,,1,,,,,,,,,,0,0,,,,,,,,,,,,
08584237194708357051720547293CU00,4876617b-2198-4d34-8548-850ce504e7c8,ERROR-FLOW,InvalidTemplate,Unable to process template language expressions in action 'Compose' inputs at line '0' and column '0': 'The template language function 'div' expects its second parameter to be an integer or a decimal number. The provided value is of type 'Null'. Please see https://aka.ms/logicexpressions#div for usage details.'.,NULL_REFERENCE_ERROR,Ticket Created,,,2026-05-04 09:36:55.535648,2026-05-07 14:14:18.832490,False,False,0,,,,2026-05-07 08:44:19.116000,,,,,,,,,,,,,,,,,,,,,,,,,,,1,,,,,,,,,,0,0,,,,,,,,,,,,
08584237195324476194117315519CU20,4876617b-2198-4d34-8548-850ce504e7c8,ERROR-FLOW,InvalidTemplate,Unable to process template language expressions in action 'Compose' inputs at line '0' and column '0': 'The template language function 'div' expects its second parameter to be an integer or a decimal number. The provided value is of type 'Null'. Please see https://aka.ms/logicexpressions#div for usage details.'.,NULL_REFERENCE_ERROR,Ticket Created,,,2026-05-04 09:35:53.722515,2026-05-07 14:14:07.571093,False,False,0,,,,2026-05-07 08:44:07.855000,,,,,,,,,,,,,,,,,,,,,,,,,,,1,,,,,,,,,,0,0,,,,,,,,,,,,
08584237195859166529197478205CU20,4876617b-2198-4d34-8548-850ce504e7c8,ERROR-FLOW,InvalidTemplate,Unable to process template language expressions in action 'Compose' inputs at line '0' and column '0': 'The template language function 'div' expects its second parameter to be an integer or a decimal number. The provided value is of type 'Null'. Please see https://aka.ms/logicexpressions#div for usage details.'.,NULL_REFERENCE_ERROR,Ticket Created,,,2026-05-04 09:34:59.872075,2026-05-07 14:14:09.255008,False,False,0,,,,2026-05-07 08:44:09.539000,,,,,,,,,,,,,,,,,,,,,,,,,,,1,,,,,,,,,,0,0,,,,,,,,,,,,
08584237196331537354781850079CU18,4876617b-2198-4d34-8548-850ce504e7c8,ERROR-FLOW,ActionFailed,An action failed. No dependent actions succeeded.,UNKNOWN_ERROR,Ticket Created,,,2026-05-04 09:34:13.370844,2026-05-07 14:14:30.945087,False,False,0,,,,2026-05-07 08:44:31.229000,,,,,,,,,,,,,,,,,,,,,,,,,,,1,,,,,,,,,,0,0,,,,,,,,,,,,
08584237197123672295735326481CU25,4876617b-2198-4d34-8548-850ce504e7c8,ERROR-FLOW,ActionFailed,An action failed. No dependent actions succeeded.,UNKNOWN_ERROR,Ticket Created,,,2026-05-04 09:32:53.729487,2026-05-07 14:14:19.105617,False,False,0,,,,2026-05-07 08:44:19.390000,,,,,,,,,,,,,,,,,,,,,,,,,,,1,,,,,,,,,,0,0,,,,,,,,,,,,
08584237199229669163328090840CU10,4876617b-2198-4d34-8548-850ce504e7c8,ERROR-FLOW,ActionFailed,An action failed. No dependent actions succeeded.,UNKNOWN_ERROR,Ticket Created,,,2026-05-04 09:29:23.118601,2026-05-07 14:14:02.874262,False,False,0,,,,2026-05-07 08:44:03.163000,,,,,,,,,,,,,,,,,,,,,,,,,,,1,,,,,,,,,,0,0,,,,,,,,,,,,
08584237199515714973231189365CU00,4876617b-2198-4d34-8548-850ce504e7c8,ERROR-FLOW,ActionFailed,An action failed. No dependent actions succeeded.,UNKNOWN_ERROR,Ticket Created,,,2026-05-04 09:28:54.298668,2026-05-07 14:13:53.657490,False,False,0,,,,2026-05-07 08:43:53.941000,,,,,,,,,,,,,,,,,,,,,,,,,,,1,,,,,,,,,,0,0,,,,,,,,,,,,
08584237201946461322587055983CU23,4876617b-2198-4d34-8548-850ce504e7c8,ERROR-FLOW,ActionFailed,An action failed. No dependent actions succeeded.,UNKNOWN_ERROR,Ticket Created,,,2026-05-04 09:24:51.495373,2026-05-07 14:13:58.631902,False,False,0,,,,2026-05-07 08:43:58.916000,,,,,,,,,,,,,,,,,,,,,,,,,,,1,,,,,,,,,,0,0,,,,,,,,,,,,
08584237202479672920859830531CU20,4876617b-2198-4d34-8548-850ce504e7c8,ERROR-FLOW,ActionFailed,An action failed. No dependent actions succeeded.,UNKNOWN_ERROR,Ticket Created,,,2026-05-04 09:23:58.040137,2026-05-07 14:14:12.334773,False,False,0,,,,2026-05-07 08:44:12.618000,,,,,,,,,,,,,,,,,,,,,,,,,,,1,,,,,,,,,,0,0,,,,,,,,,,,,
08584237204402962655976263062CU22,4876617b-2198-4d34-8548-850ce504e7c8,ERROR-FLOW,InvalidTemplate,Unable to process template language expressions in action 'Compose' inputs at line '0' and column '0': 'The template language function 'div' expects its second parameter to be an integer or a decimal number. The provided value is of type 'Null'. Please see https://aka.ms/logicexpressions#div for usage details.'.,NULL_REFERENCE_ERROR,Ticket Created,,,2026-05-04 09:20:45.636512,2026-05-07 14:14:00.903744,False,False,0,,,,2026-05-07 08:44:01.187000,,,,,,,,,,,,,,,,,,,,,,,,,,,1,,,,,,,,,,0,0,,,,,,,,,,,,
08584237208064525025709134325CU19,4876617b-2198-4d34-8548-850ce504e7c8,ERROR-FLOW,ActionFailed,An action failed. No dependent actions succeeded.,UNKNOWN_ERROR,Ticket Created,,,2026-05-04 09:14:39.172989,2026-05-07 14:13:54.749983,False,False,0,,,,2026-05-07 08:43:55.035000,,,,,,,,,,,,,,,,,,,,,,,,,,,1,,,,,,,,,,0,0,,,,,,,,,,,,
08584237208223281784475102443CU17,4876617b-2198-4d34-8548-850ce504e7c8,ERROR-FLOW,ActionFailed,An action failed. No dependent actions succeeded.,UNKNOWN_ERROR,Ticket Created,,,2026-05-04 09:14:24.651100,2026-05-07 14:14:21.582968,False,False,0,,,,2026-05-07 08:44:21.867000,,,,,,,,,,,,,,,,,,,,,,,,,,,1,,,,,,,,,,0,0,,,,,,,,,,,,
08584237208630837803536778235CU27,4876617b-2198-4d34-8548-850ce504e7c8,ERROR-FLOW,ActionFailed,An action failed. No dependent actions succeeded.,UNKNOWN_ERROR,Ticket Created,,,2026-05-04 09:13:43.036587,2026-05-07 14:14:10.055503,False,False,0,,,,2026-05-07 08:44:10.339000,,,,,,,,,,,,,,,,,,,,,,,,,,,1,,,,,,,,,,0,0,,,,,,,,,,,,
08584237209020892308280195966CU05,4876617b-2198-4d34-8548-850ce504e7c8,ERROR-FLOW,ActionFailed,An action failed. No dependent actions succeeded.,UNKNOWN_ERROR,Ticket Created,,,2026-05-04 09:13:03.714048,2026-05-07 14:14:04.676574,False,False,0,,,,2026-05-07 08:44:04.972000,,,,,,,,,,,,,,,,,,,,,,,,,,,1,,,,,,,,,,0,0,,,,,,,,,,,,
08584237209441834894682882167CU17,4876617b-2198-4d34-8548-850ce504e7c8,ERROR-FLOW,InvalidTemplate,Unable to process template language expressions in action 'Compose' inputs at line '0' and column '0': 'Attempt to divide an integral or decimal value by zero in function 'div'.'.,DATA_VALIDATION,Ticket Created,,,2026-05-04 09:12:21.914491,2026-05-07 14:14:14.882108,False,False,0,,,,2026-05-07 08:44:15.166000,,,,,,,,,,,,,,,,,,,,,,,,,,,1,,,,,,,,,,0,0,,,,,,,,,,,,
08584237209824240971171411666CU13,4876617b-2198-4d34-8548-850ce504e7c8,ERROR-FLOW,ActionFailed,An action failed. No dependent actions succeeded.,UNKNOWN_ERROR,Ticket Created,,,2026-05-04 09:11:43.435668,2026-05-07 14:14:30.372011,False,False,0,,,,2026-05-07 08:44:30.656000,,,,,,,,,,,,,,,,,,,,,,,,,,,1,,,,,,,,,,0,0,,,,,,,,,,,,
08584237210281704192856047226CU08,4876617b-2198-4d34-8548-850ce504e7c8,ERROR-FLOW,ActionFailed,An action failed. No dependent actions succeeded.,UNKNOWN_ERROR,Ticket Created,,,2026-05-04 09:10:57.619573,2026-05-07 14:14:28.067101,False,False,0,,,,2026-05-07 08:44:28.351000,,,,,,,,,,,,,,,,,,,,,,,,,,,1,,,,,,,,,,0,0,,,,,,,,,,,,
08584237210726958969379888065CU00,4876617b-2198-4d34-8548-850ce504e7c8,ERROR-FLOW,ActionFailed,An action failed. No dependent actions succeeded.,UNKNOWN_ERROR,Ticket Created,,,2026-05-04 09:10:13.340164,2026-05-07 14:14:16.819002,False,False,0,,,,2026-05-07 08:44:17.103000,,,,,,,,,,,,,,,,,,,,,,,,,,,1,,,,,,,,,,0,0,,,,,,,,,,,,
08584237211007314231336376158CU26,4876617b-2198-4d34-8548-850ce504e7c8,ERROR-FLOW,ActionFailed,An action failed. No dependent actions succeeded.,UNKNOWN_ERROR,Ticket Created,,,2026-05-04 09:09:44.977081,2026-05-07 14:14:11.758459,False,False,0,,,,2026-05-07 08:44:12.044000,,,,,,,,,,,,,,,,,,,,,,,,,,,1,,,,,,,,,,0,0,,,,,,,,,,,,
08584237214500433696066656034CU00,4876617b-2198-4d34-8548-850ce504e7c8,ERROR-FLOW,ActionFailed,An action failed. No dependent actions succeeded.,UNKNOWN_ERROR,Ticket Created,,,2026-05-04 09:03:55.563714,2026-05-07 14:14:05.567473,False,False,0,,,,2026-05-07 08:44:05.852000,,,,,,,,,,,,,,,,,,,,,,,,,,,1,,,,,,,,,,0,0,,,,,,,,,,,,
08584237214658086102416875352CU06,4876617b-2198-4d34-8548-850ce504e7c8,ERROR-FLOW,InvalidTemplate,Unable to process template language expressions in action 'Compose' inputs at line '0' and column '0': 'Attempt to divide an integral or decimal value by zero in function 'div'.'.,DATA_VALIDATION,Ticket Created,,,2026-05-04 09:03:39.999816,2026-05-07 14:14:03.823348,False,False,0,,,,2026-05-07 08:44:04.111000,,,,,,,,,,,,,,,,,,,,,,,,,,,1,,,,,,,,,,0,0,,,,,,,,,,,,
08584237214805691534568489584CU17,4876617b-2198-4d34-8548-850ce504e7c8,ERROR-FLOW,InvalidTemplate,Unable to process template language expressions in action 'Compose' inputs at line '0' and column '0': 'Attempt to divide an integral or decimal value by zero in function 'div'.'.,DATA_VALIDATION,Ticket Created,,,2026-05-04 09:03:25.423853,2026-05-07 14:14:22.123913,False,False,0,,,,2026-05-07 08:44:22.409000,,,,,,,,,,,,,,,,,,,,,,,,,,,1,,,,,,,,,,0,0,,,,,,,,,,,,
08584237215071746312980026972CU01,4876617b-2198-4d34-8548-850ce504e7c8,ERROR-FLOW,ActionFailed,An action failed. No dependent actions succeeded.,UNKNOWN_ERROR,Ticket Created,,,2026-05-04 09:02:59.833895,2026-05-07 14:14:12.047105,False,False,0,,,,2026-05-07 08:44:12.331000,,,,,,,,,,,,,,,,,,,,,,,,,,,1,,,,,,,,,,0,0,,,,,,,,,,,,
08584237215190391365515878988CU07,4876617b-2198-4d34-8548-850ce504e7c8,ERROR-FLOW,ActionFailed,An action failed. No dependent actions succeeded.,UNKNOWN_ERROR,Ticket Created,,,2026-05-04 09:02:47.190622,2026-05-07 14:14:29.791656,False,False,0,,,,2026-05-07 08:44:30.078000,,,,,,,,,,,,,,,,,,,,,,,,,,,1,,,,,,,,,,0,0,,,,,,,,,,,,
08584237215336776852807063248CU06,4876617b-2198-4d34-8548-850ce504e7c8,ERROR-FLOW,ActionFailed,An action failed. No dependent actions succeeded.,UNKNOWN_ERROR,Ticket Created,,,2026-05-04 09:02:31.975383,2026-05-07 14:14:07.858599,False,False,0,,,,2026-05-07 08:44:08.143000,,,,,,,,,,,,,,,,,,,,,,,,,,,1,,,,,,,,,,0,0,,,,,,,,,,,,
08584237215528107298403417662CU23,4876617b-2198-4d34-8548-850ce504e7c8,ERROR-FLOW,ActionFailed,An action failed. No dependent actions succeeded.,UNKNOWN_ERROR,Ticket Created,,,2026-05-04 09:02:13.113104,2026-05-07 14:14:26.356578,False,False,0,,,,2026-05-07 08:44:26.641000,,,,,,,,,,,,,,,,,,,,,,,,,,,1,,,,,,,,,,0,0,,,,,,,,,,,,
08584237215724310028730712233CU22,4876617b-2198-4d34-8548-850ce504e7c8,ERROR-FLOW,InvalidTemplate,Unable to process template language expressions in action 'Compose' inputs at line '0' and column '0': 'Attempt to divide an integral or decimal value by zero in function 'div'.'.,DATA_VALIDATION,Ticket Created,,,2026-05-04 09:01:53.379028,2026-05-07 14:14:27.785005,False,False,0,,,,2026-05-07 08:44:28.069000,,,,,,,,,,,,,,,,,,,,,,,,,,,1,,,,,,,,,,0,0,,,,,,,,,,,,
08584237215822300327284897899CU25,4876617b-2198-4d34-8548-850ce504e7c8,ERROR-FLOW,ActionFailed,An action failed. No dependent actions succeeded.,UNKNOWN_ERROR,Ticket Created,,,2026-05-04 09:01:43.524856,2026-05-07 14:14:06.989488,False,False,0,,,,2026-05-07 08:44:07.274000,,,,,,,,,,,,,,,,,,,,,,,,,,,1,,,,,,,,,,0,0,,,,,,,,,,,,
08584237215931373672675196118CU27,4876617b-2198-4d34-8548-850ce504e7c8,ERROR-FLOW,ActionFailed,An action failed. No dependent actions succeeded.,UNKNOWN_ERROR,Ticket Created,,,2026-05-04 09:01:33.632931,2026-05-07 14:14:17.387541,False,False,0,,,,2026-05-07 08:44:17.671000,,,,,,,,,,,,,,,,,,,,,,,,,,,1,,,,,,,,,,0,0,,,,,,,,,,,,
08584237216026720404587799281CU12,4876617b-2198-4d34-8548-850ce504e7c8,ERROR-FLOW,InvalidTemplate,Unable to process template language expressions in action 'Compose' inputs at line '0' and column '0': 'Attempt to divide an integral or decimal value by zero in function 'div'.'.,DATA_VALIDATION,Ticket Created,,,2026-05-04 09:01:23.118412,2026-05-07 14:14:05.280471,False,False,0,,,,2026-05-07 08:44:05.566000,,,,,,,,,,,,,,,,,,,,,,,,,,,1,,,,,,,,,,0,0,,,,,,,,,,,,
08584237216127968660616877408CU12,4876617b-2198-4d34-8548-850ce504e7c8,ERROR-FLOW,InvalidTemplate,Unable to process template language expressions in action 'Compose' inputs at line '0' and column '0': 'Attempt to divide an integral or decimal value by zero in function 'div'.'.,DATA_VALIDATION,Ticket Created,,,2026-05-04 09:01:13.319200,2026-05-07 14:14:30.087293,False,False,0,,,,2026-05-07 08:44:30.372000,,,,,,,,,,,,,,,,,,,,,,,,,,,1,,,,,,,,,,0,0,,,,,,,,,,,,
08584237216135709083820271479CU12,4876617b-2198-4d34-8548-850ce504e7c8,ERROR-FLOW,ActionFailed,An action failed. No dependent actions succeeded.,UNKNOWN_ERROR,Ticket Created,,,2026-05-04 09:01:12.548963,2026-05-07 14:14:28.637289,False,False,0,,,,2026-05-07 08:44:28.921000,,,,,,,,,,,,,,,,,,,,,,,,,,,1,,,,,,,,,,0,0,,,,,,,,,,,,
08584237216312693664643218132CU03,4876617b-2198-4d34-8548-850ce504e7c8,ERROR-FLOW,ActionFailed,An action failed. No dependent actions succeeded.,UNKNOWN_ERROR,Ticket Created,,,2026-05-04 09:00:54.368279,2026-05-07 14:13:55.567230,False,False,0,,,,2026-05-07 08:43:55.854000,,,,,,,,,,,,,,,,,,,,,,,,,,,1,,,,,,,,,,0,0,,,,,,,,,,,,
08584237216438753670608469920CU28,4876617b-2198-4d34-8548-850ce504e7c8,ERROR-FLOW,ActionFailed,An action failed. No dependent actions succeeded.,UNKNOWN_ERROR,Ticket Created,,,2026-05-04 09:00:42.100664,2026-05-07 14:13:58.354167,False,False,0,,,,2026-05-07 08:43:58.638000,,,,,,,,,,,,,,,,,,,,,,,,,,,1,,,,,,,,,,0,0,,,,,,,,,,,,
08584237216548289506235253137CU16,4876617b-2198-4d34-8548-850ce504e7c8,ERROR-FLOW,InvalidTemplate,Unable to process template language expressions in action 'Compose' inputs at line '0' and column '0': 'Attempt to divide an integral or decimal value by zero in function 'div'.'.,DATA_VALIDATION,Ticket Created,,,2026-05-04 09:00:30.919807,2026-05-07 14:13:53.122725,False,False,0,,,,2026-05-07 08:43:53.407000,,,,,,,,,,,,,,,,,,,,,,,,,,,1,,,,,,,,,,0,0,,,,,,,,,,,,
08584237216750651690834957474CU02,4876617b-2198-4d34-8548-850ce504e7c8,ERROR-FLOW,ActionFailed,An action failed. No dependent actions succeeded.,UNKNOWN_ERROR,Ticket Created,,,2026-05-04 09:00:10.649995,2026-05-07 14:13:52.584494,False,False,0,,,,2026-05-07 08:43:52.869000,,,,,,,,,,,,,,,,,,,,,,,,,,,1,,,,,,,,,,0,0,,,,,,,,,,,,
08584237217023307233069907628CU02,4876617b-2198-4d34-8548-850ce504e7c8,ERROR-FLOW,ActionFailed,An action failed. No dependent actions succeeded.,UNKNOWN_ERROR,Ticket Created,,,2026-05-04 08:59:43.517049,2026-05-07 14:14:10.616370,False,False,0,,,,2026-05-07 08:44:10.900000,,,,,,,,,,,,,,,,,,,,,,,,,,,1,,,,,,,,,,0,0,,,,,,,,,,,,
08584237217100432459938507821CU03,4876617b-2198-4d34-8548-850ce504e7c8,ERROR-FLOW,ActionFailed,An action failed. No dependent actions succeeded.,UNKNOWN_ERROR,Ticket Created,,,2026-05-04 08:59:35.939945,2026-05-07 14:13:53.932730,False,False,0,,,,2026-05-07 08:43:54.217000,,,,,,,,,,,,,,,,,,,,,,,,,,,1,,,,,,,,,,0,0,,,,,,,,,,,,
08584237217120742169551629812CU04,4876617b-2198-4d34-8548-850ce504e7c8,ERROR-FLOW,ActionFailed,An action failed. No dependent actions succeeded.,UNKNOWN_ERROR,Ticket Created,,,2026-05-04 08:59:33.771051,2026-05-07 14:13:50.121147,False,False,0,,,,2026-05-07 08:43:50.405000,,,,,,,,,,,,,,,,,,,,,,,,,,,1,,,,,,,,,,0,0,,,,,,,,,,,,
08584237217236413082558828522CU27,4876617b-2198-4d34-8548-850ce504e7c8,ERROR-FLOW,ActionFailed,An action failed. No dependent actions succeeded.,UNKNOWN_ERROR,Ticket Created,,,2026-05-04 08:59:23.282488,2026-05-07 14:14:03.516941,False,False,0,,,,2026-05-07 08:44:03.815000,,,,,,,,,,,,,,,,,,,,,,,,,,,1,,,,,,,,,,0,0,,,,,,,,,,,,
08584237217243873892693223222CU12,4876617b-2198-4d34-8548-850ce504e7c8,ERROR-FLOW,ActionFailed,An action failed. No dependent actions succeeded.,UNKNOWN_ERROR,Ticket Created,,,2026-05-04 08:59:21.944552,2026-05-07 14:13:58.910563,False,False,0,,,,2026-05-07 08:43:59.196000,,,,,,,,,,,,,,,,,,,,,,,,,,,1,,,,,,,,,,0,0,,,,,,,,,,,,
08584237217370491638568495048CU24,4876617b-2198-4d34-8548-850ce504e7c8,ERROR-FLOW,ActionFailed,An action failed. No dependent actions succeeded.,UNKNOWN_ERROR,Ticket Created,,,2026-05-04 08:59:09.056386,2026-05-07 14:14:30.657869,False,False,0,,,,2026-05-07 08:44:30.942000,,,,,,,,,,,,,,,,,,,,,,,,,,,1,,,,,,,,,,0,0,,,,,,,,,,,,
08584237217780535049510645963CU15,4876617b-2198-4d34-8548-850ce504e7c8,ERROR-FLOW,ActionFailed,An action failed. No dependent actions succeeded.,UNKNOWN_ERROR,Ticket Created,,,2026-05-04 08:58:28.168588,2026-05-07 14:13:57.793122,False,False,0,,,,2026-05-07 08:43:58.078000,,,,,,,,,,,,,,,,,,,,,,,,,,,1,,,,,,,,,,0,0,,,,,,,,,,,,
08584237217964351230954127760CU17,4876617b-2198-4d34-8548-850ce504e7c8,ERROR-FLOW,ActionFailed,An action failed. No dependent actions succeeded.,UNKNOWN_ERROR,Ticket Created,,,2026-05-04 08:58:09.159125,2026-05-07 14:13:53.389671,False,False,0,,,,2026-05-07 08:43:53.675000,,,,,,,,,,,,,,,,,,,,,,,,,,,1,,,,,,,,,,0,0,,,,,,,,,,,,
08584237218142977355856901518CU11,4876617b-2198-4d34-8548-850ce504e7c8,ERROR-FLOW,InvalidTemplate,Unable to process template language expressions in action 'Compose' inputs at line '0' and column '0': 'Attempt to divide an integral or decimal value by zero in function 'div'.'.,DATA_VALIDATION,Ticket Created,,,2026-05-04 08:57:51.553202,2026-05-07 14:14:20.217500,False,False,0,,,,2026-05-07 08:44:20.502000,,,,,,,,,,,,,,,,,,,,,,,,,,,1,,,,,,,,,,0,0,,,,,,,,,,,,
08584237218174358228720082023CU27,4876617b-2198-4d34-8548-850ce504e7c8,ERROR-FLOW,ActionFailed,An action failed. No dependent actions succeeded.,UNKNOWN_ERROR,Ticket Created,,,2026-05-04 08:57:48.600141,2026-05-07 14:14:26.068892,False,False,0,,,,2026-05-07 08:44:26.353000,,,,,,,,,,,,,,,,,,,,,,,,,,,1,,,,,,,,,,0,0,,,,,,,,,,,,
08584237218250683184812493329CU27,4876617b-2198-4d34-8548-850ce504e7c8,ERROR-FLOW,InvalidTemplate,Unable to process template language expressions in action 'Compose' inputs at line '0' and column '0': 'Attempt to divide an integral or decimal value by zero in function 'div'.'.,DATA_VALIDATION,Ticket Created,,,2026-05-04 08:57:40.693445,2026-05-07 14:13:57.249508,False,False,0,,,,2026-05-07 08:43:57.534000,,,,,,,,,,,,,,,,,,,,,,,,,,,1,,,,,,,,,,0,0,,,,,,,,,,,,
08584237218517753104228047873CU06,4876617b-2198-4d34-8548-850ce504e7c8,ERROR-FLOW,InvalidTemplate,Unable to process template language expressions in action 'Compose' inputs at line '0' and column '0': 'Attempt to divide an integral or decimal value by zero in function 'div'.'.,DATA_VALIDATION,Ticket Created,,,2026-05-04 08:57:14.197597,2026-05-07 14:14:29.209856,False,False,0,,,,2026-05-07 08:44:29.493000,,,,,,,,,,,,,,,,,,,,,,,,,,,1,,,,,,,,,,0,0,,,,,,,,,,,,
08584237218699877583374996609CU09,4876617b-2198-4d34-8548-850ce504e7c8,ERROR-FLOW,ActionFailed,An action failed. No dependent actions succeeded.,UNKNOWN_ERROR,Ticket Created,,,2026-05-04 08:56:55.684326,2026-05-07 14:14:25.782635,False,False,0,,,,2026-05-07 08:44:26.067000,,,,,,,,,,,,,,,,,,,,,,,,,,,1,,,,,,,,,,0,0,,,,,,,,,,,,
08584237218758382286961880068CU12,4876617b-2198-4d34-8548-850ce504e7c8,ERROR-FLOW,InvalidTemplate,Unable to process template language expressions in action 'Compose' inputs at line '0' and column '0': 'Attempt to divide an integral or decimal value by zero in function 'div'.'.,DATA_VALIDATION,Ticket Created,,,2026-05-04 08:56:50.038625,2026-05-07 14:14:21.315758,False,False,0,,,,2026-05-07 08:44:21.600000,,,,,,,,,,,,,,,,,,,,,,,,,,,1,,,,,,,,,,0,0,,,,,,,,,,,,
08584237218790493906620442666CU28,4876617b-2198-4d34-8548-850ce504e7c8,ERROR-FLOW,InvalidTemplate,Unable to process template language expressions in action 'Compose' inputs at line '0' and column '0': 'Attempt to divide an integral or decimal value by zero in function 'div'.'.,DATA_VALIDATION,Ticket Created,,,2026-05-04 08:56:46.814553,2026-05-07 14:14:22.963573,False,False,0,,,,2026-05-07 08:44:23.248000,,,,,,,,,,,,,,,,,,,,,,,,,,,1,,,,,,,,,,0,0,,,,,,,,,,,,
08584237218956793619282781128CU27,4876617b-2198-4d34-8548-850ce504e7c8,ERROR-FLOW,ActionFailed,An action failed. No dependent actions succeeded.,UNKNOWN_ERROR,Ticket Created,,,2026-05-04 08:56:30.405297,2026-05-07 14:13:50.678338,False,False,0,,,,2026-05-07 08:43:50.962000,,,,,,,,,,,,,,,,,,,,,,,,,,,1,,,,,,,,,,0,0,,,,,,,,,,,,
08584237219346043778577416357CU24,4876617b-2198-4d34-8548-850ce504e7c8,ERROR-FLOW,ActionFailed,An action failed. No dependent actions succeeded.,UNKNOWN_ERROR,Ticket Created,,,2026-05-04 08:55:51.859588,2026-05-07 14:14:24.906444,False,False,0,,,,2026-05-07 08:44:25.190000,,,,,,,,,,,,,,,,,,,,,,,,,,,1,,,,,,,,,,0,0,,,,,,,,,,,,
08584237219510172724181234628CU07,4876617b-2198-4d34-8548-850ce504e7c8,ERROR-FLOW,ActionFailed,An action failed. No dependent actions succeeded.,UNKNOWN_ERROR,Ticket Created,,,2026-05-04 08:55:34.795645,2026-05-07 14:14:24.625391,False,False,0,,,,2026-05-07 08:44:24.910000,,,,,,,,,,,,,,,,,,,,,,,,,,,1,,,,,,,,,,0,0,,,,,,,,,,,,
08584237219578917135076056269CU01,4876617b-2198-4d34-8548-850ce504e7c8,ERROR-FLOW,ActionFailed,An action failed. No dependent actions succeeded.,UNKNOWN_ERROR,Ticket Created,,,2026-05-04 08:55:28.177103,2026-05-07 14:14:21.046731,False,False,0,,,,2026-05-07 08:44:21.331000,,,,,,,,,,,,,,,,,,,,,,,,,,,1,,,,,,,,,,0,0,,,,,,,,,,,,
08584237219680888286901623507CU26,4876617b-2198-4d34-8548-850ce504e7c8,ERROR-FLOW,ActionFailed,An action failed. No dependent actions succeeded.,UNKNOWN_ERROR,Ticket Created,,,2026-05-04 08:55:18.691596,2026-05-07 14:14:20.774263,False,False,0,,,,2026-05-07 08:44:21.058000,,,,,,,,,,,,,,,,,,,,,,,,,,,1,,,,,,,,,,0,0,,,,,,,,,,,,
08584237219763071146592055743CU02,4876617b-2198-4d34-8548-850ce504e7c8,ERROR-FLOW,InvalidTemplate,Unable to process template language expressions in action 'Compose' inputs at line '0' and column '0': 'Attempt to divide an integral or decimal value by zero in function 'div'.'.,DATA_VALIDATION,Ticket Created,,,2026-05-04 08:55:09.830910,2026-05-07 14:10:29.800939,False,False,0,,,,2026-05-07 08:40:30.088000,,,,,,,,,,,,,,,,,,,,,,,,,,,1,,,,,,,,,,0,0,,,,,,,,,,,,
08584237219778729667205085078CU07,4876617b-2198-4d34-8548-850ce504e7c8,ERROR-FLOW,ActionFailed,An action failed. No dependent actions succeeded.,UNKNOWN_ERROR,Ticket Created,,,2026-05-04 08:55:08.856838,2026-05-07 14:14:28.924424,False,False,0,,,,2026-05-07 08:44:29.208000,,,,,,,,,,,,,,,,,,,,,,,,,,,1,,,,,,,,,,0,0,,,,,,,,,,,,
08584237219877927758025982378CU04,4876617b-2198-4d34-8548-850ce504e7c8,ERROR-FLOW,InvalidTemplate,Unable to process template language expressions in action 'Compose' inputs at line '0' and column '0': 'Attempt to divide an integral or decimal value by zero in function 'div'.'.,DATA_VALIDATION,Ticket Created,,,2026-05-04 08:54:58.183385,2026-05-07 14:10:28.421042,False,False,0,,,,2026-05-07 08:40:28.707000,,,,,,,,,,,,,,,,,,,,,,,,,,,1,,,,,,,,,,0,0,,,,,,,,,,,,
08584237219929442557155675325CU30,4876617b-2198-4d34-8548-850ce504e7c8,ERROR-FLOW,ActionFailed,An action failed. No dependent actions succeeded.,UNKNOWN_ERROR,Ticket Created,,,2026-05-04 08:54:52.826420,2026-05-07 14:14:22.398090,False,False,0,,,,2026-05-07 08:44:22.683000,,,,,,,,,,,,,,,,,,,,,,,,,,,1,,,,,,,,,,0,0,,,,,,,,,,,,
08584237219965879313286401419CU22,4876617b-2198-4d34-8548-850ce504e7c8,ERROR-FLOW,InvalidTemplate,Unable to process template language expressions in action 'Compose' inputs at line '0' and column '0': 'Attempt to divide an integral or decimal value by zero in function 'div'.'.,DATA_VALIDATION,Ticket Created,,,2026-05-04 08:54:49.677969,2026-05-07 14:10:27.585499,False,False,0,,,,2026-05-07 08:40:28.150000,,,,,,,,,,,,,,,,,,,,,,,,,,,1,,,,,,,,,,0,0,,,,,,,,,,,,
08584237220043862278767163173CU15,4876617b-2198-4d34-8548-850ce504e7c8,ERROR-FLOW,ActionFailed,An action failed. No dependent actions succeeded.,UNKNOWN_ERROR,Ticket Created,,,2026-05-04 08:54:41.562525,2026-05-07 14:10:28.693819,False,False,0,,,,2026-05-07 08:40:28.980000,,,,,,,,,,,,,,,,,,,,,,,,,,,1,,,,,,,,,,0,0,,,,,,,,,,,,
08584237220122742778243006100CU30,4876617b-2198-4d34-8548-850ce504e7c8,ERROR-FLOW,ActionFailed,An action failed. No dependent actions succeeded.,UNKNOWN_ERROR,Ticket Created,,,2026-05-04 08:54:34.028752,2026-05-07 14:13:52.853215,False,False,0,,,,2026-05-07 08:43:53.137000,,,,,,,,,,,,,,,,,,,,,,,,,,,1,,,,,,,,,,0,0,,,,,,,,,,,,
08584237220198149938340048689CU30,4876617b-2198-4d34-8548-850ce504e7c8,ERROR-FLOW,ActionFailed,An action failed. No dependent actions succeeded.,UNKNOWN_ERROR,Ticket Created,,,2026-05-04 08:54:26.334529,2026-05-07 14:10:29.519292,False,False,0,,,,2026-05-07 08:40:29.806000,,,,,,,,,,,,,,,,,,,,,,,,,,,1,,,,,,,,,,0,0,,,,,,,,,,,,
08584237220414886201090669011CU18,4876617b-2198-4d34-8548-850ce504e7c8,ERROR-FLOW,InvalidTemplate,Unable to process template language expressions in action 'Compose' inputs at line '0' and column '0': 'Attempt to divide an integral or decimal value by zero in function 'div'.'.,DATA_VALIDATION,Ticket Created,,,2026-05-04 08:54:04.284549,2026-05-07 14:13:49.848105,False,False,0,,,,2026-05-07 08:43:50.133000,,,,,,,,,,,,,,,,,,,,,,,,,,,1,,,,,,,,,,0,0,,,,,,,,,,,,
08584237220460098563862541725CU09,4876617b-2198-4d34-8548-850ce504e7c8,ERROR-FLOW,ActionFailed,An action failed. No dependent actions succeeded.,UNKNOWN_ERROR,Ticket Created,,,2026-05-04 08:53:59.593672,2026-05-07 14:14:04.104947,False,False,0,,,,2026-05-07 08:44:04.405000,,,,,,,,,,,,,,,,,,,,,,,,,,,1,,,,,,,,,,0,0,,,,,,,,,,,,
08584237220531910674624292148CU01,4876617b-2198-4d34-8548-850ce504e7c8,ERROR-FLOW,ActionFailed,An action failed. No dependent actions succeeded.,UNKNOWN_ERROR,Ticket Created,,,2026-05-04 08:53:52.407474,2026-05-07 14:14:02.036019,False,False,0,,,,2026-05-07 08:44:02.320000,,,,,,,,,,,,,,,,,,,,,,,,,,,1,,,,,,,,,,0,0,,,,,,,,,,,,
08584237220554484509208974060CU15,4876617b-2198-4d34-8548-850ce504e7c8,ERROR-FLOW,ActionFailed,An action failed. No dependent actions succeeded.,UNKNOWN_ERROR,Ticket Created,,,2026-05-04 08:53:50.761052,2026-05-07 14:13:51.489822,False,False,0,,,,2026-05-07 08:43:51.774000,,,,,,,,,,,,,,,,,,,,,,,,,,,1,,,,,,,,,,0,0,,,,,,,,,,,,
08584237220615715485585686845CU07,4876617b-2198-4d34-8548-850ce504e7c8,ERROR-FLOW,InvalidTemplate,Unable to process template language expressions in action 'Compose' inputs at line '0' and column '0': 'Attempt to divide an integral or decimal value by zero in function 'div'.'.,DATA_VALIDATION,Ticket Created,,,2026-05-04 08:53:44.321262,2026-05-07 14:13:59.472999,False,False,0,,,,2026-05-07 08:43:59.757000,,,,,,,,,,,,,,,,,,,,,,,,,,,1,,,,,,,,,,0,0,,,,,,,,,,,,
08584237220652756235980528802CU12,4876617b-2198-4d34-8548-850ce504e7c8,ERROR-FLOW,ActionFailed,An action failed. No dependent actions succeeded.,UNKNOWN_ERROR,Ticket Created,,,2026-05-04 08:53:40.850250,2026-05-07 14:13:55.291969,False,False,0,,,,2026-05-07 08:43:55.576000,,,,,,,,,,,,,,,,,,,,,,,,,,,1,,,,,,,,,,0,0,,,,,,,,,,,,
08584237220712434106026724003CU26,4876617b-2198-4d34-8548-850ce504e7c8,ERROR-FLOW,ActionFailed,An action failed. No dependent actions succeeded.,UNKNOWN_ERROR,Ticket Created,,,2026-05-04 08:53:34.515158,2026-05-07 14:14:06.126570,False,False,0,,,,2026-05-07 08:44:06.411000,,,,,,,,,,,,,,,,,,,,,,,,,,,1,,,,,,,,,,0,0,,,,,,,,,,,,
08584237220966094395709448954CU18,4876617b-2198-4d34-8548-850ce504e7c8,ERROR-FLOW,InvalidTemplate,Unable to process template language expressions in action 'Compose' inputs at line '0' and column '0': 'Attempt to divide an integral or decimal value by zero in function 'div'.'.,DATA_VALIDATION,Ticket Created,,,2026-05-04 08:53:09.300859,2026-05-07 14:14:24.339277,False,False,0,,,,2026-05-07 08:44:24.623000,,,,,,,,,,,,,,,,,,,,,,,,,,,1,,,,,,,,,,0,0,,,,,,,,,,,,
08584237220983831549795410255CU20,4876617b-2198-4d34-8548-850ce504e7c8,ERROR-FLOW,ActionFailed,An action failed. No dependent actions succeeded.,UNKNOWN_ERROR,Ticket Created,,,2026-05-04 08:53:07.962223,2026-05-07 14:13:54.478139,False,False,0,,,,2026-05-07 08:43:54.764000,,,,,,,,,,,,,,,,,,,,,,,,,,,1,,,,,,,,,,0,0,,,,,,,,,,,,
08584237221063562165297319166CU10,4876617b-2198-4d34-8548-850ce504e7c8,ERROR-FLOW,InvalidTemplate,Unable to process template language expressions in action 'Compose' inputs at line '0' and column '0': 'Attempt to divide an integral or decimal value by zero in function 'div'.'.,DATA_VALIDATION,Ticket Created,,,2026-05-04 08:53:00.477218,2026-05-07 14:14:06.410808,False,False,0,,,,2026-05-07 08:44:06.695000,,,,,,,,,,,,,,,,,,,,,,,,,,,1,,,,,,,,,,0,0,,,,,,,,,,,,
08584237221149988094302991827CU02,4876617b-2198-4d34-8548-850ce504e7c8,ERROR-FLOW,ActionFailed,An action failed. No dependent actions succeeded.,UNKNOWN_ERROR,Ticket Created,,,2026-05-04 08:52:51.826545,2026-05-07 14:14:05.845804,False,False,0,,,,2026-05-07 08:44:06.130000,,,,,,,,,,,,,,,,,,,,,,,,,,,1,,,,,,,,,,0,0,,,,,,,,,,,,
08584237221234894343660249695CU04,4876617b-2198-4d34-8548-850ce504e7c8,ERROR-FLOW,ActionFailed,An action failed. No dependent actions succeeded.,UNKNOWN_ERROR,Ticket Created,,,2026-05-04 08:52:42.877931,2026-05-07 14:13:56.118836,False,False,0,,,,2026-05-07 08:43:56.403000,,,,,,,,,,,,,,,,,,,,,,,,,,,1,,,,,,,,,,0,0,,,,,,,,,,,,
08584237221269355080340917699CU03,4876617b-2198-4d34-8548-850ce504e7c8,ERROR-FLOW,InvalidTemplate,Unable to process template language expressions in action 'Compose' inputs at line '0' and column '0': 'Attempt to divide an integral or decimal value by zero in function 'div'.'.,DATA_VALIDATION,Ticket Created,,,2026-05-04 08:52:39.351172,2026-05-07 14:14:08.139403,False,False,0,,,,2026-05-07 08:44:08.423000,,,,,,,,,,,,,,,,,,,,,,,,,,,1,,,,,,,,,,0,0,,,,,,,,,,,,
08584237221325573660635058798CU24,4876617b-2198-4d34-8548-850ce504e7c8,ERROR-FLOW,ActionFailed,An action failed. No dependent actions succeeded.,UNKNOWN_ERROR,Ticket Created,,,2026-05-04 08:52:33.911653,2026-05-07 14:14:12.619548,False,False,0,,,,2026-05-07 08:44:12.904000,,,,,,,,,,,,,,,,,,,,,,,,,,,1,,,,,,,,,,0,0,,,,,,,,,,,,
08584237221404107613041195394CU17,4876617b-2198-4d34-8548-850ce504e7c8,ERROR-FLOW,InvalidTemplate,Unable to process template language expressions in action 'Compose' inputs at line '0' and column '0': 'Attempt to divide an integral or decimal value by zero in function 'div'.'.,DATA_VALIDATION,Ticket Created,,,2026-05-04 08:52:25.431920,2026-05-07 14:13:55.021254,False,False,0,,,,2026-05-07 08:43:55.305000,,,,,,,,,,,,,,,,,,,,,,,,,,,1,,,,,,,,,,0,0,,,,,,,,,,,,
08584237221413666351730178902CU06,4876617b-2198-4d34-8548-850ce504e7c8,ERROR-FLOW,InvalidTemplate,Unable to process template language expressions in action 'Compose' inputs at line '0' and column '0': 'Attempt to divide an integral or decimal value by zero in function 'div'.'.,DATA_VALIDATION,Ticket Created,,,2026-05-04 08:52:24.597457,2026-05-07 14:14:04.396483,False,False,0,,,,2026-05-07 08:44:04.684000,,,,,,,,,,,,,,,,,,,,,,,,,,,1,,,,,,,,,,0,0,,,,,,,,,,,,
08584237222222959415686928121CU07,4876617b-2198-4d34-8548-850ce504e7c8,ERROR-FLOW,InvalidTemplate,Unable to process template language expressions in action 'Compose' inputs at line '0' and column '0': 'Attempt to divide an integral or decimal value by zero in function 'div'.'.,DATA_VALIDATION,Ticket Created,,,2026-05-04 08:51:03.935695,2026-05-07 14:14:23.787750,False,False,0,,,,2026-05-07 08:44:24.071000,,,,,,,,,,,,,,,,,,,,,,,,,,,1,,,,,,,,,,0,0,,,,,,,,,,,,
08584237222760192849019294979CU05,4876617b-2198-4d34-8548-850ce504e7c8,ERROR-FLOW,InvalidTemplate,Unable to process template language expressions in action 'Compose' inputs at line '0' and column '0': 'Attempt to divide an integral or decimal value by zero in function 'div'.'.,DATA_VALIDATION,Ticket Created,,,2026-05-04 08:50:09.821133,2026-05-07 14:14:17.665746,False,False,0,,,,2026-05-07 08:44:17.950000,,,,,,,,,,,,,,,,,,,,,,,,,,,1,,,,,,,,,,0,0,,,,,,,,,,,,
08584237222846147450249945317CU16,4876617b-2198-4d34-8548-850ce504e7c8,ERROR-FLOW,InvalidTemplate,Unable to process template language expressions in action 'Compose' inputs at line '0' and column '0': 'Attempt to divide an integral or decimal value by zero in function 'div'.'.,DATA_VALIDATION,Ticket Created,,,2026-05-04 08:50:01.683932,2026-05-07 14:14:20.496024,False,False,0,,,,2026-05-07 08:44:20.780000,,,,,,,,,,,,,,,,,,,,,,,,,,,1,,,,,,,,,,0,0,,,,,,,,,,,,
08584237223064996896162533788CU15,4876617b-2198-4d34-8548-850ce504e7c8,ERROR-FLOW,ActionFailed,An action failed. No dependent actions succeeded.,UNKNOWN_ERROR,Ticket Created,,,2026-05-04 08:49:40.345399,2026-05-07 14:14:18.046645,False,False,0,,,,2026-05-07 08:44:18.331000,,,,,,,,,,,,,,,,,,,,,,,,,,,1,,,,,,,,,,0,0,,,,,,,,,,,,
08584237223447376892844261905CU31,4876617b-2198-4d34-8548-850ce504e7c8,ERROR-FLOW,InvalidTemplate,Unable to process template language expressions in action 'Compose' inputs at line '0' and column '0': 'Attempt to divide an integral or decimal value by zero in function 'div'.'.,DATA_VALIDATION,Ticket Created,,,2026-05-04 08:49:00.895326,2026-05-07 14:14:26.924708,False,False,0,,,,2026-05-07 08:44:27.209000,,,,,,,,,,,,,,,,,,,,,,,,,,,1,,,,,,,,,,0,0,,,,,,,,,,,,
08584237223717876977962523563CU29,4876617b-2198-4d34-8548-850ce504e7c8,ERROR-FLOW,InvalidTemplate,Unable to process template language expressions in action 'Compose' inputs at line '0' and column '0': 'Attempt to divide an integral or decimal value by zero in function 'div'.'.,DATA_VALIDATION,Ticket Created,,,2026-05-04 08:48:33.864331,2026-05-07 14:13:59.197615,False,False,0,,,,2026-05-07 08:43:59.482000,,,,,,,,,,,,,,,,,,,,,,,,,,,1,,,,,,,,,,0,0,,,,,,,,,,,,
08584237223802821748036017041CU31,4876617b-2198-4d34-8548-850ce504e7c8,ERROR-FLOW,InvalidTemplate,Unable to process template language expressions in action 'Compose' inputs at line '0' and column '0': 'Attempt to divide an integral or decimal value by zero in function 'div'.'.,DATA_VALIDATION,Ticket Created,,,2026-05-04 08:48:26.388535,2026-05-07 14:14:12.910377,False,False,0,,,,2026-05-07 08:44:13.194000,,,,,,,,,,,,,,,,,,,,,,,,,,,1,,,,,,,,,,0,0,,,,,,,,,,,,
08584237223890861719139938672CU13,4876617b-2198-4d34-8548-850ce504e7c8,ERROR-FLOW,InvalidTemplate,Unable to process template language expressions in action 'Compose' inputs at line '0' and column '0': 'Attempt to divide an integral or decimal value by zero in function 'div'.'.,DATA_VALIDATION,Ticket Created,,,2026-05-04 08:48:17.031477,2026-05-07 14:14:15.952272,False,False,0,,,,2026-05-07 08:44:16.236000,,,,,,,,,,,,,,,,,,,,,,,,,,,1,,,,,,,,,,0,0,,,,,,,,,,,,
08584237224017496003051829107CU18,4876617b-2198-4d34-8548-850ce504e7c8,ERROR-FLOW,ActionFailed,An action failed. No dependent actions succeeded.,UNKNOWN_ERROR,Ticket Created,,,2026-05-04 08:48:04.519752,2026-05-07 14:14:21.852948,False,False,0,,,,2026-05-07 08:44:22.137000,,,,,,,,,,,,,,,,,,,,,,,,,,,1,,,,,,,,,,0,0,,,,,,,,,,,,
08584237224188036500959931614CU06,4876617b-2198-4d34-8548-850ce504e7c8,ERROR-FLOW,InvalidTemplate,Unable to process template language expressions in action 'Compose' inputs at line '0' and column '0': 'Attempt to divide an integral or decimal value by zero in function 'div'.'.,DATA_VALIDATION,Ticket Created,,,2026-05-04 08:47:47.136594,2026-05-07 14:14:19.386286,False,False,0,,,,2026-05-07 08:44:19.670000,,,,,,,,,,,,,,,,,,,,,,,,,,,1,,,,,,,,,,0,0,,,,,,,,,,,,
08584237224272261130877832688CU25,4876617b-2198-4d34-8548-850ce504e7c8,ERROR-FLOW,InvalidTemplate,Unable to process template language expressions in action 'Compose' inputs at line '0' and column '0': 'Attempt to divide an integral or decimal value by zero in function 'div'.'.,DATA_VALIDATION,Ticket Created,,,2026-05-04 08:47:39.447733,2026-05-07 14:13:51.767526,False,False,0,,,,2026-05-07 08:43:52.053000,,,,,,,,,,,,,,,,,,,,,,,,,,,1,,,,,,,,,,0,0,,,,,,,,,,,,
08584237224359042526669369214CU25,4876617b-2198-4d34-8548-850ce504e7c8,ERROR-FLOW,ActionFailed,An action failed. No dependent actions succeeded.,UNKNOWN_ERROR,Ticket Created,,,2026-05-04 08:47:29.874419,2026-05-07 14:14:08.983041,False,False,0,,,,2026-05-07 08:44:09.269000,,,,,,,,,,,,,,,,,,,,,,,,,,,1,,,,,,,,,,0,0,,,,,,,,,,,,
08584237230011140765291580654CU19,4876617b-2198-4d34-8548-850ce504e7c8,ERROR-FLOW,ActionFailed,An action failed. No dependent actions succeeded.,UNKNOWN_ERROR,Ticket Created,,,2026-05-04 08:38:04.509609,2026-05-07 14:13:56.403730,False,False,0,,,,2026-05-07 08:43:56.688000,,,,,,,,,,,,,,,,,,,,,,,,,,,1,,,,,,,,,,0,0,,,,,,,,,,,,
08584237230147580292830210054CU07,4876617b-2198-4d34-8548-850ce504e7c8,ERROR-FLOW,InvalidTemplate,Unable to process template language expressions in action 'Compose' inputs at line '0' and column '0': 'Attempt to divide an integral or decimal value by zero in function 'div'.'.,DATA_VALIDATION,Ticket Created,,,2026-05-04 08:37:50.993146,2026-05-07 14:14:14.321318,False,False,0,,,,2026-05-07 08:44:14.605000,,,,,,,,,,,,,,,,,,,,,,,,,,,1,,,,,,,,,,0,0,,,,,,,,,,,,
08584237230150196674073948286CU00,4876617b-2198-4d34-8548-850ce504e7c8,ERROR-FLOW,InvalidTemplate,Unable to process template language expressions in action 'Compose' inputs at line '0' and column '0': 'Attempt to divide an integral or decimal value by zero in function 'div'.'.,DATA_VALIDATION,Ticket Created,,,2026-05-04 08:37:50.611192,2026-05-07 14:14:09.521245,False,False,0,,,,2026-05-07 08:44:09.806000,,,,,,,,,,,,,,,,,,,,,,,,,,,1,,,,,,,,,,0,0,,,,,,,,,,,,
08584237230293411875222243006CU19,4876617b-2198-4d34-8548-850ce504e7c8,ERROR-FLOW,InvalidTemplate,Unable to process template language expressions in action 'Compose' inputs at line '0' and column '0': 'Attempt to divide an integral or decimal value by zero in function 'div'.'.,DATA_VALIDATION,Ticket Created,,,2026-05-04 08:37:36.416727,2026-05-07 14:13:55.840357,False,False,0,,,,2026-05-07 08:43:56.125000,,,,,,,,,,,,,,,,,,,,,,,,,,,1,,,,,,,,,,0,0,,,,,,,,,,,,
08584237230419089841494318308CU08,4876617b-2198-4d34-8548-850ce504e7c8,ERROR-FLOW,InvalidTemplate,Unable to process template language expressions in action 'Compose' inputs at line '0' and column '0': 'Attempt to divide an integral or decimal value by zero in function 'div'.'.,DATA_VALIDATION,Ticket Created,,,2026-05-04 08:37:24.105252,2026-05-07 14:14:14.038324,False,False,0,,,,2026-05-07 08:44:14.322000,,,,,,,,,,,,,,,,,,,,,,,,,,,1,,,,,,,,,,0,0,,,,,,,,,,,,
08584237230433883818744540304CU05,4876617b-2198-4d34-8548-850ce504e7c8,ERROR-FLOW,InvalidTemplate,Unable to process template language expressions in action 'Compose' inputs at line '0' and column '0': 'Attempt to divide an integral or decimal value by zero in function 'div'.'.,DATA_VALIDATION,Ticket Created,,,2026-05-04 08:37:23.131506,2026-05-07 14:14:24.063168,False,False,0,,,,2026-05-07 08:44:24.349000,,,,,,,,,,,,,,,,,,,,,,,,,,,1,,,,,,,,,,0,0,,,,,,,,,,,,
08584237230508761217658476390CU07,4876617b-2198-4d34-8548-850ce504e7c8,ERROR-FLOW,ActionFailed,An action failed. No dependent actions succeeded.,UNKNOWN_ERROR,Ticket Created,,,2026-05-04 08:37:14.950576,2026-05-07 14:14:09.787776,False,False,0,,,,2026-05-07 08:44:10.072000,,,,,,,,,,,,,,,,,,,,,,,,,,,1,,,,,,,,,,0,0,,,,,,,,,,,,
08584237230608250342036020932CU21,4876617b-2198-4d34-8548-850ce504e7c8,ERROR-FLOW,ActionFailed,An action failed. No dependent actions succeeded.,UNKNOWN_ERROR,Ticket Created,,,2026-05-04 08:37:05.090994,2026-05-07 14:14:06.694990,False,False,0,,,,2026-05-07 08:44:06.979000,,,,,,,,,,,,,,,,,,,,,,,,,,,1,,,,,,,,,,0,0,,,,,,,,,,,,
08584237230768181787989436479CU02,4876617b-2198-4d34-8548-850ce504e7c8,ERROR-FLOW,ActionFailed,An action failed. No dependent actions succeeded.,UNKNOWN_ERROR,Ticket Created,,,2026-05-04 08:36:49.782047,2026-05-07 14:13:50.399184,False,False,0,,,,2026-05-07 08:43:50.683000,,,,,,,,,,,,,,,,,,,,,,,,,,,1,,,,,,,,,,0,0,,,,,,,,,,,,
08584237231008646028840982403CU17,4876617b-2198-4d34-8548-850ce504e7c8,ERROR-FLOW,ActionFailed,An action failed. No dependent actions succeeded.,UNKNOWN_ERROR,Ticket Created,,,2026-05-04 08:36:25.250986,2026-05-07 14:13:51.219625,False,False,0,,,,2026-05-07 08:43:51.504000,,,,,,,,,,,,,,,,,,,,,,,,,,,1,,,,,,,,,,0,0,,,,,,,,,,,,
08584237231116040013579649098CU07,4876617b-2198-4d34-8548-850ce504e7c8,ERROR-FLOW,ActionFailed,An action failed. No dependent actions succeeded.,UNKNOWN_ERROR,Ticket Created,,,2026-05-04 08:36:14.134267,2026-05-07 14:14:11.188001,False,False,0,,,,2026-05-07 08:44:11.472000,,,,,,,,,,,,,,,,,,,,,,,,,,,1,,,,,,,,,,0,0,,,,,,,,,,,,
08584237231449773671903520713CU21,4876617b-2198-4d34-8548-850ce504e7c8,ERROR-FLOW,ActionFailed,An action failed. No dependent actions succeeded.,UNKNOWN_ERROR,Ticket Created,,,2026-05-04 08:35:41.021074,2026-05-07 14:14:07.283054,False,False,0,,,,2026-05-07 08:44:07.569000,,,,,,,,,,,,,,,,,,,,,,,,,,,1,,,,,,,,,,0,0,,,,,,,,,,,,
08584237231538481118117016280CU21,4876617b-2198-4d34-8548-850ce504e7c8,ERROR-FLOW,InvalidTemplate,Unable to process template language expressions in action 'Compose' inputs at line '0' and column '0': 'Attempt to divide an integral or decimal value by zero in function 'div'.'.,DATA_VALIDATION,Ticket Created,,,2026-05-04 08:35:31.804025,2026-05-07 14:14:28.354252,False,False,0,,,,2026-05-07 08:44:28.638000,,,,,,,,,,,,,,,,,,,,,,,,,,,1,,,,,,,,,,0,0,,,,,,,,,,,,
08584237231565117017327693925CU26,4876617b-2198-4d34-8548-850ce504e7c8,ERROR-FLOW,ActionFailed,An action failed. No dependent actions succeeded.,UNKNOWN_ERROR,Ticket Created,,,2026-05-04 08:35:29.592346,2026-05-07 14:14:00.045936,False,False,0,,,,2026-05-07 08:44:00.330000,,,,,,,,,,,,,,,,,,,,,,,,,,,1,,,,,,,,,,0,0,,,,,,,,,,,,
08584237231950635536819462583CU07,4876617b-2198-4d34-8548-850ce504e7c8,ERROR-FLOW,ActionFailed,An action failed. No dependent actions succeeded.,UNKNOWN_ERROR,Ticket Created,,,2026-05-04 08:34:51.129959,2026-05-07 14:13:58.071375,False,False,0,,,,2026-05-07 08:43:58.355000,,,,,,,,,,,,,,,,,,,,,,,,,,,1,,,,,,,,,,0,0,,,,,,,,,,,,
08584237232104691163848232361CU02,4876617b-2198-4d34-8548-850ce504e7c8,ERROR-FLOW,ActionFailed,An action failed. No dependent actions succeeded.,UNKNOWN_ERROR,Ticket Created,,,2026-05-04 08:34:35.833374,2026-05-07 14:14:19.943953,False,False,0,,,,2026-05-07 08:44:20.227000,,,,,,,,,,,,,,,,,,,,,,,,,,,1,,,,,,,,,,0,0,,,,,,,,,,,,
08584237232278690801748229185CU19,4876617b-2198-4d34-8548-850ce504e7c8,ERROR-FLOW,ActionFailed,An action failed. No dependent actions succeeded.,UNKNOWN_ERROR,Ticket Created,,,2026-05-04 08:34:17.870163,2026-05-07 14:13:50.949884,False,False,0,,,,2026-05-07 08:43:51.234000,,,,,,,,,,,,,,,,,,,,,,,,,,,1,,,,,,,,,,0,0,,,,,,,,,,,,
08584237232329157530441632329CU11,4876617b-2198-4d34-8548-850ce504e7c8,ERROR-FLOW,ActionFailed,An action failed. No dependent actions succeeded.,UNKNOWN_ERROR,Ticket Created,,,2026-05-04 08:34:13.028458,2026-05-07 14:13:56.684867,False,False,0,,,,2026-05-07 08:43:56.970000,,,,,,,,,,,,,,,,,,,,,,,,,,,1,,,,,,,,,,0,0,,,,,,,,,,,,
08584237232405475947278481959CU28,4876617b-2198-4d34-8548-850ce504e7c8,ERROR-FLOW,ActionFailed,An action failed. No dependent actions succeeded.,UNKNOWN_ERROR,Ticket Created,,,2026-05-04 08:34:05.418210,2026-05-07 14:13:57.522837,False,False,0,,,,2026-05-07 08:43:57.808000,,,,,,,,,,,,,,,,,,,,,,,,,,,1,,,,,,,,,,0,0,,,,,,,,,,,,
08584237232435968646675859155CU28,4876617b-2198-4d34-8548-850ce504e7c8,ERROR-FLOW,InvalidTemplate,Unable to process template language expressions in action 'Compose' inputs at line '0' and column '0': 'Attempt to divide an integral or decimal value by zero in function 'div'.'.,DATA_VALIDATION,Ticket Created,,,2026-05-04 08:34:02.223937,2026-05-07 14:14:08.426113,False,False,0,,,,2026-05-07 08:44:08.710000,,,,,,,,,,,,,,,,,,,,,,,,,,,1,,,,,,,,,,0,0,,,,,,,,,,,,
08584237232548666783837018975CU10,4876617b-2198-4d34-8548-850ce504e7c8,ERROR-FLOW,InvalidTemplate,Unable to process template language expressions in action 'Compose' inputs at line '0' and column '0': 'Attempt to divide an integral or decimal value by zero in function 'div'.'.,DATA_VALIDATION,Ticket Created,,,2026-05-04 08:33:51.525767,2026-05-07 14:14:14.601259,False,False,0,,,,2026-05-07 08:44:14.886000,,,,,,,,,,,,,,,,,,,,,,,,,,,1,,,,,,,,,,0,0,,,,,,,,,,,,
08584237232565774307646080270CU02,4876617b-2198-4d34-8548-850ce504e7c8,ERROR-FLOW,ActionFailed,An action failed. No dependent actions succeeded.,UNKNOWN_ERROR,Ticket Created,,,2026-05-04 08:33:49.142026,2026-05-07 14:14:15.169406,False,False,0,,,,2026-05-07 08:44:15.454000,,,,,,,,,,,,,,,,,,,,,,,,,,,1,,,,,,,,,,0,0,,,,,,,,,,,,
08584237232669065092198026944CU09,4876617b-2198-4d34-8548-850ce504e7c8,ERROR-FLOW,ActionFailed,An action failed. No dependent actions succeeded.,UNKNOWN_ERROR,Ticket Created,,,2026-05-04 08:33:39.662076,2026-05-07 14:14:25.193539,False,False,0,,,,2026-05-07 08:44:25.477000,,,,,,,,,,,,,,,,,,,,,,,,,,,1,,,,,,,,,,0,0,,,,,,,,,,,,
08584237232718094081710581430CU11,4876617b-2198-4d34-8548-850ce504e7c8,ERROR-FLOW,InvalidTemplate,Unable to process template language expressions in action 'Compose' inputs at line '0' and column '0': 'Attempt to divide an integral or decimal value by zero in function 'div'.'.,DATA_VALIDATION,Ticket Created,,,2026-05-04 08:33:33.854738,2026-05-07 14:14:27.497672,False,False,0,,,,2026-05-07 08:44:27.782000,,,,,,,,,,,,,,,,,,,,,,,,,,,1,,,,,,,,,,0,0,,,,,,,,,,,,
08584237232843330306560300854CU06,4876617b-2198-4d34-8548-850ce504e7c8,ERROR-FLOW,InvalidTemplate,Unable to process template language expressions in action 'Compose' inputs at line '0' and column '0': 'Attempt to divide an integral or decimal value by zero in function 'div'.'.,DATA_VALIDATION,Ticket Created,,,2026-05-04 08:33:21.279985,2026-05-07 14:13:56.961402,False,False,0,,,,2026-05-07 08:43:57.245000,,,,,,,,,,,,,,,,,,,,,,,,,,,1,,,,,,,,,,0,0,,,,,,,,,,,,
08584237232980802311368315040CU06,4876617b-2198-4d34-8548-850ce504e7c8,ERROR-FLOW,ActionFailed,An action failed. No dependent actions succeeded.,UNKNOWN_ERROR,Ticket Created,,,2026-05-04 08:33:07.570403,2026-05-07 14:14:16.238392,False,False,0,,,,2026-05-07 08:44:16.522000,,,,,,,,,,,,,,,,,,,,,,,,,,,1,,,,,,,,,,0,0,,,,,,,,,,,,
08584237233103603219922706789CU14,4876617b-2198-4d34-8548-850ce504e7c8,ERROR-FLOW,InvalidTemplate,Unable to process template language expressions in action 'Compose' inputs at line '0' and column '0': 'Attempt to divide an integral or decimal value by zero in function 'div'.'.,DATA_VALIDATION,Ticket Created,,,2026-05-04 08:32:55.824665,2026-05-07 14:14:10.333068,False,False,0,,,,2026-05-07 08:44:10.617000,,,,,,,,,,,,,,,,,,,,,,,,,,,1,,,,,,,,,,0,0,,,,,,,,,,,,
08584237233120065767230442834CU12,4876617b-2198-4d34-8548-850ce504e7c8,ERROR-FLOW,ActionFailed,An action failed. No dependent actions succeeded.,UNKNOWN_ERROR,Ticket Created,,,2026-05-04 08:32:54.087774,2026-05-07 14:14:29.504234,False,False,0,,,,2026-05-07 08:44:29.789000,,,,,,,,,,,,,,,,,,,,,,,,,,,1,,,,,,,,,,0,0,,,,,,,,,,,,
08584237233222306859173403348CU10,4876617b-2198-4d34-8548-850ce504e7c8,ERROR-FLOW,ActionFailed,An action failed. No dependent actions succeeded.,UNKNOWN_ERROR,Ticket Created,,,2026-05-04 08:32:43.820471,2026-05-07 14:13:49.300007,False,False,0,,,,2026-05-07 08:43:49.861000,,,,,,,,,,,,,,,,,,,,,,,,,,,1,,,,,,,,,,0,0,,,,,,,,,,,,
08584237233251951470666941686CU09,4876617b-2198-4d34-8548-850ce504e7c8,ERROR-FLOW,InvalidTemplate,Unable to process template language expressions in action 'Compose' inputs at line '0' and column '0': 'Attempt to divide an integral or decimal value by zero in function 'div'.'.,DATA_VALIDATION,Ticket Created,,,2026-05-04 08:32:40.445049,2026-05-07 14:13:52.313042,False,False,0,,,,2026-05-07 08:43:52.597000,,,,,,,,,,,,,,,,,,,,,,,,,,,1,,,,,,,,,,0,0,,,,,,,,,,,,
08584237233332650727992017329CU08,4876617b-2198-4d34-8548-850ce504e7c8,ERROR-FLOW,InvalidTemplate,Unable to process template language expressions in action 'Compose' inputs at line '0' and column '0': 'Attempt to divide an integral or decimal value by zero in function 'div'.'.,DATA_VALIDATION,Ticket Created,,,2026-05-04 08:32:32.608409,2026-05-07 14:14:04.979369,False,False,0,,,,2026-05-07 08:44:05.292000,,,,,,,,,,,,,,,,,,,,,,,,,,,1,,,,,,,,,,0,0,,,,,,,,,,,,
08584237233440718328244612508CU01,4876617b-2198-4d34-8548-850ce504e7c8,ERROR-FLOW,InvalidTemplate,Unable to process template language expressions in action 'Compose' inputs at line '0' and column '0': 'Attempt to divide an integral or decimal value by zero in function 'div'.'.,DATA_VALIDATION,Ticket Created,,,2026-05-04 08:32:21.878376,2026-05-07 14:14:22.685639,False,False,0,,,,2026-05-07 08:44:22.970000,,,,,,,,,,,,,,,,,,,,,,,,,,,1,,,,,,,,,,0,0,,,,,,,,,,,,
08584237233700853127024420603CU01,4876617b-2198-4d34-8548-850ce504e7c8,ERROR-FLOW,InvalidTemplate,Unable to process template language expressions in action 'Compose' inputs at line '0' and column '0': 'Attempt to divide an integral or decimal value by zero in function 'div'.'.,DATA_VALIDATION,Ticket Created,,,2026-05-04 08:31:55.674590,2026-05-07 14:10:30.081730,False,False,0,,,,2026-05-07 08:40:30.368000,,,,,,,,,,,,,,,,,,,,,,,,,,,1,,,,,,,,,,0,0,,,,,,,,,,,,
08584237233803386557718788411CU10,4876617b-2198-4d34-8548-850ce504e7c8,ERROR-FLOW,InvalidTemplate,Unable to process template language expressions in action 'Compose' inputs at line '0' and column '0': 'Attempt to divide an integral or decimal value by zero in function 'div'.'.,DATA_VALIDATION,Ticket Created,,,2026-05-04 08:31:45.744422,2026-05-07 14:10:30.632044,False,False,0,,,,2026-05-07 08:40:30.918000,,,,,,,,,,,,,,,,,,,,,,,,,,,1,,,,,,,,,,0,0,,,,,,,,,,,,
08584237234864773662312906704CU08,4876617b-2198-4d34-8548-850ce504e7c8,ERROR-FLOW,InvalidTemplate,Unable to process template language expressions in action 'Compose' inputs at line '0' and column '0': 'Attempt to divide an integral or decimal value by zero in function 'div'.'.,DATA_VALIDATION,Ticket Created,,,2026-05-04 08:29:59.932127,2026-05-07 14:10:28.142153,False,False,0,,,,2026-05-07 08:40:28.428000,,,,,,,,,,,,,,,,,,,,,,,,,,,1,,,,,,,,,,0,0,,,,,,,,,,,,
test-123,,,,,,,,,,,,,,,,,2026-05-13 11:00:17.866000,,,,,,,,,,,,,,,test root cause,,,,,,,,,,,,1,,,,,,,,,,0,0,,,,,,,,,,,,
